pmid,topic
33059366,-1
33031543,-1
32311047,0
32521006,-1
32626903,-1
32909035,-1
32761100,0
32935127,-1
31943019,-1
32929458,-1
32935131,-1
32918447,0
32651588,20
32548642,-1
32951036,65
32940694,-1
32159770,47
32208481,0
32186718,9
32324855,0
32692845,0
33059367,-1
31390003,31
32377676,10
31504605,31
32016394,40
31889178,38
33166397,20
32100012,-1
32016407,-1
32951031,9
32196092,-1
32692844,0
32470974,0
31592532,-1
32968785,64
32516374,0
32090265,-1
32548627,-1
33202020,33
32585698,2
32979046,52
32574353,2
32442263,0
31591641,31
32458963,0
32374376,60
32766692,-1
31633756,-1
33040151,7
32134447,10
32569358,0
32333757,0
33051682,0
32989458,9
32687152,0
32311036,0
32772089,20
32142114,-1
32337561,5
32337600,-1
32392280,-1
32417894,-1
32885818,-1
32181812,84
32866249,0
31889182,-1
32364237,1
33029642,55
32068839,-1
32827027,37
31951002,25
33029619,14
33202021,33
31750912,-1
31722414,-1
32618999,0
32282922,0
32348469,0
32940711,0
32683453,-1
32442266,0
32667985,0
32364235,19
32719838,55
31682253,67
32330258,-1
32232432,0
32835358,0
32357370,-1
32106284,-1
32940673,7
32343813,0
32940707,-1
32134444,-1
32568392,0
32090259,-1
32574362,-1
32267928,0
32302395,0
31841150,31
32594122,67
32940710,-1
32044989,-1
33043370,11
32620950,-1
32930712,-1
31913479,-1
31592524,-1
32589735,0
32421829,9
31605490,-1
32311034,0
32495830,0
31605488,-1
31925442,67
32984901,-1
31858114,21
32989446,-1
32940692,-1
32501484,0
31943009,19
32374378,6
32687151,0
32240303,0
31986197,-1
32364236,-1
32374406,0
32483590,-1
32521001,-1
31682262,2
31197355,31
33067630,-1
31743934,23
31670816,81
31697326,81
31617899,37
32968811,21
32150259,-1
31592533,44
32930711,7
33120431,-1
33067628,0
32364234,9
32442252,-1
32620945,42
32134456,-1
32364238,-1
32984890,0
31769835,-1
32049356,74
32472120,69
33301025,5
32142137,-1
32642750,-1
32181803,-1
33001156,0
31999316,81
32467973,11
32594179,2
32638010,-1
31592534,5
32337588,-1
32974638,37
32620948,-1
32679585,54
32719839,-1
32049282,-1
32761211,0
31592529,74
31633755,-1
32548638,85
32364233,20
32388549,-1
32330255,-1
32719880,35
32279080,-1
32274495,53
32483629,-1
32531066,0
32929494,6
32377679,46
33053157,73
33063114,34
31841146,28
32909034,-1
33040152,0
32585689,-1
32106285,-1
31651956,-1
32346726,-1
32417928,78
32620975,0
33029614,55
32719837,-1
32602884,0
31578546,2
32940705,0
31977041,11
33202019,2
31951005,23
32915206,-1
32449766,0
32845984,2
32357368,10
32447373,0
31135882,31
31592525,53
32374408,37
31794016,-1
33106874,-1
32055863,9
31626294,46
32548622,-1
31584645,41
32968800,-1
32719859,40
32548636,0
31816040,-1
32869093,38
32935124,85
31682267,28
33120430,5
32176802,9
32909033,-1
32626900,-1
32065628,18
32176801,9
33020847,9
31334805,31
32027357,5
31943012,31
32016375,40
33001154,0
32719840,55
31972023,49
32134449,-1
32918476,-1
31621847,0
31710668,1
32885823,7
32049329,19
31591640,-1
31722396,37
32027359,-1
31794030,-1
32989459,44
32910823,-1
32483587,-1
32333753,0
33225361,9
33325524,0
34549294,33
34415311,0
33792724,1
33094346,1
33871018,40
34343285,0
34180522,55
34338763,60
34338786,-1
33484128,-1
33537772,42
34423364,2
33657217,-1
34350942,-1
34142142,10
33355350,21
33120411,5
34613399,33
33570148,-1
33404595,-1
32805004,0
34664640,87
33236109,66
33463685,23
34791265,67
34569603,-1
34279636,-1
34313750,67
33749793,-1
33576379,-1
33585936,40
34313748,-1
34086902,2
34534312,-1
34338781,67
33706378,4
34963144,9
33677589,-1
34151986,63
33479727,0
34022045,0
33164065,54
33367620,44
33566093,-1
34383925,-1
33150354,24
34329435,9
34279657,46
34623426,0
33325533,0
33463681,-1
32866264,0
34010385,-1
33582820,-1
33221852,46
33325504,5
33712828,-1
33355360,40
33496786,-1
34383912,-1
33043366,7
33211862,-1
34608931,37
34338801,-1
34664664,5
33306790,67
34695190,34
34363654,2
32894772,0
34498059,0
33185672,0
34180527,-1
33587750,-1
34665246,41
33186458,34
33659993,-1
33325514,21
33295626,0
33575787,-1
34009343,-1
34151988,-1
34333623,34
33029643,40
34270710,-1
33165614,0
33566082,0
34472601,80
34100950,-1
33367670,2
33325532,-1
34613400,-1
34963141,-1
33313899,-1
34537851,4
33338231,-1
33484123,-1
33120424,84
33313867,-1
33576377,0
33247720,0
33954750,67
33215194,24
34198342,20
33712854,-1
34022053,0
33164076,0
33576432,-1
34100949,35
33340404,2
33125032,0
34524450,14
34472597,-1
33448306,-1
34498082,-1
34390582,0
33260204,-1
34151967,9
34100952,-1
34313774,0
34261133,0
33355351,55
33063087,47
34179983,-1
33150369,69
34480569,0
33497439,-1
33175154,-1
33180917,10
34725693,2
34664647,10
33997903,-1
34313749,-1
33674865,2
34459475,0
34741507,3
34963145,-1
33027509,0
33690794,0
34741510,-1
33993254,0
32805036,0
33316057,-1
33484133,0
34279631,-1
34151965,-1
33893511,-1
33410891,-1
34142141,2
34963143,10
34643710,-1
34672323,0
33987667,-1
33186438,5
33180897,-1
34741513,15
33674830,0
34339500,10
33713139,0
33550392,40
33367831,-1
34279660,35
34791297,-1
34741512,-1
34387686,5
33164082,-1
33496785,-1
33319904,69
34363677,60
33596593,9
33871017,16
34486675,35
33895827,0
34651187,12
34389848,60
33164105,-1
33150404,-1
33367815,40
34010406,63
33712850,74
34613393,-1
34498063,-1
33355353,-1
34586386,-1
34333606,5
34791282,-1
33164063,0
33713131,0
33120412,46
33712836,64
33880557,63
33260202,-1
33677514,28
34613371,35
33895824,2
34648005,0
33260207,0
33594412,37
33249472,4
34637521,-1
33367705,14
34270701,31
34486044,-1
33594415,-1
34505903,-1
34529084,7
33712848,-1
33899105,47
34569593,-1
34333626,20
33164054,0
33164058,46
34695193,-1
33956971,-1
33150942,31
34157112,-1
33150394,-1
34151980,-1
33930132,41
32827030,-1
33164077,0
34472609,12
33682004,-1
33895839,0
33166379,-1
33537756,-1
33835183,46
33463691,-1
34536285,-1
33164061,-1
33647989,-1
33120418,-1
34010425,-1
33120413,31
34569596,35
34472611,-1
33871016,40
33993310,0
33880534,40
33216120,0
33355359,55
33197268,0
33125051,0
33260201,0
33956981,0
34010404,-1
33517402,0
32986795,0
34401908,-1
34613410,85
35380666,-1
34918098,-1
35311903,-1
34962283,37
35438796,-1
36040190,81
35652167,5
35167689,-1
35139533,37
35864720,-1
35396996,2
34957491,-1
36514931,-1
35396995,85
35477787,0
36036367,-1
35751571,-1
35022741,20
35472083,-1
34725682,85
34405866,-1
35897157,4
35652165,-1
35713633,-1
34871412,74
35263437,5
36029243,0
35595301,-1
35641135,-1
35015861,-1
34590684,0
34897469,23
35171985,54
36164820,-1
35290460,-1
36194118,-1
35932187,-1
35594902,-1
35271724,-1
35301538,-1
34383916,-1
35869954,23
36173361,-1
34405856,-1
35146510,-1
36217862,-1
34888680,0
36102131,-1
35985279,30
34472616,85
36063414,-1
36206130,0
36287916,-1
36264258,5
36083212,-1
34897466,62
35396991,-1
35137107,0
36228116,5
35686364,-1
35799373,20
35333345,13
35475536,-1
36069887,33
35190834,57
35226056,67
34559880,-1
35822556,2
35822406,-1
34569604,85
35020882,0
35024858,9
35417018,-1
36323268,9
34850911,-1
36048014,-1
35773963,9
35997550,-1
36130409,0
34990507,-1
35582891,10
35652172,74
36259967,-1
35700121,4
36040207,5
36305781,-1
35289371,34
36240449,46
34918101,-1
35271723,47
35579334,-1
35552418,-1
35435957,-1
35920306,1
34871423,64
35289368,-1
35639494,-1
35773948,-1
35485600,-1
35713521,-1
36166717,80
35190824,2
35699571,-1
36036358,-1
35187571,0
35289912,0
35976140,77
35582885,16
35595298,-1
35348718,-1
36217861,-1
35543600,9
35713640,-1
36227072,56
35927974,44
34850917,54
35985294,-1
34664656,-1
35092276,21
35568993,-1
36214629,42
36228127,2
36173371,-1
35822400,-1
34915552,-1
36169596,-1
34897458,-1
36228120,44
34850002,35
35818288,25
35876830,-1
35441692,0
34850890,62
35357487,0
36228125,35
36047844,0
35799370,37
35595237,0
36288464,85
35666140,0
35641123,2
35289369,-1
35848784,69
34643701,6
35689649,84
34919694,-1
34864995,-1
35211742,-1
35579328,-1
34741511,30
35994003,-1
35689652,77
35751441,2
35426943,-1
34849972,67
35904765,0
36474431,-1
35022756,-1
35182148,-1
35196368,0
36018725,-1
35380677,-1
36303456,21
34927681,4
34927692,-1
35303086,9
35869952,6
35048976,-1
36048021,2
35818299,5
35024857,-1
34741505,28
35187569,-1
34871428,34
35575780,5
34897493,47
34966930,-1
35927964,-1
35024859,-1
35511151,0
35678579,0
36269091,-1
34741516,56
35165743,-1
36228119,-1
35511233,29
34849976,-1
35022765,-1
36257635,-1
36094062,-1
36164826,-1
34605910,85
35960171,-1
35595236,0
35799406,36
35923088,69
34849986,-1
35641136,35
36264269,-1
35864736,0
34151976,2
36308771,-1
35869951,6
36149257,6
35751440,21
36287639,18
35092685,0
35927972,-1
35640013,-1
34964467,-1
35224632,-1
35182149,0
35831954,-1
35357470,-1
35534996,5
36269168,0
35641139,2
36040195,1
36314391,-1
36164822,74
36287823,-1
36219786,-1
36250788,2
36382380,-1
35348688,-1
34897460,0
35877074,-1
34613409,-1
35020887,-1
35923089,32
34939117,-1
35775946,0
35190832,52
36018731,5
35137149,0
35045179,-1
36173351,-1
36125018,5
35244165,5
35196369,-1
35289370,-1
36173364,-1
36099154,-1
35442438,74
35640010,20
34613388,-1
34559221,-1
35818340,35
35167675,-1
38134400,9
37952118,56
37949101,52
37934728,0
37903375,-1
37885303,-1
37875066,5
37847669,1
37847668,37
37847666,2
37847664,-1
37847653,31
37846192,74
37846147,39
37812784,16
37812771,-1
37769328,62
37769323,-1
37759342,13
37757460,-1
37748456,2
37740937,20
37725927,-1
37669138,-1
37647884,23
37604111,-1
37975257,-1
37812769,-1
37757459,9
37682264,20
37682250,9
37682247,35
37672004,8
37669158,-1
37659105,2
37659103,1
37654094,-1
37647865,5
37643734,-1
37639629,42
37639624,-1
37639620,-1
37632234,-1
37615994,-1
37595575,28
37587084,-1
37573135,-1
37572310,0
37555837,69
37550244,-1
37550242,0
37535812,-1
37528056,-1
37855452,-1
37855451,75
37558235,-1
37553233,75
37528051,-1
37507147,75
37494964,33
37494963,33
37428893,35
37352394,47
37339524,-1
37335871,10
37328444,33
37308323,75
37257882,75
37221701,33
37187156,-1
37756706,-1
37561535,2
37561427,9
37535834,-1
37535817,5
37500598,9
37487555,-1
37478477,-1
37475168,40
37468440,20
37463858,6
37451682,-1
37436709,0
37433582,-1
37433577,-1
37428897,-1
37414548,85
37414539,73
37407272,-1
37403330,-1
37403329,-1
37390812,-1
37386768,9
37381076,-1
37593902,5
37414544,5
37369008,7
37369006,-1
37364025,0
37364017,54
37352404,5
37344150,9
37335851,15
37330672,18
37316988,14
37311708,-1
37301740,33
37279884,2
37257883,-1
37208863,2
37466054,33
37203429,7
37178155,69
37130345,33
37100768,33
37080559,33
37040620,33
37011635,33
37002953,33
36944091,33
36795066,33
37337923,2
37337922,7
37252836,6
37218289,0
37203425,49
37192819,-1
37187160,-1
37187158,2
37172264,23
37164621,37
37130346,-1
37087108,48
37080563,-1
37071932,0
37071804,2
37053380,-1
37205729,9
37087111,-1
37087110,-1
37080557,35
37053378,-1
37043759,-1
37043748,62
37036945,1
37029922,33
37029919,-1
37027837,18
37027831,29
37011637,41
36972263,5
36970849,-1
36943291,85
36940186,-1
36928508,-1
36921288,-1
36921287,85
36916740,19
37146228,9
37141581,34
37073766,-1
37011638,47
36931260,73
36917089,9
36905605,22
36905604,-1
36888891,-1
36888889,-1
36882092,19
36869772,34
36857086,-1
36847736,0
36826400,65
36826399,-1
36821435,0
36809561,2
36809550,73
36806929,-1
36805926,-1
36805706,-1
36795076,38
36795074,-1
36795062,-1
36794643,-1
36779911,-1
36752649,54
36718575,46
36924133,9
36869748,9
36810659,-1
36749093,-1
36718091,-1
36707998,4
36692204,-1
36688534,35
36688526,69
36645248,0
36575995,0
36565464,0
36534893,0
36458941,-1
36264262,0
36259962,-1
36040186,-1
35866622,0
36794710,9
36565465,2
36562638,-1
36548217,35
36548211,43
36545752,33
36545751,9
36539234,-1
36519951,-1
36512578,5
36508503,-1
36495570,6
36495567,-1
36484621,60
36478460,-1
36478240,79
36474423,37
36469808,-1
36469807,-1
36458955,2
36451277,37
36451272,-1
36451264,19
36651578,-1
36469791,37
36451266,-1
36451262,28
36451257,-1
36416419,-1
36413056,7
36409991,0
36394232,0
36377977,-1
36377970,65
36374227,-1
36350567,-1
36343113,-1
36343096,-1
36323282,47
36308445,0
36259975,-1
36255273,0
36083213,37
36069977,37
36005898,0
37263622,81
39078283,81
37964658,29
39052991,-1
38700253,-1
38078843,20
38447587,-1
38587875,-1
39348281,4
38164994,-1
38722233,-1
39254529,85
38457282,34
38244995,-1
39167120,0
38427845,-1
38626184,6
38308819,85
39081222,-1
38422379,2
38990654,30
38123497,54
39026503,-1
38069455,65
38263490,-1
38300790,9
38412331,-1
38109889,15
38767890,5
38613821,3
39259920,-1
38934288,-1
38349850,18
38630580,3
38302616,-1
38531676,11
38741288,-1
39093943,-1
38193340,7
38767857,-1
38905012,-1
38244997,-1
38879443,2
38679906,38
38422367,3
37615971,58
38926131,7
38934289,3
39259934,73
38796834,62
39259922,2
38641416,3
38558013,-1
37812770,7
38031481,2
38078841,-1
37218375,81
38718216,0
38679900,15
38238784,81
38661564,-1
37990631,-1
38778578,-1
38452298,48
39269931,73
39043402,73
39121174,3
39150868,21
38960731,3
37341698,64
39047296,33
37952206,-1
38758661,-1
38900193,-1
38900207,3
38366906,-1
38146986,-1
38287655,3
39001795,6
38128118,37
38578616,15
38934643,-1
39018490,11
37964688,-1
38726710,19
38771093,3
38833256,-1
38070173,2
39003519,16
39088568,81
38894629,73
38630586,75
39208311,3
39042519,-1
38447593,35
38366879,-1
38070172,38
38516861,-1
38237123,-1
39225779,-1
38456459,-1
39158361,-1
37437899,81
38216127,33
38796836,81
37860921,-1
38900185,3
38099504,2
38412328,7
38894620,-1
39271171,-1
38981117,73
38269644,3
38281124,-1
39127052,37
38917428,28
39225790,1
39093939,77
39401251,33
38128123,42
38281112,3
38733114,73
38447590,-1
39172387,73
39135439,73
38345343,84
39208319,-1
38768444,3
38598532,-1
38781289,5
38041473,37
38981110,-1
38472144,-1
38907738,-1
38497957,27
38684792,3
38657567,3
38787964,3
39008829,15
38531679,9
38452293,18
38427850,-1
37352392,39
38917426,73
39078280,73
39018498,3
38641330,2
39074173,15
38905016,47
38758666,-1
39311859,-1
38899386,54
38917441,3
38573195,69
37330670,77
39047294,19
38471120,14
38065694,-1
38917444,3
39135444,0
38412333,3
37475179,-1
38777805,14
38781312,3
39110920,-1
38857454,-1
37847667,11
39083847,-1
38497958,3
39178361,-1
37847651,-1
38904366,81
39058572,38
39301656,29
38218723,-1
38031453,1
39058629,-1
38349846,-1
39657748,73
38960730,15
38719204,-1
38733117,37
39325508,2
38269618,32
37986619,31
39348270,49
38569176,4
38273739,3
39001791,-1
38833265,3
38481027,3
39190874,73
38742457,-1
38037171,-1
38622899,54
39042516,3
39038795,3
37665746,15
38520723,2
38400744,54
38400737,-1
38383050,78
38037121,2
38092686,69
37279890,-1
38917427,-1
39018499,-1
38134953,-1
39429003,-1
38796835,0
38758655,15
39231067,72
38860534,0
39302103,5
38812088,3
38134954,53
38341800,2
38287641,28
38641410,5
37354553,81
38055635,4
38748991,37
39180335,2
38916911,55
38758667,15
38511501,3
38867279,-1
38976592,-1
39181122,-1
38324738,4
38164964,-1
38563821,-1
39301630,19
38713006,18
38531675,25
38452289,48
38520725,14
39441983,73
39013194,-1
38899502,-1
39043412,-1
39081233,14
38916922,-1
39028970,3
37468448,81
38269642,-1
38613820,3
38960729,-1
38441296,3
39178375,-1
41289523,-1
41082356,35
41071911,31
41069048,44
41069025,3
41060255,-1
41032388,35
41032045,-1
41032036,-1
40990064,18
40985463,2
40985459,-1
40977378,3
40977375,41
40977370,-1
40973169,29
40973098,-1
41252586,74
41252585,2
41252584,74
41093301,2
41051963,15
41003645,84
40999782,2
40971613,2
40971609,-1
40966762,3
40966445,69
40901703,1
40901701,0
40886713,-1
40886699,3
40848279,-1
40814956,33
40981527,34
40981526,61
40966468,35
40901706,-1
40857647,-1
40853269,5
40760905,-1
40737353,60
40720634,2
40720632,33
40705952,2
40694817,23
40694809,23
40680297,56
40668938,-1
40827309,2
40700686,-1
40694804,-1
40680299,3
40680294,-1
40680291,-1
40668943,-1
40657875,-1
40657868,-1
40646683,0
40644430,2
40581801,-1
40576211,-1
40686006,9
40577098,-1
40576265,73
40574698,-1
40574695,3
40523007,-1
40517328,2
40517323,2
40498469,-1
40471670,4
40434406,-1
40434395,-1
40418276,1
40411747,11
40353809,11
40343483,-1
40207992,-1
40538337,9
40538336,-1
40498468,-1
40493528,11
40478440,-1
40471674,-1
40460029,-1
40460023,44
40460022,3
40407342,64
40378254,56
40359576,-1
40334045,3
40332956,-1
40323320,48
40298901,-1
40290063,18
40390622,3
40332983,3
40323321,3
40298903,-1
40261908,-1
40233206,-1
40220286,3
40213867,73
40190132,3
40156924,37
40152140,-1
40152137,-1
40073168,2
39950243,-1
40260457,2
40127468,23
40119675,3
40116928,74
40116912,84
40112189,-1
40112188,39
40105654,3
40085013,33
40085006,33
40079834,-1
40079825,-1
40079820,-1
40073213,-1
40063704,2
40056436,3
40056434,-1
40048688,73
40037789,1
40036986,-1
40036944,2
40036551,-1
39998911,3
39960735,-1
39946172,-1
39936843,4
40245432,3
40220287,-1
40063081,3
40036547,3
39998912,-1
39969950,-1
39936849,9
39903169,-1
39903167,5
39883541,-1
39883531,74
39873685,21
39873672,34
39873664,-1
39864407,-1
39836495,3
39812777,3
39798155,-1
39963970,-1
39963969,2
39836496,3
39832294,33
39823371,14
39820364,81
39812778,-1
39798153,-1
39798152,58
39789670,54
39786898,55
39786555,3
39775871,2
39749875,-1
39731515,29
39724913,-1
39723811,7
39715481,-1
39688734,-1
39688513,-1
39665424,-1
39836895,2
39724921,20
39724920,-1
39707579,3
39703187,3
39688515,84
39673507,-1
39671451,-1
39667364,-1
39658328,2
39657218,2
39657021,84
39656836,3
39602813,-1
39584477,48
39579089,0
39569464,2
39569448,19
39569431,-1
39560363,58
39680466,2
39579365,-1
39545362,-1
39545358,73
39538369,-1
39535891,2
39530748,62
39530740,-1
39520712,6
39520711,-1
39514649,-1
39504476,32
39504475,-1
39504474,74
39499794,15
39499793,2
39471493,65
39455061,42
39423850,33
39413440,-1
39413438,62
39401254,74
39401253,-1
39401245,-1
39396184,3
39394736,-1
39394724,-1
39340474,0
39325492,-1
39259924,46
39172649,10
39158353,64
38946554,-1
33099616,37
34389867,-1
33779728,62
34179991,9
34100942,-1
34260720,-1
34198329,-1
33313792,1
34597383,54
33260212,-1
34406413,53
33175157,5
33164100,-1
33822095,-1
33713140,0
34279653,-1
33367819,20
34117493,-1
33404593,-1
33166384,40
33787894,60
34725689,-1
33217543,50
33197613,-1
33188907,13
33186707,0
33157313,-1
33153975,31
33137470,22
33132138,14
33127447,-1
33122119,14
33098987,55
33096244,13
33091572,-1
33080397,-1
33059047,-1
33035705,-1
33035704,82
33069887,2
33065264,0
33049416,53
33039589,39
33039588,-1
33031938,-1
33011296,39
33011295,-1
33010427,14
33010426,-1
33010425,55
33010424,7
33007449,12
32992022,10
32980530,-1
32976990,-1
32961308,13
32961306,6
32971274,55
32961309,-1
32961307,11
32949781,-1
32943350,67
32942027,-1
32937215,-1
32931923,-1
32927058,-1
32919043,1
32916305,-1
32916304,13
32911081,36
32891762,-1
32890727,31
32882394,1
32871286,-1
32866626,-1
32860883,12
32858168,-1
32858167,-1
32853795,-1
32818667,7
32818665,-1
32814201,35
32795506,-1
32882395,82
32818666,-1
32814200,23
32791237,13
32783923,-1
32783922,-1
32781030,-1
32777484,1
32771540,7
32771539,14
32768446,-1
32758538,1
32745621,19
32736125,59
32721582,7
32717327,-1
32712157,-1
32712156,27
32711124,6
32702521,-1
32687985,14
32687984,-1
32682828,13
32673791,14
32673790,-1
32673789,-1
32673788,-1
32653620,-1
32652236,-1
32645382,-1
32640292,1
32629340,67
32629044,-1
32622833,-1
32621884,-1
32621883,0
32619692,44
32615159,12
32603793,-1
32593693,-1
32592755,-1
32585313,30
32574794,-1
32562898,-1
32561444,2
32512210,-1
32562899,7
32562897,59
32562896,6
32562895,11
32562894,25
32561445,29
32535270,13
32526280,58
32525020,13
32512209,-1
32504669,2
32497685,-1
32470695,30
32470694,56
32454242,21
32450299,-1
32445856,81
32439479,55
32428572,-1
32407878,34
32387393,33
32380180,-1
32360937,-1
32353595,14
32348850,21
32454243,31
32445857,34
32417444,5
32380179,87
32371232,1
32360988,14
32360987,31
32360265,2
32339749,-1
32339748,22
32339747,7
32335226,42
32335225,31
32335223,31
32335224,-1
32304869,18
32298847,14
32298846,-1
32278089,-1
32275956,-1
32234546,6
32173502,44
32169670,-1
32156641,78
32151769,-1
32147441,55
32113005,68
32113004,-1
32113003,7
32109551,14
32087296,-1
31866434,27
32087568,67
32068034,50
32044417,-1
32032717,14
32028051,14
32004641,14
32001390,-1
32001389,82
32001388,7
31972288,13
31935462,11
31935461,-1
31931168,74
31917253,-1
31911172,18
31911171,0
31904428,7
31901507,79
31901506,-1
31893527,-1
31891765,7
31870949,-1
31866433,18
31857203,-1
31857202,50
31838210,-1
31837473,14
31622802,15
34417011,-1
34417010,1
34417009,-1
34417008,-1
34417007,-1
34417006,59
34417005,-1
34417004,-1
31916973,7
31864851,67
31838211,-1
31821887,-1
31816401,38
31816400,87
31756495,-1
31747623,-1
31733329,-1
31726102,-1
31711972,55
31627022,-1
34800722,0
34798158,59
34781009,35
34752858,1
34737093,0
34728379,7
34695581,-1
34687867,-1
34699990,27
34670175,-1
34666185,22
34628064,-1
34628063,-1
34628062,7
34628061,62
34624552,-1
34607012,-1
34601140,0
34600144,-1
34563692,5
34560275,0
34551887,67
34487887,31
34474187,12
34450286,-1
34534697,13
34509637,-1
34506960,-1
34487888,11
34481921,13
34481058,14
34481057,12
34481056,0
34474189,0
34474188,33
34455090,-1
34454080,0
34454079,-1
34454078,-1
34450285,35
34438071,13
34411709,1
34411708,-1
34411707,14
34407487,0
34390853,-1
34329789,-1
34325021,-1
34325020,-1
34302957,54
34298157,-1
34298156,-1
34298155,35
34245913,0
34229062,0
34229061,6
34298154,13
34284119,-1
34284118,-1
34271172,-1
34265451,83
34237438,13
34224898,0
34216803,1
34214696,-1
34192573,0
34182148,1
34174396,33
34171485,0
34153433,9
34153432,0
34146717,59
34139331,7
34119692,14
34119690,7
34161824,54
34146718,-1
34139330,10
34120842,67
34119691,12
34116253,14
34111555,31
34087428,-1
34052441,0
34048933,41
34044157,-1
34044156,54
34044155,-1
34029749,52
34022422,-1
34022421,1
34022420,0
34020026,-1
33965640,0
34015540,87
33965641,0
33965639,6
33965638,14
33965637,0
33965636,0
33933654,0
33933653,6
33932596,-1
33930535,35
33915273,-1
33915272,0
33901696,0
33895377,0
33887457,-1
33887456,-1
33872817,-1
33862232,-1
33862230,-1
33862229,-1
33857641,-1
33839306,-1
33839304,-1
33862231,0
33839305,21
33839303,-1
33838341,0
33831537,-1
33831536,0
33831535,13
33826949,1
33813032,-1
33813031,74
33813030,-1
33811986,-1
33811985,-1
33798717,0
33798716,-1
33798715,0
33781921,-1
33781920,7
33781919,35
33781918,0
33775815,0
33774204,7
33774203,0
33774202,0
33771732,0
33766781,-1
33766780,-1
33766779,-1
33753269,55
33753268,0
33746080,37
33737208,-1
33737206,-1
33737205,55
33722730,7
33716168,7
33713854,-1
33711547,0
33711544,23
33711540,42
33711538,-1
33617985,7
33610882,-1
33737207,14
33711546,41
33711545,-1
33711543,79
33711542,7
33711541,7
33711539,0
33705856,0
33647519,14
33647518,-1
33640536,-1
33631382,70
33631381,-1
33610881,7
33610880,-1
33610879,-1
33610878,0
33609761,-1
33601013,13
33582296,-1
33549658,-1
33640535,2
33581323,13
33571677,0
33571676,31
33571675,0
33548543,18
33548542,7
33548541,0
33545332,1
33545331,13
33540076,-1
33540075,-1
33497811,2
33493631,-1
33486067,0
33486066,0
33484938,-1
33387683,7
33359110,-1
33217541,-1
33450387,-1
33422663,-1
33378704,59
33359548,-1
33359111,-1
33352331,12
33326867,13
33285308,-1
33359113,-1
33359112,7
33341543,67
33338667,18
33333323,-1
33321199,0
33316422,-1
33316421,-1
33309994,1
33309993,-1
33309899,0
33309898,2
33307213,-1
33290879,7
33290878,33
33279681,7
33276113,-1
33276112,11
33271342,13
33271341,1
33271340,-1
33259944,-1
33259943,-1
33253896,-1
33232839,-1
33221467,7
33220494,-1
33217542,13
36417986,35
36400329,14
36375772,33
36372346,-1
36368631,59
36309196,50
36307020,79
36283580,0
36280089,1
36307021,-1
36283582,-1
36283581,-1
36257483,-1
36257482,64
36244612,12
36243337,7
36229001,-1
36220544,-1
36216232,-1
36208833,21
36195240,-1
36191830,-1
36184069,31
36182054,7
36162805,29
36064114,31
35995107,37
36152950,55
36150641,7
36122879,-1
36113758,82
36108816,7
36100164,-1
36100163,7
36089199,56
36089198,55
36084801,-1
36075484,33
36064113,-1
36064112,-1
36064111,37
36058522,37
36055639,-1
36055638,-1
36055637,13
36038067,-1
36038066,-1
36038065,7
36038064,7
36038063,-1
36031086,-1
36029954,56
36007785,-1
35987449,-1
35872264,42
35998815,1
35998814,-1
35998813,2
35995108,79
35995106,63
35985622,69
35985621,-1
35985620,-1
35908625,-1
35878824,0
35878823,14
35878822,-1
35878821,-1
35872266,-1
35872265,-1
35850379,55
35842217,14
35840061,12
35840060,-1
35835439,16
35835438,0
35835437,-1
35820597,-1
35811026,3
35811025,14
35781036,16
35753606,12
35750261,1
35717011,-1
35700914,55
35690350,42
35688332,-1
35660521,37
35714819,7
35709900,-1
35690351,25
35690349,55
35690348,-1
35688333,22
35680074,0
35680073,1
35671939,7
35661818,55
35660522,6
35643273,-1
35643272,-1
35636720,12
35598881,1
35550929,-1
35537690,13
35533991,7
35533990,14
35525401,82
35525400,82
35508272,4
35504544,82
35504543,0
35490964,27
35490963,21
35489596,0
35489595,-1
35472514,-1
35470079,5
35452866,-1
35427797,14
35413440,14
35346854,79
35436594,-1
35429677,-1
35421602,-1
35390541,12
35367654,22
35367653,82
35351638,37
35346855,-1
35339665,13
35337944,82
35337943,13
35331966,0
35318149,-1
35318148,13
35181495,0
35101638,-1
35301142,-1
35283266,13
35259544,55
35257868,-1
35248796,82
35248795,-1
35245700,1
35231649,-1
35219883,25
35217186,14
35202844,0
35202843,-1
35183765,-1
35182785,-1
35181494,13
35167976,1
35143999,12
35196579,-1
35189334,54
35183766,6
35181493,-1
35176451,7
35167978,-1
35167977,-1
35158071,5
35151869,-1
35144001,7
35144000,0
35134568,40
35124236,-1
35104644,-1
35104643,1
35104642,0
35104641,82
35085813,-1
35085812,2
35077901,56
35077900,82
35041981,-1
35007754,33
35063668,6
35051618,-1
35026414,0
35007753,-1
35007752,18
34995810,13
34990838,-1
34974190,3
34974189,7
34968737,82
34920128,55
34906736,76
34864210,-1
34954110,82
34922021,6
34920127,-1
34920126,44
34920125,-1
34906737,-1
34902551,-1
34879250,-1
34875387,31
34875386,-1
34871807,31
34848329,14
34839017,13
34826628,-1
34823030,-1
34793972,-1
34785382,0
38048895,22
38012982,-1
38000767,7
38000766,54
37995844,13
37995843,-1
37984548,-1
37984547,37
37984546,-1
37981107,2
37956729,0
37926392,6
37918623,3
37918622,35
37926393,11
37884177,2
37866640,22
37858853,13
37858852,12
37852347,14
37852346,-1
37844677,-1
37838290,14
37838289,-1
37838288,25
37827477,-1
37827476,-1
37813326,-1
37813325,-1
37797704,13
37778673,13
37778672,85
37777164,55
37774908,56
37769829,2
37748541,5
37769828,-1
37742782,21
37742781,0
37722446,-1
37722445,3
37714418,55
37704104,-1
37699466,16
37678485,16
37673376,14
37660960,42
37659698,-1
37657713,2
37657712,-1
37652343,-1
36283583,0
37648101,36
37634557,13
37625508,-1
37604272,18
37598737,-1
37595770,32
37572825,12
37549722,-1
37541407,31
37541406,6
37536643,79
37532000,-1
37531999,14
37517509,-1
37516375,6
37482171,14
37481052,12
37488025,-1
37488024,13
37488023,-1
37467836,-1
37467835,14
37467834,-1
37455008,41
37451495,44
37451494,-1
37442314,56
37437682,-1
37429512,6
37429511,7
37419375,0
37414368,7
37394024,36
37391115,-1
37385327,3
37380061,7
37356640,31
37355025,2
37352900,1
37352899,-1
37331495,7
37321443,31
37315831,13
37301528,-1
37182592,6
37385326,14
37352901,-1
37339714,-1
37328098,7
37315832,-1
37315830,0
37308034,7
37295630,-1
37290540,-1
37276949,14
37276948,2
37271308,13
37270143,-1
37268168,44
37257630,13
37245656,5
37230406,-1
37230405,-1
37225066,-1
37217028,-1
37211197,-1
37211196,31
37211195,79
37211194,3
37209975,18
37196988,31
37146741,-1
37209976,-1
37201618,5
37196989,-1
37187321,2
37178781,0
37178780,0
37172634,1
37169058,-1
37164244,-1
37156393,0
37149275,16
37149274,-1
37141977,-1
37120047,-1
37120046,18
37105510,37
37105509,-1
37100106,31
37088456,-1
37086959,7
37086958,-1
37061012,-1
36935011,56
37062419,78
37061014,-1
37061013,0
37054961,-1
37054960,-1
37044134,-1
37031755,-1
37030658,31
37023846,-1
37023845,2
37023844,-1
37023843,42
37023842,-1
37015304,-1
36963450,-1
36958462,-1
36958461,-1
36940896,82
36940895,7
36935013,-1
36935012,34
36933632,12
36933631,37
36924843,6
36893995,-1
36870586,56
36870585,6
36842490,-1
36804374,14
36813154,79
36806328,-1
36806327,-1
36796599,7
36791900,65
36791899,7
36781036,-1
36781035,14
36773821,-1
36754129,31
36746345,12
36738871,35
36738870,0
36738869,13
36736937,-1
36736449,-1
36736448,55
36736447,1
36736446,-1
36731730,7
36720332,22
36716983,7
36682389,-1
36621750,-1
36356933,-1
36309197,31
36706849,-1
36706848,69
36641030,7
36638935,1
36632861,63
36632860,-1
36632859,-1
36623781,-1
36623780,69
36610608,14
36586499,-1
36586498,11
36572279,21
36566954,-1
36563828,-1
36539106,2
36535604,-1
36529347,7
36528329,-1
36516944,-1
36513332,-1
36509416,6
36494060,-1
36494059,1
36464228,14
36464227,31
36462600,-1
36462599,-1
36462598,-1
36455806,7
36403757,7
36402277,-1
36400330,-1
39631488,-1
39622399,14
39603550,-1
39603549,-1
39571772,-1
39557209,-1
39537000,7
39536999,31
39536998,-1
39489457,17
39510367,-1
39510366,-1
39490610,14
39486471,-1
39476994,7
39454703,13
39426695,14
39395708,13
39393477,-1
39389283,-1
39368529,14
39368528,14
39357664,-1
39326691,-1
39307515,1
39306314,13
39299565,54
39293643,-1
39277154,3
39265816,-1
39265815,-1
39187169,2
39244181,1
39233209,-1
39214159,-1
39209087,14
39209086,-1
39197732,14
39197731,16
39187170,-1
39182632,6
39182631,42
39159864,13
39153563,62
39142598,3
39134233,37
39127228,-1
39121932,3
39084480,15
39079607,-1
39047932,-1
39033866,6
39029770,17
39019302,80
39019301,2
39009174,38
39004110,37
39004109,7
38986921,-1
38925280,27
38880237,-1
39002866,-1
38977257,-1
38960273,-1
38944260,56
38936566,-1
38936565,-1
38925281,-1
38914411,29
38880236,44
38880235,-1
38876453,-1
38876452,-1
38876451,14
38871012,14
38862083,24
38857738,12
38857737,-1
38852777,7
38851413,-1
38848885,-1
38838949,33
38848886,-1
38806105,56
38788889,-1
38782170,-1
38782169,14
38777085,56
38772443,63
38754531,-1
38740316,2
38734158,2
38718897,29
38703936,15
38701887,37
38697494,-1
38692465,-1
38692464,18
38677633,2
38642627,7
38631462,13
38561170,-1
38636701,-1
38631461,-1
38621641,33
38621640,16
38608915,48
38583580,31
38548007,3
38552994,-1
38548008,-1
38548006,2
38521180,18
38479675,13
38467324,14
38458578,42
38447600,31
38432534,79
38423266,23
38462064,15
38452862,2
38431151,79
38423267,13
38423265,2
38395099,-1
38360080,-1
38346530,-1
38331081,31
38325698,-1
38307358,0
38086443,13
38331082,-1
38301750,78
38278312,69
38272433,14
38272432,13
38253228,6
38244958,-1
38244957,55
38244956,-1
38199300,1
38191012,7
38191011,-1
38191010,19
38160758,62
38163514,3
38142903,-1
38135173,-1
38122841,-1
38104851,6
38101690,1
38101689,1
38101688,54
38096945,-1
38096944,12
38092247,0
38081566,-1
38081565,5
38081564,-1
38070818,82
38070817,-1
38070816,55
38056702,-1
38043883,-1
38035971,37
38008241,0
38000765,7
37992791,18
41308969,-1
41297147,-1
41276241,13
41261011,67
41260045,12
41248815,6
41242672,3
41242671,-1
41242670,55
41242669,55
41237920,18
41232786,-1
41205690,44
41205689,3
41177245,3
41177244,16
41177243,3
41161557,1
41161556,-1
41138952,1
41135780,-1
41235985,-1
41138954,3
41138953,3
41129949,31
41120049,7
41110740,3
41110739,-1
41110738,-1
41110737,6
41109547,-1
41109546,7
41101426,63
41101425,44
41093123,-1
41093122,15
41083099,-1
41077294,12
41067296,12
41052664,-1
41043697,19
41038297,12
41022360,35
41016623,54
41015224,12
41015223,-1
41015222,12
40998280,7
40953713,7
40998279,-1
40987372,-1
40972780,-1
40962129,3
40953714,12
40945670,-1
40939950,-1
40935223,2
40935222,1
40935221,5
40907847,37
40886813,-1
40886812,-1
40885281,31
40876698,-1
40854447,3
40849054,3
40849052,3
40849053,3
40835041,-1
40835040,3
40818492,65
40796442,54
40796056,44
40784603,61
40754135,3
40752671,-1
40744316,-1
40730293,-1
40730292,14
40720988,3
40712810,1
40712809,-1
40706946,7
40706945,69
40701259,7
40691893,-1
40680806,-1
40675403,-1
40664278,7
40653098,0
40639555,-1
40623578,-1
40623577,-1
40639554,3
40619074,7
40578543,3
40544901,3
40544900,-1
40543734,33
40527698,2
40523493,82
40505790,3
40494422,-1
40484188,1
40482691,38
40480410,-1
40466979,12
40466978,-1
40460925,30
40456502,31
40447171,3
40456503,3
40436186,-1
40409423,2
40398830,-1
40389101,12
40381869,-1
40373934,62
40360137,-1
40354908,-1
40360136,-1
40348310,3
40345356,-1
40339968,-1
40339967,-1
40324665,-1
40320101,6
40320100,-1
40316004,37
40306353,31
40280380,7
40274037,-1
40274036,7
40268174,-1
40258407,1
40250743,-1
40246186,-1
40216371,13
40209919,0
40209918,1
40189181,7
40185299,31
40180206,6
40180205,-1
40174758,-1
40164439,19
40154721,-1
40139623,12
40127852,7
40122480,13
40122479,-1
40118356,6
40113190,-1
40090432,-1
40090431,-1
40058479,3
40054590,42
40044019,14
40049504,1
40024422,13
40010480,14
39993589,6
39993588,0
39988001,-1
39971225,-1
39978430,7
39961540,-1
39956347,13
39956346,-1
39952627,-1
39952626,12
39938624,2
39923968,-1
39922399,12
39909179,26
39904407,37
39842684,74
39864718,49
39863246,14
39863245,-1
39832608,59
39832607,63
39832606,0
39827999,1
39827998,0
39814274,3
39814273,12
39756527,6
39755324,-1
39755323,54
39746432,-1
39746431,-1
39746430,-1
39732354,56
39722399,-1
39674292,-1
39667602,1
39662650,3
39631489,62
39622400,14
30892255,70
32845849,0
32750971,1
31825884,-1
31944968,-1
31899443,-1
32142462,-1
32149660,-1
31059461,25
32340967,32
31059460,1
31478878,50
32750930,1
32750941,1
32248129,-1
31940569,-1
32031956,1
31329136,-1
30990201,17
32750970,1
31603805,1
32092019,82
30763250,16
31484144,41
31905156,6
31985446,-1
31094697,21
31804945,1
33048773,0
32071013,6
30794193,-1
31794406,1
31217131,6
32071017,19
31976916,26
32175879,52
30763249,1
30835231,-1
31581101,13
32191901,1
31689220,-1
31751256,76
31871001,1
32750910,1
31675348,1
31150349,32
32750911,-1
31581102,1
32749973,13
31021779,76
32175880,-1
31670686,1
32167917,-1
32750917,6
32287029,50
31715577,27
32324581,62
31265424,-1
30843855,27
32149702,-1
30990451,-1
30946681,26
31869809,1
31670685,-1
32054592,57
31634145,-1
31714244,-1
31995506,16
31869810,-1
32750900,-1
32886605,3
31170084,32
30762571,25
31056528,25
31634851,-1
31825883,52
31831453,-1
30969934,-1
31725401,-1
32795974,1
32396110,19
30802876,-1
31831454,25
31562113,-1
31841426,1
32750936,6
31976919,17
31251203,32
31295130,23
31217134,27
31647449,1
31369389,16
31689223,1
31796418,70
31217133,44
31144647,-1
32203040,1
31395568,57
31150350,70
31613786,-1
31715579,-1
31283491,1
31352358,1
31603806,51
32175881,-1
31976918,-1
31021777,1
31425126,24
32078570,-1
32750909,79
32915751,0
31369387,-1
31902784,-1
31940568,-1
31484143,-1
31180874,6
30716055,-1
31443057,32
31217132,26
32749977,6
31869808,17
31581104,-1
31398139,1
30932854,57
31352356,11
32086225,25
31247581,-1
31380776,6
32287022,32
32071014,-1
30932855,25
31021809,1
32749979,0
31804946,22
33108303,0
31403448,11
31670688,1
32795973,32
31536027,-1
31403449,-1
31581103,-1
32149700,17
31562111,-1
31329137,1
31144648,-1
32275627,-1
32092022,1
30843854,-1
31380773,13
31545746,-1
33170789,0
31545747,-1
31180902,-1
31403450,25
31902787,-1
32287026,-1
31902786,68
32886615,82
31369391,-1
32092021,16
31796419,16
31056529,-1
31944967,-1
32167918,-1
31295128,52
32324577,-1
32749972,1
31199276,68
30946686,-1
31567103,-1
32054591,2
32071011,57
31135373,-1
33044938,0
31689224,1
31180875,-1
32078569,32
32750960,0
32750947,1
31689221,1
32386168,25
32750920,1
32750919,1
31976915,-1
32750929,1
31107669,37
32750950,1
31871000,13
32012030,-1
30716056,-1
32365039,12
31265423,-1
31751254,-1
31425059,-1
32012031,1
31715578,2
31603807,-1
30946684,25
31603808,1
31714245,-1
31199277,-1
31899444,22
31880570,27
32790636,1
31380772,6
30714937,13
31449034,25
31880571,-1
32997638,0
32816680,0
31107668,68
33166256,0
32750923,1
30802877,-1
31670683,32
30869634,25
32966224,1
31985447,1
31880573,-1
32396115,37
32078568,1
31295129,1
31976917,16
32750931,0
31634852,-1
32149699,1
31825885,50
32750921,19
31751255,59
32142459,12
31567104,1
32750973,0
32750967,6
32092020,29
30762572,7
32071015,19
30990200,32
32248134,1
31478876,26
31095502,-1
31403451,1
31871002,27
31380775,24
32149701,-1
31443058,11
32750974,0
32396109,0
32986562,1
31331898,-1
31180873,19
32750939,1
33835929,1
34101609,1
33166257,1
32324580,-1
33284756,-1
33465032,1
33497345,1
33347417,1
33373308,-1
32795972,1
32881697,70
33905339,1
33079687,1
33635801,-1
34129511,7
33497347,76
32287024,50
33999826,1
32976109,-1
32960771,17
32224468,32
33914688,25
32750934,51
33596179,0
33929968,26
33861717,1
33560994,26
33755570,25
33147151,22
33055042,-1
33090962,-1
33687851,17
33170786,0
34111016,19
33755571,21
33290234,-1
34591775,0
33206611,1
33434138,1
33684049,-1
34003757,-1
32324578,17
32750928,-1
32881698,1
32750906,21
33044937,25
33784628,6
32287027,-1
33617456,-1
33661740,11
34161248,2
32755873,16
33108302,57
32224469,25
33400657,26
32991296,1
32750897,-1
32750980,1
33166258,1
32946403,25
32841131,1
33780344,50
33275588,0
32931437,1
33974548,12
33625991,1
34057900,1
32750972,52
34057902,24
33577463,22
32224471,1
34181562,6
32780704,-1
33507874,16
33079686,-1
32750925,50
34288881,23
32749975,-1
32750916,76
33095720,7
32750982,-1
32822314,32
32870804,76
33385314,14
33449889,13
33788697,1
33216724,1
33534720,-1
32750902,26
33180737,17
34003759,-1
33571101,50
33600327,0
32750981,1
34018938,1
34347614,6
32750961,27
32841130,1
33651704,-1
32750963,76
32750944,51
32386169,1
32946400,1
32749987,-1
32750957,26
33259310,51
32750915,-1
33513119,-1
33739926,0
34033549,0
32749985,19
32991294,-1
33017299,25
33556029,1
32841133,26
32750965,-1
32881699,23
32750959,0
33596180,-1
34003756,1
32324583,50
33326391,32
33556028,1
32750908,1
33406046,17
34057901,-1
33705324,70
33264097,1
32750949,-1
32894725,57
32946402,25
33017300,25
33493122,6
34310332,-1
32750913,1
32750907,1
33361011,1
34077377,32
32406849,25
33296317,17
34033552,1
33434139,13
33760743,-1
32386167,21
33027010,-1
32841132,-1
33449887,0
32356764,13
33216722,12
32750979,51
33264096,51
33760745,76
32956068,25
32813665,32
33370240,-1
33095721,-1
33635800,-1
33705325,29
32897865,12
32750976,70
33684048,-1
34061756,-1
34665747,12
33798088,1
32324579,7
33857007,17
33175684,-1
33006933,19
33338024,83
33449890,-1
33684051,1
32750912,1
33275589,31
34038374,76
32915752,-1
32853156,11
33687854,-1
32750899,1
34129510,7
32991297,1
32305947,1
33493123,-1
33465031,-1
33989160,1
33232248,1
32750951,-1
33170788,-1
33156796,44
33905338,-1
33750717,6
34018941,-1
32750952,6
33764881,-1
32750926,1
33196445,64
33085624,26
32396111,26
33296316,-1
33119515,1
32305948,51
32853155,1
33979295,1
33237869,32
34185653,-1
32750935,16
32248128,1
32750898,63
33460386,1
32750945,13
33621184,1
33710962,-1
33338025,17
33439849,19
32956067,24
33108300,-1
33320815,1
33848253,17
34129512,0
32396113,17
32310808,-1
34357872,76
33147152,1
33400658,1
33361010,-1
33481724,11
33835928,0
32248131,-1
33406048,57
32960772,1
32750903,70
32749986,1
32915753,-1
33108301,51
33882010,0
32750954,-1
33245698,25
32991292,-1
33596178,6
32750958,1
33729960,-1
32780703,1
32086223,1
33544681,-1
32750983,76
33290235,1
32287025,6
33905341,0
33857005,6
34038372,-1
35984796,42
34415842,32
36423320,51
34191735,1
34057903,1
35439148,-1
34714757,19
34473636,51
35921345,12
34714759,7
34971546,19
35820010,13
35085096,27
34637385,-1
34986110,26
34469320,1
34847048,1
34520381,51
35196248,-1
35767499,1
35471879,50
33848254,1
35157603,0
35544509,27
35085095,26
34495856,1
37015542,51
35077375,-1
35015656,32
35349459,27
34495854,-1
34910645,1
34905497,0
34379601,1
34388098,1
35333727,32
34329172,18
35609107,-1
35881605,51
35077374,0
35077373,27
35849679,-1
35344500,-1
34986109,-1
34633938,-1
35417361,-1
35696471,1
36129856,-1
36074873,27
35867368,52
34197330,0
35316199,-1
35077372,16
34613924,59
34735349,52
36048978,57
35404825,51
35380978,76
34379600,1
34941538,50
34995200,22
35816523,1
34748506,-1
34855603,52
34156956,13
35255000,17
35417359,1
35877799,1
34767517,1
34843433,12
34910644,51
36367915,-1
34347616,12
33905340,19
34310335,1
34714758,29
34232896,-1
35976844,70
34699375,1
35344499,1
35294366,57
35867365,-1
34543208,1
34242177,57
35201992,70
35377850,1
36070258,12
35104236,-1
34111017,50
34613925,1
35951559,2
34197332,1
35930507,26
34550895,11
34232899,1
35298388,0
35180094,50
35104235,-1
35120013,-1
34928810,76
35349461,0
34351864,1
35157605,26
35020599,-1
34495853,1
34748505,50
35230959,11
34495852,1
34375292,27
35130178,1
34847047,26
35939480,1
34388100,-1
34061755,1
34170837,11
34115600,59
35763468,1
34543211,-1
35849680,-1
34181559,27
34928809,-1
35724286,-1
34797767,1
34375294,1
35196252,1
35290190,-1
34982705,-1
34125693,12
35727772,1
35213319,1
36044504,51
34762593,50
35700245,1
34648462,1
35749336,42
35613061,0
35767497,26
35143407,2
36006882,7
35925854,57
34347610,-1
34822333,-1
34255638,22
34874877,0
34033551,26
34813482,66
35439153,-1
35417357,17
34232895,-1
35412993,-1
35635825,1
35139032,1
35349464,1
34582353,51
35511842,52
35737622,-1
34280112,6
35439150,50
34347608,25
35452393,0
34061754,-1
36155472,-1
34797769,1
34232900,-1
35503848,1
35316198,27
36343004,-1
35536818,14
35687645,1
33793406,-1
34673498,12
35353709,22
35157601,6
34329173,19
34623286,68
35139030,1
34191734,-1
34516382,32
35263265,57
34428164,-1
34410932,-1
35254999,-1
35320109,1
36121945,70
35196250,1
35609108,1
35104231,-1
34986108,11
35412994,1
35895637,-1
35349462,-1
35939481,6
34986106,-1
35157604,13
36121947,22
34018942,32
35171783,-1
35104232,26
34077376,-1
34784289,70
36001519,1
34314367,16
35316197,1
35930506,-1
35380975,-1
35849683,-1
34260361,-1
35763467,1
34170836,-1
35653451,1
35503847,-1
35446775,32
34962890,57
34018939,1
34951858,13
35714083,-1
34665748,-1
35788454,12
34460408,52
35038291,-1
36170410,27
34460406,7
36067109,0
35536820,52
35192468,-1
34882565,-1
36409803,-1
36099222,32
36121944,32
34520380,79
35802549,79
34705659,0
34314364,1
34516381,26
34543209,1
35947565,-1
35320110,-1
35969552,51
34818197,32
35324451,1
34606466,-1
35767498,1
35511840,7
35881606,-1
35077376,-1
34375295,-1
33657005,0
35895638,17
35503854,1
35976843,11
36136928,-1
37725722,1
37030855,25
36149995,16
37022004,22
37018101,-1
37267135,57
37651479,1
37030686,11
37871094,26
37023161,1
37616144,-1
36251915,1
38019620,1
35930509,44
35133971,-1
37018254,1
37022917,14
37665700,59
36355718,54
36223359,1
37773913,-1
37021912,1
37022393,1
37847619,1
36318553,1
37027675,0
37015702,17
37432798,1
36067110,11
37399160,-1
35635827,19
37115835,22
36441877,-1
35536819,6
37015612,26
35749338,-1
37126617,1
37030703,-1
37022227,1
37566511,51
37099473,1
37018611,52
37027679,-1
37015613,17
35981060,32
37023154,0
37713231,57
36446008,24
37030687,1
37347634,1
37022395,12
37252866,1
37028302,1
37155392,1
36264732,32
37097791,1
37099476,1
37788198,1
35737624,42
37310835,-1
37578917,-1
37145951,14
37022371,1
37022394,52
37155390,1
37015416,1
37015610,1
37021898,1
37751334,1
37549083,61
37043318,-1
37220032,-1
37022817,-1
36331630,-1
37368801,-1
37027579,16
37015504,26
36067111,8
37018684,29
37028312,-1
37247314,1
37018304,-1
37115834,25
36048979,19
37015493,1
37171919,1
36155470,23
37310833,22
37018727,1
37672365,32
37022818,26
36315545,-1
37015447,0
35816524,25
36044503,11
37556335,26
37027682,19
37843993,83
37027562,12
35560105,19
37498763,7
36264731,1
35763469,19
35939479,52
37130257,12
37037254,-1
37498758,-1
37930924,-1
37022022,51
37903039,-1
37478028,-1
37801388,1
37363852,59
37561616,17
37471183,1
37792662,-1
37028323,17
37126618,-1
37669209,1
37498764,13
37729563,-1
37725721,22
37099475,1
37486830,1
35511838,52
37015522,32
37030744,-1
36126032,1
37022002,-1
36318551,-1
37922163,-1
36315544,-1
37812534,-1
37071520,76
37494154,50
37163397,1
37155391,1
37220033,78
37467088,1
37015562,1
35353708,1
37581964,1
37015505,-1
37155395,-1
37682647,-1
37022228,1
37703165,12
37252867,24
37015703,25
37695963,26
37058374,27
37030812,51
36191117,-1
37015611,70
35180095,1
37651480,70
37022417,-1
37079414,1
37459260,-1
38019617,11
37585324,1
37676796,1
36327172,12
35749335,22
37610905,-1
37023155,11
35696476,1
37079415,6
37083517,0
37801390,1
35030087,19
37130258,23
37310836,59
37200132,51
35771792,42
37478027,-1
35446774,6
37247317,32
36269914,1
37071522,26
37067962,21
37713230,0
37018100,-1
35594226,-1
37930926,-1
36446009,-1
37871091,32
37030839,50
36260566,-1
37527303,12
36350856,-1
37384472,1
37643107,1
37639416,27
36318552,-1
35417360,42
37695960,-1
36121946,-1
38090823,-1
37204948,70
37022057,1
36346863,1
37037255,41
37018307,1
36343005,78
37751335,22
37782591,-1
37490372,1
37126621,32
35759605,1
37247316,1
37192033,-1
37698968,1
37018255,1
37819834,21
37027676,50
37027578,1
37022061,25
37027678,-1
37889829,-1
34971547,-1
37022415,-1
37104104,32
37021913,1
37030688,1
36264730,23
37527302,-1
37656654,-1
37018587,6
37022273,-1
37590111,-1
37428664,-1
35271456,51
37022271,6
36350854,0
37220034,1
37669210,50
37167055,-1
37021914,17
37015664,6
35503846,22
37247315,-1
37506010,13
37018586,27
36301792,-1
37022001,-1
35041615,0
37030731,51
37037251,-1
39028592,32
37023160,19
38117619,1
38700974,-1
39150813,1
39120983,-1
38787664,13
38190667,-1
39186430,50
37983160,1
39028591,-1
38889030,6
38157466,1
38079367,1
38289846,1
38954561,1
38875080,1
36129857,17
38051612,-1
37878423,17
38194408,1
38478459,1
38376973,1
38568771,6
38206780,32
38319779,-1
38833404,17
38648143,6
38363664,26
37878422,1
38662559,78
38416611,12
37624725,-1
39058614,-1
38446658,1
39137084,1
38551824,-1
38691439,26
38055360,57
37028374,1
38412075,-1
38315595,-1
40030825,-1
37948141,1
38224504,50
38349827,-1
38889025,12
38861439,-1
38079368,-1
38349826,1
37665701,25
38227406,-1
38905092,1
38805334,1
38100336,1
38968015,1
38662560,1
38345955,16
38117618,16
39093669,1
39120985,1
38743530,1
38875078,-1
38557617,1
39226202,-1
38381639,-1
39110557,1
38857141,-1
37216248,1
38227404,32
39418143,11
38900626,1
37995170,1
38648147,11
38345954,-1
37339021,51
38345952,76
38127596,1
38157463,1
38739503,-1
38446656,1
38923475,-1
38470599,1
38857138,26
38963748,70
39236136,70
37289606,-1
38349825,6
38507373,57
38194407,1
38437146,1
38691437,11
38968012,57
38363665,26
37948137,-1
38954565,12
38261493,1
38913516,1
38319782,-1
38648145,-1
38656853,1
37023158,1
38739502,1
37022236,-1
39190519,-1
37021916,-1
38165797,-1
38739505,50
38923474,32
38319780,1
37155397,-1
38483804,-1
37490371,1
38857140,32
38801681,-1
38198249,11
36367914,-1
37018306,-1
39106147,-1
38470598,1
39374270,1
38687656,70
38848232,52
39446533,50
37276109,-1
38446652,17
38805332,1
39178096,12
38051608,17
37436864,26
38758615,-1
38442054,-1
36269915,1
38408006,50
37022382,1
38843066,1
38625762,6
38427554,1
37991905,17
37938951,1
39178097,1
38713564,11
39196744,1
39250356,-1
38696292,17
38640044,12
38412076,57
38157464,-1
38913515,51
38598367,12
38277252,26
37812535,19
38289848,1
38607707,12
38150340,51
39255077,1
38381640,-1
39231047,1
38805333,1
38843069,17
39172618,25
39052463,76
38768004,-1
38442053,-1
38968013,27
37874697,-1
38557615,42
38483803,-1
38814766,-1
37963004,-1
37955996,1
38696290,26
38557613,1
38015679,-1
38857139,-1
38227405,1
38557614,50
38416613,-1
38498747,-1
38376971,1
37498760,1
38261492,-1
38564358,12
39093670,11
38090820,-1
38551823,17
38502613,-1
38935468,-1
38194409,-1
37399158,32
38980776,50
38376974,24
38917287,6
38483807,-1
38551822,12
38442057,-1
38319781,12
37028018,22
39150810,1
38483802,0
38913514,26
38055359,50
39178095,1
38768003,70
39141450,17
38913520,1
38885104,26
38861440,22
38669172,1
39226204,1
39024092,-1
38261491,26
37948139,32
38709611,50
38502614,-1
39120984,12
39146173,26
39137085,2
37015120,1
38587946,1
37093722,-1
38564357,0
37028353,-1
39361489,51
38709613,26
37930927,-1
37294651,1
37930923,1
38776205,1
38536686,-1
38990748,12
38787660,1
38032776,7
38265899,42
40030412,1
38776202,26
38412077,-1
38512747,21
38319783,12
39167519,-1
37053059,-1
37276108,76
38133974,76
38100337,-1
38442056,51
38457316,-1
38771683,17
39008396,12
37999960,1
38905094,-1
40966140,-1
40031026,1
40030426,-1
41284435,1
39292589,1
40031062,6
40030971,-1
40168216,-1
40293897,52
41396747,-1
40030493,32
40067720,-1
41433184,-1
41359715,-1
39475735,-1
40720266,1
40030190,51
40031345,26
40238612,1
40232906,0
40768461,1
40478705,-1
41284457,1
41336170,42
40036514,50
40100675,12
41370155,-1
37906497,1
40526538,51
41296964,-1
40587359,44
40030671,32
40366845,-1
40956749,50
40526534,-1
39046868,-1
37851554,13
39331558,25
39437278,16
40095841,1
40512642,52
40327467,42
40030494,1
40471744,-1
41247895,-1
38109249,12
40030274,1
40408213,-1
40031832,17
39485689,13
40030652,12
41428927,32
40198304,26
39283775,1
40889317,1
40030418,17
37040241,1
40215147,1
40031173,-1
40402698,1
41284432,24
39412973,1
37643106,-1
41385418,25
40560711,26
40202886,1
41325115,1
38700973,1
40085457,7
40184304,50
41247892,27
40424108,1
41359723,12
41348788,1
40063434,72
39509308,26
41247893,1
41284456,26
39356607,6
39186432,6
40489282,1
40030942,-1
40030423,1
40402699,1
39012745,1
40030328,1
41100234,-1
40030701,51
41284452,-1
40030191,6
40198302,3
40031643,-1
41370156,1
40408216,12
40293893,1
40031029,11
40030726,22
39331556,3
38861441,14
41284451,59
37603476,1
40031025,37
41325121,-1
39226206,1
40048333,1
40232908,-1
41196786,32
41296960,1
40397631,57
41396749,57
41359712,-1
40489279,38
40864576,3
40720264,-1
40907053,12
40577308,13
40911443,26
40299745,-1
39437276,3
40560709,1
40327469,12
41468343,50
40042949,-1
40354204,1
40560708,-1
40366848,13
41284428,-1
41385417,26
41417999,-1
40031027,-1
39231049,-1
39163184,1
41406282,1
40366850,25
40173063,-1
41359706,3
40663667,1
40030301,-1
39365725,-1
41259168,57
41325114,6
40031740,12
40030550,57
39052464,-1
40030964,17
41284430,-1
40030432,12
39383087,51
41329581,1
39405148,57
40085458,1
40030297,-1
41379896,1
40030567,64
38568769,1
39527410,1
39527418,26
40030901,1
38656851,1
40030421,-1
40244836,12
41171649,25
40679882,76
40067719,6
38865230,17
39348249,1
40601462,1
39348248,12
39405149,1
41259166,6
40343817,-1
39412976,-1
40030472,-1
40030782,27
40030780,1
40471743,17
40030424,6
39196745,1
40030600,51
41296953,26
40031837,17
39514354,-1
40748801,3
40323751,27
39259623,12
40036458,1
40982491,-1
41296962,26
41313697,19
41296957,1
39388320,51
41284458,59
40343819,6
41359691,-1
40549530,-1
40030833,17
40031339,-1
40030273,26
41359708,26
40705574,1
40031866,-1
40031347,-1
41284441,1
39302774,16
40397630,26
40030473,41
40067716,1
40031384,-1
40031709,1
40031802,0
39466873,51
41385416,1
40168217,1
41379901,1
40327468,42
40095839,1
40138223,13
40031371,25
41442291,1
40323749,22
40397632,26
38843065,1
40131743,26
40402700,32
41379898,1
40031739,57
40030325,26
40048331,13
41086070,1
40408219,-1
40031867,17
38959147,1
41313698,-1
41100230,-1
41359714,-1
38483801,1
40111773,12
40031605,12
40030240,-1
40030272,1
40048335,42
40030727,6
40305243,57
40031229,50
41259167,-1
40031811,-1
41259173,-1
39012743,16
40030242,-1
39365723,-1
33091832,87
33091831,-1
33091830,4
33091829,-1
33080505,46
33080504,53
33069058,7
33059242,68
33049479,-1
33017724,20
33010730,-1
33010729,27
32992137,4
32992136,0
33152653,0
32987350,13
32980667,25
32979650,-1
32979649,-1
32961505,5
32961504,18
32957015,46
32950874,38
32942224,20
32932143,9
32927269,-1
32927268,-1
32919345,4
32911257,0
32905865,46
32889387,-1
32877853,0
32947116,85
32947115,5
32927229,0
32871492,-1
32871491,-1
32858339,-1
32853975,23
32853974,-1
32828988,60
32828034,-1
32828033,19
32771960,9
32768994,-1
32763790,75
32739611,-1
32739610,30
32736330,5
32721852,-1
32707430,0
32693246,-1
32693245,-1
32688291,-1
32688290,-1
32683311,0
32682318,-1
32682317,-1
32663739,63
32659739,59
32645645,68
32623330,0
32623329,-1
32622341,-1
32593848,-1
32593847,-1
32593011,43
32593010,-1
32593009,-1
32590229,-1
32574925,-1
32574924,-1
32570197,15
32570196,0
32563027,-1
32559726,-1
32559725,-1
32554239,-1
32544824,-1
32544823,83
32544822,81
32540775,19
32535186,13
32534436,-1
32531726,-1
32531725,-1
32531724,6
32526691,-1
32521449,-1
32521448,72
32506051,-1
32504910,-1
32492586,-1
32485555,23
32485554,1
32485553,19
32480319,8
32497853,-1
32480360,-1
32474393,63
32473568,46
32473567,-1
32460043,0
32446158,8
32416430,-1
32416522,80
32402986,-1
32388157,16
32387819,-1
32387818,63
32361146,62
32361145,79
32353752,-1
32353751,-1
32339929,-1
32334400,43
32330853,63
32330852,1
32325370,-1
32325369,-1
32370950,-1
32305023,11
32305022,-1
32298972,18
32298971,-1
32283479,-1
32278288,-1
32200295,2
32193089,25
32179256,-1
32179255,-1
32179254,20
32172186,43
32172185,-1
32172184,-1
32146373,22
32146372,-1
32126509,7
32113970,67
32092667,30
32088558,-1
32088557,67
32088556,-1
32078918,-1
32066084,59
32120318,-1
32120317,53
32078979,-1
32062562,-1
32058265,-1
32058264,25
32058263,-1
32058262,-1
32045743,1
32044698,0
32036321,-1
32007730,67
32000012,20
31981744,-1
31978809,-1
31962281,8
31958670,-1
31955052,70
31926355,-1
31923822,1
31927468,64
31923817,-1
31923816,7
31918341,-1
31918340,-1
31915117,-1
31901707,81
31884312,-1
31884311,74
31877404,-1
31865190,-1
31864129,-1
31865055,19
31865054,36
31864097,-1
31864096,-1
31862610,75
31855847,-1
31838291,-1
31837500,57
31835159,28
31835158,20
31816495,-1
31790858,-1
31790857,80
31630961,-1
31785526,38
31783311,1
31778886,-1
31778885,49
31775085,-1
31765879,-1
31759245,36
31739223,-1
31733603,-1
31731221,-1
31726385,-1
31715451,-1
31707264,75
31706231,5
31706230,-1
31706229,87
31706228,1
31704491,-1
31704490,31
31698230,5
31683142,-1
31675540,-1
34717179,34
34710725,77
34700194,-1
34695728,0
34688969,0
34673309,41
34673308,5
34662820,-1
34653809,31
34649113,49
34649112,29
34649111,85
34649110,-1
34638012,60
34638011,-1
34634526,-1
34628257,19
34628256,47
34627112,0
34624662,10
34624661,-1
34619572,-1
34619571,-1
34607290,7
34601240,0
34601239,63
34601238,0
34592540,0
34592539,0
34560490,-1
34560489,5
34555555,-1
34547625,-1
34547624,-1
34537687,5
34537686,0
34536808,0
34525441,29
34520934,-1
34509027,29
34492483,87
34482150,18
34481301,-1
34481300,-1
34479094,1
34474310,75
34474309,19
34464848,0
34455119,1
34455118,0
34438318,-1
34425552,20
34411951,-1
34391017,46
34391016,79
34385097,58
34358804,75
34343957,-1
34343956,-1
34343955,47
34332469,75
34332468,-1
34332467,0
34332466,-1
34325206,87
34305002,63
34303136,0
34298425,-1
34186433,1
34171663,0
34171662,-1
34153901,31
34139621,-1
34139620,-1
34119835,20
34116363,80
34108105,65
34107384,9
34098316,0
34091146,5
34091145,-1
34087547,5
34074600,-1
34058641,0
34049051,-1
34030088,29
34020171,63
34020170,68
34015657,80
34010786,-1
34004399,43
34004398,-1
34000481,0
33991886,-1
33991885,0
33984625,0
33975266,-1
33965683,0
33965682,0
33964704,20
33964703,15
33940479,63
33933904,-1
33933903,-1
33932763,16
33932762,-1
33915421,0
33906020,21
33892446,80
33892445,-1
33887589,0
33878596,23
33872824,0
33866232,4
33866231,-1
33864979,0
33862508,9
33862507,40
33857774,-1
33848941,20
33838613,-1
33823463,20
33799055,8
33756337,34
33752170,0
33735828,-1
33730681,1
33713915,75
33706032,-1
33706031,-1
33684712,-1
33684711,-1
33677397,25
33667930,0
33667929,0
33652259,-1
33647601,4
33647600,38
33640839,74
33640838,2
33639328,0
33639327,-1
33621793,-1
33618191,30
33592353,5
33588302,0
33637406,-1
33637405,5
33609928,1
33609927,0
33601253,60
33601252,2
33588216,-1
33581476,39
33571744,28
33571743,-1
33540131,19
33517102,5
33515931,0
33503558,-1
33486356,22
33486355,5
33485218,-1
33485217,20
33485216,7
33461009,1
33461008,30
33453635,0
33422761,-1
33421688,-1
33421687,-1
33418439,-1
33401170,43
33401169,-1
33401168,7
33388481,0
33388480,1
33373949,-1
33360791,5
33360790,-1
33360844,-1
33360117,1
33360116,9
33348274,0
33341556,0
33310434,59
33285357,1
33281069,-1
33260090,16
33260089,-1
33248334,60
33242762,0
33242761,80
33232918,-1
33232917,-1
33221648,46
33220573,-1
33202372,43
33202371,11
33197878,63
33188949,-1
33186790,7
33181447,0
33181446,3
33181445,5
33161319,80
33160272,35
33157342,0
33142259,1
33129125,0
33129124,-1
33129123,47
33129122,47
33126060,-1
33126059,21
33126058,74
33099184,-1
33099183,77
36335797,39
36334465,29
36334464,0
36332522,0
36332521,9
36332520,34
36332519,9
36308867,-1
36306653,0
36306652,63
36279655,1
36279654,5
36272315,-1
36265361,-1
36252337,31
36242855,-1
36228416,0
36228415,78
36209699,-1
36208533,40
36194994,20
36194993,23
36179600,-1
36179599,75
36179598,0
36174416,-1
36174415,-1
36174414,-1
36162166,0
36148752,-1
36126353,10
36113383,34
36084537,-1
36067628,0
36037594,0
36037593,0
36027798,5
36007433,0
36001919,28
35998421,2
35988510,0
35981480,-1
35981479,0
35973365,80
35964384,-1
35964383,80
35940044,77
35930927,-1
35930926,20
35908372,0
35870303,24
35870302,-1
35868231,34
35863206,33
35842978,0
35841729,-1
35810657,46
35809542,0
35797921,15
35792376,-1
35785604,0
35780651,2
35767912,0
35763936,38
35753175,-1
35738163,46
35738162,0
35728358,-1
35714549,-1
35700664,-1
35691260,0
35671586,-1
35671585,0
35653828,14
35644052,0
35644051,30
35642997,-1
35605460,-1
35598505,5
35597101,-1
35594810,0
35552190,-1
35552189,52
35533413,-1
35526508,-1
35525127,0
35525126,87
35512625,21
35512624,20
35512623,43
35512622,38
35504130,18
35487076,0
35487075,21
35483130,46
35461149,0
35461148,-1
35439671,-1
35429722,-1
35421837,-1
35421836,-1
35405530,-1
35398812,65
35395475,-1
35395474,53
35390591,0
35390590,0
35390589,56
35381436,-1
35358894,-1
35358893,35
35339888,-1
35339887,0
35325663,-1
35325662,38
35325661,-1
35316697,25
35305517,-1
34968960,43
34952282,24
34933173,10
34929546,20
34929545,4
34923449,-1
34923448,0
34923447,42
34922178,0
34915320,5
34915319,18
34890934,2
34890933,4
34883386,20
34875485,0
34839119,-1
34826757,-1
35299099,-1
35299098,2
35287099,-1
35279551,18
35279550,11
35259670,-1
35240558,-1
35231719,74
35228007,58
35228006,0
35196600,-1
35189482,-1
35183870,6
35183048,46
35168091,5
35168090,-1
35168089,-1
35158153,-1
35151221,-1
35144102,-1
35144101,4
35144100,0
35131699,0
35131698,-1
35124391,46
35121356,68
35121355,-1
35114522,0
35091287,28
35078027,23
35078026,76
35074703,-1
35067452,0
35066244,-1
35033982,9
35007925,0
35007924,-1
34999411,-1
34999410,1
34990942,-1
34990941,5
34990940,-1
34990939,65
34979436,1
34979435,1
34979434,0
34973608,2
34971918,-1
34971917,-1
34800847,1
34785488,-1
34785487,-1
34781167,-1
34775213,1
34773800,-1
34768031,0
34763192,6
34753040,0
34741893,0
34741892,-1
34741891,0
34741890,79
37672982,43
37890203,-1
37224643,-1
37301132,28
37392712,-1
37595374,2
37690224,-1
37729838,79
36603390,-1
37866276,-1
37866277,-1
37708836,10
37406571,-1
37329765,-1
37290214,59
37121138,-1
37922661,28
37182411,-1
37703798,10
36905746,-1
37028259,-1
36934609,2
37224644,-1
37453177,74
37679214,4
36347141,-1
37148868,-1
36356432,4
36681042,2
36587533,10
37944274,-1
36787689,38
36689840,4
37742400,53
36934610,68
37422969,1
37527596,-1
36521421,4
37748329,-1
37688833,47
36787688,-1
37531718,-1
37806176,39
37806179,49
37487455,74
37806178,18
37516037,-1
36410127,-1
37517906,2
36462397,39
37619395,-1
36529027,-1
37907014,10
36893656,23
37354875,87
37257235,2
37776670,15
37490831,-1
37837710,-1
37220703,20
37573637,-1
37075550,-1
37094545,1
37516036,62
37163956,-1
37703799,-1
36921481,0
37864949,11
36592572,-1
37002986,43
37672981,-1
36780789,28
37586309,25
36638582,10
37666013,0
37806177,10
36577203,6
36542903,-1
37364356,80
36870923,67
37506442,1
37741084,2
37499442,-1
37517299,0
37688835,-1
36965405,39
37619394,0
36502742,0
36958225,-1
37030145,-1
37864948,20
37119693,2
36868101,-1
37729839,38
37267809,10
37657203,7
36893655,20
37329766,-1
36809716,46
37611363,6
37060639,-1
37220702,-1
36512987,69
37549499,15
37871445,-1
36774907,58
37918217,-1
39491383,80
37467589,8
36907027,5
36435014,-1
37688834,-1
37172506,53
36918322,-1
37099875,-1
37295138,69
37473656,-1
36608630,46
37769368,0
36603388,75
37774428,0
37651778,0
36473408,-1
36621078,41
37156168,-1
37419042,60
36521422,-1
36708665,17
36502741,9
37156169,78
37290271,0
37295139,-1
36577202,0
36343512,2
37797352,-1
36563469,9
36529028,-1
36542901,6
36603389,-1
37480595,1
37001474,21
36459835,-1
37172507,0
37776669,0
37302362,-1
37603940,0
37419041,-1
37329764,43
36525800,15
36542902,0
36638583,-1
37037124,-1
37137216,-1
37393765,0
37084673,72
36634475,1
37774429,38
36459836,18
37549500,0
36948062,36
37148867,49
37757628,-1
36565546,-1
36565547,0
37002987,47
37944275,2
36495700,0
37018897,20
37776668,-1
37647674,-1
37295137,-1
37813078,44
37473658,0
37890202,-1
36948060,-1
37748330,-1
37549501,60
37369153,0
37572386,38
36806902,10
37857167,-1
36442444,11
37454558,6
36758303,64
37104895,-1
37463558,36
37573636,-1
36965404,29
36963322,0
37939541,-1
37285695,2
39491382,-1
37269609,-1
37778057,-1
37922660,87
36657257,0
37595373,-1
37907015,59
36842361,75
36608629,-1
36948061,-1
37247470,-1
37549498,24
37657205,21
37820561,-1
37473657,-1
36724729,68
37453178,-1
36870249,-1
37801807,27
37494783,-1
37406570,5
37703800,-1
36893657,22
36402113,19
37267810,56
37729837,87
36599260,-1
37517300,40
37734272,2
37146371,-1
36731394,23
37267811,77
37544241,60
37657204,1
36780790,-1
36442443,-1
37562317,23
37925856,10
36521423,2
37311293,46
36508752,54
36508751,-1
36347139,-1
36521420,41
36921480,6
37276615,-1
37931432,15
37167840,1
37562316,-1
36599261,-1
37633115,-1
37307720,0
37783190,-1
37619396,-1
37591010,-1
36516596,0
37307721,0
36724730,2
36462398,87
37948981,5
39096591,19
38218129,20
38815316,15
37952406,11
38401204,-1
38970878,38
39153282,56
39151245,15
38341999,-1
38518675,18
38367390,-1
38395016,-1
38244479,-1
39306909,9
39142178,21
39293162,1
38417238,19
38547627,-1
39121529,63
38781886,21
38968689,-1
37977054,-1
38743997,-1
38851133,21
39260049,-1
38901268,0
39159506,15
39084086,31
38824858,-1
39096595,27
38330523,46
38281451,0
39326213,-1
38851134,-1
38061185,64
37979500,11
38350180,-1
38743994,30
39317033,-1
39393124,2
38564959,2
38743996,-1
38377725,2
39427385,-1
39317035,34
38479190,66
38359683,49
39106771,0
39222600,-1
38925023,49
37956643,0
38815317,60
39127014,-1
38335745,0
38935999,4
39368301,-1
38310755,-1
37972483,66
39442486,-1
38964004,41
37952405,-1
38442665,-1
38290244,5
38851131,1
39079318,6
38141563,5
38518678,-1
38493547,44
38377726,65
38733640,48
38553323,4
38507980,66
38325122,-1
39232373,25
38088002,-1
39079316,48
38061187,-1
39393122,-1
38701642,29
38493546,22
38290243,-1
38219417,28
38492407,-1
39059083,-1
38452610,-1
38199191,75
38692233,28
38815318,10
38776718,-1
38754284,-1
39226635,-1
38471408,-1
38761460,5
39321493,-1
39154600,1
39357218,4
38653062,-1
38518676,5
38552265,1
38309238,34
38935998,2
39305561,-1
38719672,67
38183787,-1
38460463,20
38518677,29
39393126,-1
38615509,-1
38513323,-1
38901269,4
38492409,0
38723429,6
38759477,-1
38306850,75
39096592,0
39133962,46
38579660,-1
39098165,21
38368698,-1
38943806,3
39288667,-1
39068894,-1
38833841,-1
38608423,9
39357217,-1
39427386,29
38648684,39
38564961,-1
38266426,5
38669733,5
38091862,0
38184939,-1
38772276,80
38615510,-1
38643700,9
39018708,-1
38395017,18
39096596,-1
39002206,-1
39084085,0
38360443,-1
38852288,1
39068893,30
38678674,1
38643701,-1
39313408,67
39265242,-1
38218130,9
39306907,0
37972481,4
39393123,1
38996654,0
39084087,29
38211423,-1
38728812,-1
39255725,-1
38564962,18
38428201,2
39003790,83
39208536,1
38176094,75
39032454,38
39053345,-1
38889535,-1
38733641,79
39096594,-1
38467099,-1
39293161,-1
39423651,42
39393125,4
38810498,3
38552266,5
38128198,-1
39423652,-1
38309237,-1
37995386,-1
38065003,-1
39357219,15
38905958,-1
38870885,35
38564958,-1
38061186,0
39116557,-1
38330522,23
39018707,-1
38325121,-1
38163394,-1
39437512,15
38507979,21
39396418,1
38461652,64
39089210,0
39426239,2
37979501,2
39079317,-1
39003789,1
38718670,-1
38447318,-1
37981440,-1
38335744,83
38437753,-1
38157785,-1
38761459,-1
39167884,21
38851132,-1
38029700,2
38815315,8
38743998,0
38598905,-1
39033723,49
38531256,-1
38430733,20
39321491,-1
39003788,-1
38266425,-1
39032453,-1
38901270,24
39047675,-1
39321492,2
38016404,-1
38554589,21
39137666,-1
39097512,-1
39106773,-1
38564960,-1
38471407,-1
38743995,83
38428200,-1
39191089,-1
38286086,29
39317034,-1
38761458,7
39096593,-1
38118260,38
38492408,-1
38065002,-1
38520907,19
38583216,25
39128399,18
39244920,-1
38531254,2
39226634,-1
38703744,-1
39111243,-1
37977055,-1
38011806,28
37972482,0
39094548,21
39405664,5
39993336,78
39671852,-1
39891985,24
39642592,2
40073651,-1
40795609,-1
40578015,0
40222335,-1
40409170,-1
39561667,6
40220628,1
40753861,-1
40582297,-1
39546949,29
39827570,2
40020442,-1
40121767,1
39826407,-1
39671851,-1
39481176,-1
39914069,-1
39566348,7
40378513,-1
40239371,20
40749353,-1
39515046,1
40882599,6
39647291,-1
39642591,-1
40359595,5
39970491,1
39848077,5
40680320,4
39476744,29
39515045,1
40554368,2
40153889,38
39671853,0
40132236,-1
39884034,-1
40101461,-1
39891983,7
40153891,86
39612701,-1
40540953,-1
40367581,-1
39862566,-1
39922064,-1
40412140,29
40147417,21
39889672,11
39546831,-1
40147416,-1
40174321,-1
40328059,21
39561668,29
40107042,62
39742855,72
39813967,0
39644795,40
40319661,-1
39522406,78
39729920,-1
40424867,-1
40633300,6
40179622,48
40073649,20
40618644,15
40286706,-1
39581014,-1
40300486,-1
40349525,2
40482393,2
40840165,-1
40811898,-1
40561685,3
39708667,-1
40286705,2
40147415,3
39862564,1
39914070,18
40768815,-1
40300485,18
40334344,3
39647289,38
40121766,-1
40157247,-1
40614485,-1
39986122,3
39999765,-1
39626595,-1
40252305,-1
40347603,58
39705917,16
40675832,67
39591846,1
39509952,20
40865411,3
39787660,15
39933200,-1
39644792,3
39531902,-1
40712447,-1
39904180,1
40328058,9
40582296,2
40628217,-1
39891984,-1
39644794,21
40228391,39
40288016,-1
40803036,0
40198931,21
39571390,-1
40706196,1
39721113,1
40700972,0
39793434,0
39708670,2
40073650,-1
39500036,-1
40198930,2
40153890,-1
40472562,-1
39923294,29
40311258,3
39708669,-1
39983467,18
40245723,65
39647290,3
40209320,60
40300487,5
40652788,-1
39951961,-1
39708668,-1
39674006,71
40540952,5
39862567,4
40120168,25
40513381,21
39481177,-1
40273596,14
39571389,29
40561686,-1
39965432,-1
40318497,63
39504913,-1
40494218,0
40561687,29
40513382,-1
40435811,-1
39461253,-1
40209390,-1
40753860,-1
39541619,24
40674858,0
39531901,7
39742856,-1
40664020,15
40591983,-1
40780080,2
39721114,43
40339529,4
40440912,-1
40037268,-1
40288015,15
40107040,15
40784142,21
40603232,-1
39643522,67
40367580,16
40157245,-1
40845522,2
39732129,-1
39504915,-1
40286704,17
39778467,-1
40409171,-1
40479778,3
40138741,-1
39674005,20
40209391,-1
40203463,63
39504916,-1
39500035,-1
40187299,-1
39848078,-1
40318498,78
39603152,43
40840164,-1
40157246,-1
39657402,63
40347602,-1
40639122,3
40120169,-1
40700974,-1
39705915,-1
39556969,-1
40234128,4
40749354,20
39908727,29
40774167,2
40318499,-1
39549389,1
40743805,-1
39823968,23
40700973,-1
40617017,3
40651107,29
39817978,1
40578016,-1
39965433,-1
39657403,-1
39579585,-1
39986123,71
39581013,-1
40056845,22
40393256,-1
39657401,-1
40602219,1
39854783,42
40252304,-1
40816034,15
39454327,-1
40850289,2
40398269,5
40203586,-1
39874615,11
40633299,18
40706199,69
40446520,-1
40840163,2
39719743,44
39556968,-1
40845524,2
39864108,-1
40729777,3
39642589,-1
40479775,2
39986124,-1
40706197,42
39761617,2
40107041,2
39481175,-1
40505248,32
39586146,7
39667051,15
39631268,48
39454328,18
40250167,78
39471700,3
40505249,83
40413979,-1
39954392,4
40523336,-1
40729778,-1
39546950,1
39864109,0
39842185,-1
40334345,5
40609461,3
40157244,1
39546951,43
39970492,-1
40494217,2
39608231,-1
40015152,29
39689449,-1
40795610,-1
40409169,0
40068250,1
40273597,-1
39893767,-1
40409168,2
40729776,7
40121768,5
39919533,-1
40412141,-1
40845523,19
40300484,-1
39631267,32
40680319,2
39746226,0
39753062,2
39946995,38
40222334,6
39626597,38
39891986,-1
40554367,3
40090178,43
40479776,-1
39740357,65
40220627,15
39753061,-1
39893766,-1
39986125,18
39504914,-1
39644793,-1
40618645,-1
39608230,-1
39721115,1
40609462,3
39492085,-1
39705916,-1
39626596,1
40472563,1
40449248,46
40532430,5
40580688,1
39862565,4
39674007,23
39721112,0
40706198,2
40403478,37
39277440,-1
39764931,0
39755003,29
39870016,-1
39566349,-1
39787659,16
39733535,-1
40273595,-1
40819415,-1
39893765,-1
40479777,2
40043515,-1
39642590,0
39884035,-1
38531255,1
38301520,2
39043059,0
38387197,2
38640593,-1
38402804,4
38350181,23
38754285,-1
39413613,-1
39236585,-1
38972231,6
38295584,36
39047674,40
38824857,48
39106772,5
39068892,18
38878406,-1
38552267,0
39059084,15
38387198,21
38820647,-1
38442664,-1
37992559,0
38820648,87
39033722,35
39306908,75
38503251,4
36493537,-1
36630797,-1
36580821,1
36347140,-1
37459703,54
37913622,0
36566536,-1
36343511,-1
36848781,2
36525801,-1
36455477,-1
37690225,24
36395615,56
36753843,0
36542900,20
36739758,9
36898205,-1
33378781,-1
33378780,36
33368060,5
33368059,47
33327036,0
33327035,47
33296919,46
33296918,-1
33264803,0
33264802,0
33241548,-1
33241547,-1
33207385,-1
33207384,-1
33176390,-1
33176389,20
33147645,-1
33147644,0
33113569,9
33113568,-1
33086396,-1
33086395,-1
33058103,-1
33058102,-1
33027835,46
33027834,56
32998170,5
32998169,75
32969000,-1
32968999,-1
32937677,-1
32937676,-1
32906153,5
32906152,20
32877944,-1
32877943,-1
32851617,0
32851616,-1
32814353,10
32814352,-1
32785904,77
32757202,33
32726836,-1
32698231,5
32668481,9
32668480,-1
32643779,-1
32643778,-1
32610350,0
32583389,-1
32557441,28
32521556,-1
32521555,20
32492717,-1
32492716,-1
32462640,23
32462639,-1
32434225,34
32434224,20
32403140,5
32403139,56
32375195,-1
32375194,46
32349143,0
32349142,-1
32323283,-1
32323282,9
32294772,0
32294771,-1
32268390,0
32268389,5
32236917,69
32236916,-1
32215894,47
32215893,-1
32187633,36
32187632,1
32162290,-1
32162289,-1
32162288,46
32131117,33
32131116,-1
32102108,5
32102107,77
32074651,5
32074650,47
32052389,-1
32052388,-1
32023639,-1
32023638,-1
31995836,59
31995835,-1
31968384,10
31968383,-1
31940671,5
31940670,77
31914472,20
31914471,56
31893559,-1
34965607,-1
34965606,-1
34937103,-1
34937102,47
34911126,-1
34911125,-1
34879406,9
34879405,77
34852391,0
34852390,5
34820790,5
34820789,0
34788890,-1
34788889,0
34758494,-1
34758493,46
34734403,0
34734402,10
34706395,47
34706394,-1
34670293,64
34670292,-1
34644806,-1
34644805,0
34614518,0
34614517,0
34587638,-1
34587637,-1
34553360,-1
34553359,-1
34528234,0
34528233,28
34496420,21
34496419,0
34496418,54
34470057,-1
34470056,5
34433219,46
34433218,47
34433217,20
34407560,0
34407559,62
34407558,0
34380169,-1
34380168,56
34380167,47
34348410,-1
34348409,47
34348408,-1
34341981,46
34341980,40
34320684,-1
34320683,-1
34320682,-1
34289505,-1
34289504,-1
34261173,40
34261172,0
34261171,-1
34233369,40
34233368,-1
34233367,28
34192774,10
34192773,-1
34192772,35
34161988,-1
34161987,-1
34161986,55
34134149,-1
34107543,74
34107542,0
34107541,5
34077973,42
34077972,0
34077971,-1
34041735,-1
34041734,23
34041733,-1
34010978,29
34010977,65
34010976,0
33979874,-1
33951742,-1
33951741,60
33910262,-1
33910261,-1
33910260,-1
33882586,40
33882585,-1
33853142,-1
33853141,53
33853140,0
33827143,-1
33827142,-1
33827141,0
33792010,0
33792009,-1
33792008,9
33763847,0
33763846,-1
33763845,30
33730758,85
33730757,5
33694144,5
33694143,5
33694142,56
33657635,-1
33657634,-1
33657633,47
33638138,-1
33626585,-1
33626584,-1
33626583,39
33598906,9
33598905,-1
33567464,-1
33567463,-1
33535252,40
33535251,46
33506478,56
33506477,-1
33472258,5
33472257,-1
33440430,-1
33440429,-1
33406541,-1
33406540,16
38499314,67
36577503,5
36577502,-1
36577501,-1
36516970,10
36516969,35
36482261,-1
36384234,64
36351558,-1
36351546,5
36323335,-1
36288748,5
36283418,-1
36261114,4
36261113,40
36257602,80
36252806,72
36209739,-1
36208622,-1
36198310,-1
36198309,-1
36167337,28
36167336,28
36162434,-1
36162433,-1
36122593,5
36122592,-1
36104159,-1
36044925,-1
36037835,-1
35977714,-1
36223869,53
36223868,77
36170882,5
36170881,28
36170880,18
36130712,-1
36130711,-1
36104154,47
36070801,-1
36070800,-1
36070799,-1
36044926,53
36044918,-1
36044917,-1
35981548,40
35913087,-1
35896508,-1
35896507,-1
35858639,20
35790200,33
35705186,0
35952679,-1
35926839,20
35926794,-1
35896506,0
35830863,-1
35793699,-1
35793698,28
35768012,5
35768011,-1
35732191,-1
35705183,-1
35705182,56
35675839,0
35675838,77
35668677,-1
35649501,20
35649500,-1
35644141,-1
35617971,-1
35617970,-1
35613914,-1
35613913,5
35613912,-1
35580621,-1
35981555,5
35584790,9
35584789,5
35545126,-1
35545125,40
35508198,-1
35508197,18
35477149,5
35477148,-1
35445387,-1
35445386,0
35419788,28
35388447,-1
35388446,-1
35354211,-1
35354210,9
35322399,9
35322398,77
35294986,-1
35294985,77
35263801,-1
35263800,-1
35263799,11
35263798,-1
35235995,9
35235994,-1
35235993,10
35219280,9
35196718,16
35196717,-1
35172373,-1
35172372,0
35172371,7
35139564,-1
35139563,-1
35139562,28
35108741,23
35108740,47
35108739,-1
35081656,33
35081655,-1
35081654,-1
35045584,-1
35045583,-1
35045582,-1
35021255,-1
35021254,5
35021253,5
34986493,5
34986492,40
34986491,-1
38151042,-1
38151041,-1
38122817,77
38092360,-1
38092359,9
38057262,9
38057261,-1
37967936,-1
37940130,33
37940129,10
37914157,-1
37879358,9
37852249,5
37802122,-1
37774752,53
37726022,-1
37704021,-1
37666277,-1
37640057,-1
37586416,-1
37553071,-1
37541656,37
38295857,-1
37793618,2
37793617,5
37758227,0
37729944,28
37704029,-1
37673097,-1
37673096,5
37648223,-1
37648222,77
37611795,0
37586414,-1
37557889,28
37541655,-1
37527792,-1
37459888,54
37399838,-1
37339683,35
37276886,19
37201542,10
37164328,53
37532232,5
37494971,0
37494970,5
37467783,-1
37437601,5
37406674,-1
37164327,83
37150179,-1
37130566,-1
37105228,5
37075806,20
37075805,46
37059455,20
37054983,-1
37054982,-1
37015344,5
37015343,77
37003266,-1
36990454,0
36972687,-1
36933552,-1
36918166,-1
36898410,-1
36882152,-1
37186083,-1
37164356,-1
37164355,20
37137339,-1
37137338,20
37075802,0
37044288,20
37019175,-1
36990457,-1
36921596,47
36822226,-1
36809791,5
36792057,-1
36787882,15
36758613,0
36706791,-1
36669761,0
36657471,28
36652961,-1
36634698,5
36634697,47
36603838,64
36599446,-1
36889340,-1
36889339,-1
36858112,0
36792056,28
36754066,5
36724883,-1
36696915,35
36631000,-1
36630999,-1
36581054,28
36577495,-1
36535704,18
36535703,-1
36509108,82
36473498,-1
36452981,-1
36452980,23
36356593,40
36351548,16
36351547,0
39721578,64
39721577,9
39694069,5
39694068,85
39631779,56
39566558,8
39566557,-1
39537189,-1
39505009,2
39505008,-1
39505007,9
39477247,9
39442538,40
39442537,-1
39271105,-1
39255846,9
39251213,62
39214146,9
39214145,-1
39209308,15
39191426,5
39191425,-1
39178891,81
39174009,56
39164001,9
39164000,-1
39163999,5
39137904,81
39137903,40
39106951,-1
39102866,47
39053616,34
39053615,48
39496321,-1
39384322,9
39357878,-1
39357877,53
39293649,9
39293648,-1
39260412,-1
39231539,65
39197473,-1
39168155,-1
39142641,9
39111297,9
39038794,28
39038793,0
39019476,9
39019475,47
38917865,-1
38897228,5
38876466,5
38857881,5
38848764,9
38834180,84
38382633,10
38749477,-1
39084615,5
39048085,28
39048084,5
38960377,30
38960376,40
38925539,21
38897231,-1
38897230,29
38839064,9
38839063,40
38810656,-1
38788772,75
38714212,41
38701857,-1
38657678,2
38636542,21
38574763,-1
38565189,35
38560990,40
38508580,-1
38350643,-1
38777326,-1
38754464,-1
38692282,5
38657955,40
38631380,75
38599619,-1
38599618,-1
38588712,-1
38560989,-1
38508655,-1
38508654,-1
38508581,35
38458233,36
38447965,-1
38442909,3
38388174,-1
38378044,-1
38359876,-1
38301729,-1
38286429,0
38232748,-1
37748724,-1
37722603,28
38447966,-1
38354838,-1
38354837,0
38325409,-1
38325408,-1
38295858,-1
38253337,0
38216145,-1
38198827,75
38171383,9
38171359,35
38154472,64
38086417,5
38065557,1
38029792,-1
37995743,5
37989249,-1
37945000,75
37923381,40
37852294,-1
37813382,-1
41412453,17
41412452,0
41412451,-1
41412450,-1
41412449,-1
41401939,2
41386287,-1
41381045,-1
41360111,3
41349583,47
41338589,-1
41314641,-1
41285408,40
41271194,-1
41265889,-1
41265888,75
41265887,-1
41265886,-1
41238200,5
41238199,-1
41238198,-1
41202858,35
41202857,4
41202856,-1
41202855,25
41202854,-1
41173033,9
41167597,-1
41167596,-1
41167595,3
41151782,5
41151781,46
41151780,-1
41135586,-1
41135585,5
41135584,0
41135583,-1
41130278,-1
41106393,20
41056988,5
41005357,56
40997848,3
40972892,0
40953593,-1
40930500,-1
40873153,5
40873012,5
40588235,5
40555402,-1
40523639,5
40523638,23
40480275,3
40456514,-1
40456513,84
40456512,40
40419255,5
40419254,5
40419253,47
41688087,-1
41688086,67
41072548,23
41062080,-1
41043479,5
41043478,-1
41043477,47
41033351,47
41033350,-1
41005754,-1
41005753,23
40973080,-1
40973079,35
40940030,-1
40935359,5
40921196,-1
40912680,5
40902643,84
40902642,6
40902641,5
40882959,34
40882958,87
40865929,-1
40865928,9
40846308,64
40846307,-1
40845902,28
40835228,-1
40835227,5
40834872,-1
40812382,-1
40812381,-1
40795950,9
40795949,48
40769173,-1
40769172,-1
40763805,5
40759358,5
40744093,-1
40675605,84
40602776,48
40602775,84
40523637,5
40506025,5
40494563,-1
40404141,-1
40398852,33
40398851,3
40398850,16
40360000,5
40355127,28
40355126,23
40324463,-1
40306686,84
40294634,40
40294633,53
40294632,-1
40294631,-1
40280549,-1
40280548,5
40267976,-1
40258384,-1
40216403,5
40216402,47
40203890,-1
40199518,-1
40701779,0
40701778,10
40669861,40
40633917,9
40602801,2
40533095,-1
40533094,-1
40467470,5
40179954,5
40132987,3
40127703,-1
40127702,-1
40107304,-1
40107303,-1
40107302,-1
40097147,5
40097146,84
40074216,5
40074215,-1
40020741,15
40020740,5
40015336,-1
39965765,-1
39952287,0
39933722,-1
39855268,-1
39837545,2
39837544,39
40398865,46
40368447,-1
40368446,77
40334698,-1
40306674,-1
40306673,-1
40267988,9
40267987,-1
40239952,-1
40204118,28
40174880,5
40073859,9
40073858,-1
39855267,37
39814048,87
39814047,74
39788549,-1
39778597,-1
39740769,5
39681131,0
39608761,3
39587019,9
39572252,47
39572251,-1
39561976,47
39510534,64
39500346,84
40010403,-1
39970944,35
39938875,-1
39909398,-1
39842467,9
39778706,-1
39742871,5
39472036,0
39454643,-1
39454642,2
39442543,9
39419264,77
39419263,9
39406373,-1
39384324,20
39366661,40
39362293,34
39362292,-1
39362291,9
39348865,0
39348864,-1
39333060,-1
39313211,27
33124990,-1
33284782,0
32804086,2
32865501,19
32915153,-1
33006943,0
33146627,-1
32181742,43
33174848,30
32130136,-1
32543443,-1
33295292,-1
33208302,-1
33164902,0
32903196,0
32886066,0
32369028,43
32130122,53
33306030,-1
32213473,-1
32960176,2
32511099,0
32924959,-1
32490851,30
32130138,61
32795988,19
33296867,0
33030435,0
32543441,-1
32720908,10
33021487,-1
32936079,-1
32723713,2
33164907,30
32673221,8
33105099,83
32459627,30
32540846,-1
32049063,83
32821060,78
33270038,0
32469317,30
32293571,-1
33090964,0
32459626,-1
33185565,0
32238331,-1
32784183,10
31922491,-1
32012064,8
32658860,0
32163038,39
32969835,11
33147163,0
33216726,0
32687473,-1
32707537,0
33185553,19
33108313,0
32348292,-1
31895045,-1
32706698,10
33026353,28
32530813,0
32706675,30
32897869,-1
32816686,-1
33151895,0
32027311,-1
31899451,41
33006561,8
32297872,43
32960773,4
32463372,34
32673231,2
32812884,10
32224484,-1
32763889,-1
33137713,30
33252346,58
32902387,-1
32716895,0
32540845,0
32750005,0
33231552,-1
32805703,0
32196459,0
32759098,5
32936088,-1
32208358,66
32568721,0
32469318,-1
33074158,72
32763892,0
32857060,-1
32286232,36
32822315,-1
32141834,-1
32496205,0
32141837,2
32544071,0
32658858,0
33090108,49
32352924,-1
32401222,-1
33031049,0
33048823,0
33027037,0
33034566,64
31929102,-1
32946412,0
32130160,41
33119535,0
32672680,-1
32673247,27
32352385,18
32452808,15
32314968,-1
32852275,-1
32234698,-1
33337341,6
33001829,0
32293569,60
32784182,-1
32519965,-1
33030440,-1
32348288,0
33351777,0
32821064,19
32379048,-1
32990635,-1
32364511,-1
33141089,-1
31934868,28
32254041,72
32673234,40
33026357,63
32286231,43
32287039,0
33382378,36
32130131,0
32648850,30
32392172,0
33320101,-1
33124987,-1
32459629,72
32773377,-1
32833660,0
33245287,41
32663149,-1
33174854,-1
32412424,-1
33147165,0
32301733,30
33107826,-1
33104011,42
32441655,-1
31983680,-1
32976111,0
32314971,53
32039810,2
32501804,0
32687477,0
32955451,8
32442138,-1
32673242,18
32515740,8
32338615,0
32484444,58
33112248,-1
32857057,-1
32845850,0
33112757,0
32721924,72
33264102,0
32130143,-1
32234697,-1
32810841,0
32130139,-1
33301414,0
33216002,8
31913129,-1
33245282,-1
32902388,80
33141679,0
33295294,56
32729838,36
32343250,10
32876582,34
32795986,-1
32401210,0
32936081,-1
33095741,8
32181750,-1
32167477,-1
32449685,58
32790642,0
32579126,-1
32924948,0
33095740,0
32525483,43
32706706,0
32501801,0
32573463,-1
32452811,-1
33177036,-1
33027032,0
33197230,0
32589152,-1
32720911,36
33035176,-1
32856597,10
32673212,8
32348278,19
33084583,-1
32986000,43
32463369,30
32716898,0
33206052,10
32501272,7
32238342,-1
33079692,0
33258783,11
32281939,-1
33331827,0
32790639,0
32697197,53
32579128,-1
32427113,10
32936082,-1
33001828,0
32285802,53
33258785,22
32348265,-1
32747329,0
32478662,39
32788152,-1
32224492,-1
32412423,-1
33034562,27
32930099,0
32784172,8
32930665,1
33245285,8
32154786,-1
32271154,13
32763872,-1
33170799,0
33258788,-1
32141835,-1
33755028,8
33687342,43
33620328,-1
34375298,0
34821563,8
33666563,2
34730544,2
34468329,-1
34766913,8
33475519,-1
34766918,-1
34328438,-1
33882021,0
34533459,0
33465037,0
34309576,11
33522977,8
33475520,8
34878985,-1
33410762,10
34726612,8
33885373,8
33507153,53
33560231,-1
33629959,-1
34125068,-1
34260375,0
34319240,-1
34125072,-1
34328422,-1
34255682,-1
33843592,0
34591025,-1
34152276,0
33818392,8
34757320,0
34806992,0
33750739,0
33404516,0
33481754,0
34550899,0
34751661,2
33529155,0
34398799,-1
33683208,4
34591017,-1
33900929,0
34313593,53
33900932,0
36256828,58
34528896,8
33729985,43
33599621,-1
34086591,-1
33439133,15
33625362,-1
34941546,20
33591276,6
34152279,19
34637393,0
34586074,8
34081612,0
34637396,87
34665141,-1
33591280,30
34533469,-1
34255645,41
34255644,6
33459597,43
34420918,66
34076579,10
34435957,6
34259636,39
33683209,-1
33720031,-1
34287214,-1
34842543,4
34709181,-1
33844635,0
34255692,0
34860671,-1
36260376,-1
34086592,-1
34591029,2
34259645,1
34524095,-1
33848255,-1
33591287,-1
33764885,-1
33565983,30
34652275,65
34751654,58
34546181,-1
33595454,0
34889740,-1
33512318,-1
33591282,-1
34550072,39
33764883,0
34403354,28
34870601,-1
34061761,0
33989162,0
33989163,0
34420919,-1
34292166,-1
34668872,-1
34042592,4
33565986,39
33872185,0
33302250,0
34542413,10
34328433,-1
34524087,22
34494966,28
33857008,0
34807832,-1
34313590,0
34096868,60
33904820,-1
34236993,0
34255676,-1
34528889,58
34661544,0
33983124,-1
34878988,-1
33764306,10
34156966,0
34236336,1
33792552,1
34047710,83
34142966,-1
34280116,0
34383690,-1
34914615,43
34448714,36
33938808,-1
34100765,28
34255680,-1
34762063,28
34255679,58
34047699,29
33617460,0
33938806,-1
33534724,0
34096872,-1
34898455,0
34491207,36
33512329,-1
34878991,-1
34661543,-1
33475514,-1
33857012,-1
33999833,0
34048356,0
33856356,1
33448935,-1
33617459,0
33945492,0
33347421,0
34463638,36
34061758,0
34964718,60
33439127,-1
33503002,0
34448704,18
33989166,0
33861206,-1
34762061,-1
34096875,0
33404504,-1
34612825,47
34152274,21
33539309,0
34132644,-1
33908894,10
34014833,0
33929327,53
34156960,-1
34519661,0
34448719,-1
33844638,0
33835034,4
34061760,0
33427683,28
33481753,0
34152272,10
33872187,0
33595445,11
34967760,-1
34142974,-1
34255657,43
33477104,0
33448933,39
34043526,0
33779568,-1
33847594,8
34398791,-1
33661121,8
33759801,4
34505840,-1
34714253,-1
36260382,21
33650980,8
34085942,-1
34704960,-1
34132641,2
34227995,0
34346885,0
34550074,39
34855614,-1
34309581,43
33759792,58
33439134,30
34757318,-1
33769945,0
33857011,-1
33468449,0
34448709,58
33978590,0
33709929,64
34313595,8
34550073,16
34951592,-1
34665144,-1
33877053,-1
34292866,0
34499042,-1
33577466,0
33780345,0
34662291,0
33529153,0
34259641,0
34623313,68
33729984,-1
34586079,0
33523825,0
33475518,38
34014831,0
33847592,53
33439126,28
33646966,0
33835930,0
33735097,0
34528890,87
33759793,-1
33835031,-1
34009128,-1
34309573,0
34255691,30
35040793,0
35015660,1
35436237,23
35507393,20
35254286,-1
36044262,-1
35994313,36
35635745,6
36355633,0
35099399,61
35969435,-1
36053565,0
35994333,-1
35857347,36
35896015,0
35129456,0
36367965,0
36279157,28
36260379,-1
36066939,-1
35749210,43
35119370,-1
36256827,-1
35103615,-1
36099018,-1
36427350,-1
35687389,8
35700012,30
35839387,0
35394440,0
35446781,0
35687382,-1
36445746,-1
36121697,-1
35675126,-1
35671409,0
35023849,34
35319470,-1
35076408,0
36534460,-1
35040794,11
35323126,36
35759320,72
35532966,6
36322788,0
35816377,20
35943767,21
35049511,-1
35653606,0
35675658,39
35404263,8
35072642,30
35080505,64
35285808,0
35171098,0
35921685,-1
35503414,-1
36074544,30
35994331,2
35639465,-1
35503654,-1
36512392,-1
34982040,30
35852835,-1
35166689,-1
35142640,6
35700016,-1
35089141,-1
36191167,0
35552166,-1
36301590,-1
35258473,40
35138265,8
36512403,0
35723914,-1
35311677,-1
35353056,0
35171099,43
35076405,-1
36394923,-1
35200148,-1
35660657,43
36194862,0
35576567,-1
36178720,17
36454620,-1
36006686,-1
35759321,-1
35877164,8
36103227,-1
35588055,0
35877172,58
35849442,58
35084359,-1
35831180,72
35675120,53
36036967,-1
36343184,0
35544307,4
36538351,-1
35404257,-1
36269222,39
35679053,0
36069840,-1
35191847,-1
36416882,-1
35188476,30
36383632,-1
36508245,-1
36040782,-1
36129741,-1
34854814,39
35258475,-1
35006087,-1
34982716,58
36301602,0
35373776,66
35166688,-1
36322123,58
35080501,6
36074558,0
35559854,-1
36018625,-1
35776492,49
36114000,10
35275082,-1
35275078,8
35113029,80
36112732,0
35916695,-1
36342763,-1
35285811,0
36515982,0
35904876,11
35023845,-1
35156934,36
35763324,-1
35714353,10
36129745,8
36409538,-1
35080497,36
35254278,-1
36040791,-1
36350704,-1
35930315,27
35294369,38
36315229,-1
35353050,-1
36473173,-1
35830233,8
35416778,0
35084336,5
35171102,5
35771613,-1
35103605,8
35468091,10
35195528,-1
35838764,0
36548029,6
35014971,0
35476751,-1
36346655,41
35648477,30
35658098,-1
35103604,0
35254263,0
35107437,-1
35512269,-1
36194454,-1
35436209,39
36001364,0
35266869,64
35040796,-1
35507397,34
35006086,-1
35049508,10
35156937,-1
36001380,60
35881444,-1
36040787,-1
36383427,4
35976692,-1
35612880,0
36040790,6
35560107,-1
35348462,0
35275073,-1
35089149,30
35060911,8
34878410,0
35482397,11
35881432,-1
35084349,2
35044309,-1
36103220,61
35797104,36
36006692,2
35838765,22
35976690,4
35297768,36
35984690,0
35377329,30
36548036,58
35442198,10
36155409,-1
36301673,0
36001872,0
35700024,0
35503247,30
35377331,-1
36044246,-1
35532989,52
35476637,-1
35616994,36
36454727,0
36374547,43
35943773,-1
36074800,30
35040798,-1
35156933,0
35921141,7
35319479,4
35119376,0
35038303,0
35384855,83
35416782,19
35834301,-1
35666563,28
35389359,-1
35014962,-1
35029538,2
35468083,0
35998021,-1
35297767,4
36040765,10
35006081,36
35113021,66
36149745,-1
35900820,58
36315239,61
35412457,-1
36173664,-1
36095295,72
36094813,8
34932494,0
35980735,4
35436211,36
35972776,61
36240461,0
36149744,0
37256672,-1
37467010,-1
37594797,-1
37862090,-1
37682585,10
38133922,21
37099376,8
37342085,-1
37955960,68
37721792,-1
38095999,-1
36645703,-1
38085562,-1
37314842,40
37698902,-1
37115608,36
36716086,17
36607712,4
37195740,0
36857115,-1
37043276,8
37402146,72
37991819,2
36853747,-1
38145481,0
37279047,-1
37610972,0
37436815,42
37428522,0
37490317,15
37616048,-1
37862061,0
36656629,10
38090786,8
37738083,58
36603153,0
36867440,39
37428525,21
37319010,-1
36930197,72
38055317,-1
37540544,-1
37399062,0
38048149,-1
37163694,0
37200072,-1
37129941,-1
38085568,10
37910163,-1
37917144,0
36951923,54
37307045,-1
36584303,2
37672333,-1
38015606,64
37751234,2
37966876,85
37310779,-1
37027199,4
37523226,43
37227763,-1
37252774,-1
36995757,-1
37213188,0
37792437,0
37014691,0
37351927,23
37578823,11
37467026,68
36763409,34
37486754,9
37695663,-1
36877540,52
37256684,9
37494107,0
37672324,-1
37289490,30
37213169,-1
38064253,-1
37223985,-1
36943909,0
37850906,0
37027202,-1
37824190,-1
37204828,58
37824182,-1
37728974,41
37163341,10
38019578,4
37906225,-1
37756051,-1
37878362,-1
37314848,15
38048148,-1
36757759,11
38157232,-1
37531181,11
36729569,10
37126398,42
37256656,2
37436793,0
37698911,18
38109188,-1
37782541,-1
37703081,8
37103987,73
37707947,64
37104031,64
36729597,-1
37467013,-1
38051555,-1
37129934,72
37773625,-1
36566450,-1
37000478,34
36995756,-1
36649254,0
37256680,-1
37163336,4
36972537,0
37847536,0
37498644,-1
37971798,65
37335593,2
37792443,-1
37184899,0
36652597,0
37725801,-1
36809798,0
37930788,0
38048156,10
36745497,4
37902810,-1
36995753,0
37656506,-1
37252791,-1
37052983,-1
36927634,48
36745490,0
36780228,-1
37490320,0
37955965,29
37440300,66
36780203,23
36533302,43
37115595,-1
37535409,-1
37721800,30
37384392,8
37338972,66
37399055,24
37490322,4
38019579,36
37252756,-1
38096024,-1
37494086,-1
37071452,36
37647102,-1
37227772,54
37747766,-1
38113100,-1
37903289,0
37788078,66
37145833,34
36917148,-1
37279039,39
37256685,2
38127426,-1
37027195,28
37145836,30
36662550,72
37725422,-1
36630301,0
38096023,0
36749946,11
37043268,-1
37874638,4
36780208,-1
37358900,30
37171856,-1
37486758,0
37713260,0
37862082,2
37266975,-1
37490331,6
37195746,-1
36951897,43
36692928,-1
36912876,0
36787223,0
37610815,-1
36763452,8
37639297,2
37647117,0
37145844,-1
37988161,28
37902832,30
37490633,19
37531157,4
37126377,0
37389909,28
36862499,-1
37163319,30
36689264,36
37040629,-1
37314852,0
38100185,20
36598798,59
38015589,-1
37651167,2
36656625,11
37643002,-1
37971792,-1
37018019,2
37535408,-1
37368485,8
38157233,11
37166971,58
37335608,2
37459159,4
37526967,28
36622741,43
37856181,2
37368465,-1
37594793,-1
37204858,39
36920458,-1
37389906,-1
36805536,66
36862476,0
36976626,0
36652291,0
37831495,2
37725432,0
37318826,-1
37948118,0
37703082,-1
36884281,31
37115602,-1
37410526,34
37962927,41
38113088,-1
37200067,-1
37223987,2
36757763,0
37099371,0
37906219,0
37656498,62
37314850,-1
36602854,8
39088259,69
39288409,77
39637380,62
39509702,0
38546730,1
38376901,72
39622042,0
39190917,80
38294856,0
39612505,-1
38935430,-1
38551639,5
39586071,28
39150748,66
38324769,72
38805706,-1
39442167,80
39009038,2
38819891,-1
39467283,2
39269753,86
38551633,-1
39167442,21
39178413,-1
39496154,81
39197163,-1
39088263,-1
39591608,0
39331460,-1
39546793,2
38354043,62
39018558,-1
39141899,8
38739445,3
38466978,4
39602793,8
38502160,-1
39658010,68
39467274,21
38684084,53
38533835,-1
38526554,-1
39283658,0
39388687,-1
38324379,0
38652534,8
39141900,68
39471371,4
38593427,0
39753226,38
39454198,0
38776542,-1
39437381,8
38551618,43
39042442,-1
38861266,-1
38905628,-1
39159449,39
38502157,-1
39586089,4
39226103,-1
39106098,-1
39163598,15
39382960,1
39393066,30
37976468,0
38696248,-1
39102679,0
39348180,-1
39197165,29
39418077,0
38498021,4
39546798,-1
38820583,-1
39499551,58
39073857,6
38265862,43
39504550,-1
38526542,-1
38669681,0
39288399,0
39689309,-1
39422989,66
38739913,61
39178403,2
38236623,-1
38625718,31
39331951,66
39325515,-1
38900529,-1
38648098,15
38306156,0
38764297,15
39586084,65
39151163,3
39693619,4
39608002,0
39141914,-1
39038285,2
39576963,36
38358794,36
39631061,8
38483451,15
38536236,0
39235845,-1
38441945,15
39116424,9
38252469,1
39718820,78
38801765,2
39602197,43
39288404,-1
38498020,-1
38916936,35
39585738,-1
39657168,66
39186368,-1
38662419,3
39475819,6
39388698,-1
38976872,-1
38833299,0
39312296,2
38924787,15
39652871,6
38530341,4
39405109,-1
38335016,-1
38865703,0
38512327,43
39110493,49
39331953,58
39422992,66
38976865,15
38805702,2
38713909,-1
39163096,7
39106092,-1
39693620,-1
38986127,0
39434474,6
39504121,30
38963937,-1
38842930,-1
39447167,-1
39509695,3
38289657,65
39642364,11
39250221,0
39631067,-1
38700923,31
38963923,24
38819900,0
38457201,8
39226552,4
39566062,-1
38833297,-1
39437380,-1
39705075,0
39689301,-1
39405526,34
38635981,6
39666971,66
39437389,-1
39361417,25
39348674,10
39250796,-1
39589775,-1
39496149,15
39110963,-1
39288377,0
39078687,8
38848556,36
38412028,15
39556831,-1
39566049,-1
39561355,-1
39656510,36
39008348,0
39331463,-1
38980719,-1
38843521,0
39499542,0
39150761,10
39047282,3
39602215,66
39509151,41
38181492,0
38959025,-1
39481096,-1
39196637,-1
39481094,10
38888947,-1
39753212,-1
39190440,4
38536228,8
38861313,8
39094114,66
39576987,-1
39657171,-1
39231425,23
38345855,0
38324367,8
38241074,3
38954461,0
39255486,-1
38838308,0
39481106,10
38457208,48
39432900,-1
39546341,0
39326044,36
38241075,-1
39626227,64
39499913,3
38411999,0
38373031,30
38568723,0
39059003,-1
39437385,1
38820579,-1
38684079,-1
39705703,3
38905631,84
39312765,0
39467279,-1
39753214,-1
38412479,36
38842920,43
38393776,0
39680913,0
39012659,-1
38739911,2
39150767,30
39356287,49
39509691,24
39008845,10
39374067,8
39515817,25
38959063,-1
39546795,3
38980711,0
38656779,8
38749399,54
38801766,-1
38214966,-1
38848558,-1
39602788,72
38742615,30
39631070,0
40068142,39
40053738,69
41343856,-1
40729621,-1
39778199,61
40408762,11
41359863,2
40153777,-1
40586741,41
39883928,36
41086004,-1
41191793,11
40744488,1
40690289,11
39847768,-1
40466102,3
40966686,-1
40924471,-1
41086002,-1
39786850,10
40232773,35
40577713,-1
40245397,-1
40305092,39
40795315,35
40986865,33
40811859,-1
40332991,66
39854695,23
40644708,-1
41118243,43
40359001,-1
41248319,11
41057045,0
39841985,1
40865090,68
39977857,-1
39899832,0
39983112,-1
40513033,-1
40184612,27
39773888,2
40522721,0
41418287,-1
40811656,-1
40239197,10
41100747,4
40392576,3
40570326,-1
39984165,-1
39847421,-1
39992700,8
40811714,39
40138690,8
40537089,-1
40053793,4
40561471,1
41135053,34
39982763,49
40854304,10
40354646,0
41370825,41
40085840,-1
40179386,0
40680235,-1
40101748,4
40882182,-1
40053725,0
41270280,4
40063072,-1
40367512,3
39928942,30
40737641,39
40053813,0
40493390,-1
41115250,80
41060023,34
41328480,-1
41348933,2
40737522,-1
40323642,66
41115270,10
41172290,-1
40854236,48
40233358,10
41071587,-1
40534180,49
40392581,72
40561473,8
39993304,0
39869893,0
39946170,0
40228240,41
40460318,36
40138680,66
39869894,8
39890098,-1
41021272,-1
40466105,8
40053718,87
41166565,-1
40324167,6
40099801,0
40493513,15
40778840,-1
41359934,-1
39951717,0
40561496,3
40882618,0
40403297,2
40403294,18
40854181,6
40587851,-1
41160843,8
39965778,39
40577044,4
40209213,10
40053766,-1
40601921,-1
41284986,-1
40513001,-1
40779791,8
40939123,-1
41105866,2
41187317,0
40009841,23
40903000,4
40053817,3
40053755,48
40127430,4
41397246,-1
41313804,53
39786841,-1
40663793,39
40839789,0
41092387,38
40173444,8
40937544,-1
41259813,-1
39819975,-1
40194269,-1
40911841,3
40138684,30
40900618,8
40855679,8
40680189,1
39808479,72
41043132,8
40127434,-1
41468574,-1
40779759,36
41043146,-1
41086432,3
40825233,2
39753217,-1
40967620,-1
41129817,0
40053779,2
41370790,61
41417575,10
40601922,0
39778195,69
39778200,-1
40844818,30
40137051,0
40694409,-1
41406469,0
40971544,-1
40811480,-1
41309108,1
41091545,6
39869899,84
40459919,-1
40258598,-1
41118664,-1
39854703,10
41270261,8
40344662,10
40397926,22
39804697,-1
40587895,39
40279644,-1
40132181,-1
41134968,-1
40392590,-1
40299494,-1
40100249,7
41328522,0
39889300,-1
39787599,20
40053754,8
40267476,1
40737673,0
40373305,0
40053790,44
41359952,-1
40338636,4
40504604,-1
40446289,54
39965203,-1
40324164,6
39913913,23
41248495,2
41218199,36
40699894,0
40106800,-1
41042984,-1
41268967,77
41092077,-1
40789146,0
40072485,38
40063932,-1
40138688,-1
40202781,-1
40690758,2
40126552,0
40245400,0
40744489,0
40294410,41
40106816,58
40424619,4
39773548,-1
39928933,1
41118643,36
40053740,58
40053769,72
39813672,4
40198108,2
39903508,2
40900638,-1
40435494,-1
40396216,-1
40864894,10
40478616,10
40644691,73
40392587,36
40512996,-1
40465566,39
39888663,8
41183242,2
40720811,8
40446288,28
40009438,28
40815841,39
40553514,0
41026980,3
39965201,-1
40354111,62
41264861,-1
41187328,-1
33335250,0
33311567,4
33303889,-1
33293570,1
33299090,0
33299095,0
33299133,-1
33299106,6
33299098,-1
33299072,-1
33299056,-1
33299116,17
33299051,53
33299137,-1
33299100,44
33299071,0
33145441,53
33145440,-1
33145439,1
33145438,38
33145437,22
33134557,87
33134556,18
33102789,-1
33102788,-1
33083571,-1
33083570,-1
33083569,2
33083568,4
33083567,-1
33083566,17
33083565,0
33083564,0
33083563,0
33083562,25
33043150,2
33043149,38
33043148,8
33043147,1
33024831,-1
33015373,4
33015374,0
33015372,42
32984550,2
32964140,10
32964139,52
32964138,24
32923690,0
32923691,0
32904507,2
32904379,4
32904246,1
32885053,2
32885052,17
32864472,-1
32864471,-1
32818154,68
32802969,10
32802968,4
32821856,4
32821855,60
32821854,-1
32793812,24
32793811,22
32715091,4
32699826,7
32695885,0
32685700,0
32665978,2
32665977,-1
32637656,8
32613085,22
32613084,-1
32596513,-1
32577534,-1
32577533,2
32566763,8
32550652,-1
32550644,6
32529044,0
32529043,2
32529042,-1
32509976,-1
32509975,62
32509974,37
32509973,-1
32509972,59
32509971,-1
32435701,1
32435700,2
32435699,1
32435698,24
32435697,69
32411829,4
32411828,54
32411827,-1
32377576,0
32377575,0
32377574,1
32377573,22
32352039,24
32352038,-1
32352037,57
32352036,29
32337372,34
32337371,-1
32285015,-1
32285014,71
32285013,2
32285012,29
32285011,4
32258432,49
32258431,22
32258430,-1
32258429,2
32258428,6
32219186,-1
32219185,0
32219184,-1
32219183,17
32219182,65
32219181,1
32219180,-1
32195373,-1
32195372,49
32195371,-1
32195370,72
32195368,6
32195369,4
32195367,-1
32195366,1
32195365,65
32195364,-1
32195363,1
32195362,-1
32140569,81
32140568,6
32140567,-1
32140566,2
32133423,82
32128451,-1
32128450,-1
32128449,22
32047863,22
32047862,5
32047861,0
32047860,60
32025575,2
32025574,65
32025573,1
32025572,39
31993508,71
31993507,-1
31993506,-1
31993505,-1
31970291,27
31970290,27
31970289,60
31934647,52
31934646,0
31934645,19
34934140,16
34931013,-1
34931012,-1
34912043,63
34887491,-1
34880410,-1
34880366,0
34862449,10
34857868,-1
34848798,-1
34815538,22
34811479,2
34795398,-1
34795356,0
34782696,-1
34773071,4
34764446,22
34750499,0
34711955,2
34711924,-1
34707226,55
34707199,0
34671068,-1
34663863,68
34650191,-1
34635760,7
34625656,0
34620993,2
34611287,-1
34599270,-1
34593972,17
34561528,44
34548621,2
34535755,-1
34526643,17
34526639,-1
34526602,22
34521985,24
34504281,-1
34504260,23
34493819,80
34493770,42
34489519,10
34480109,27
34433875,8
34426629,-1
34417518,16
34404895,4
34400751,0
34389787,-1
34381160,0
34381148,-1
34376797,-1
34376781,-1
34315995,-1
34315980,0
34302027,37
34294852,10
34285316,0
34272478,24
34267312,0
34267296,60
34262117,0
34262114,16
34262112,-1
34215836,24
34215828,-1
34211109,-1
34211108,1
34211104,1
34211085,4
34193959,41
34168269,6
34127786,-1
34127777,1
34112939,2
34112921,-1
34088961,0
34083743,-1
34083734,0
34083724,76
34083689,3
34079049,16
34079043,-1
34075194,-1
34021235,0
34017034,-1
33990692,76
33990682,2
33990671,60
33990663,6
33986465,0
33980980,0
33972676,49
33963275,-1
33958680,-1
33911176,-1
33888856,0
33879844,-1
33875798,1
33864009,0
33859353,17
33850243,18
33846548,0
33846532,0
33833388,0
33828217,-1
33824428,0
33824407,-1
33824406,11
33785839,-1
33782526,0
33772095,8
33772087,0
33772070,84
33767377,0
33767336,-1
33762672,-1
33742085,2
33742069,27
33731887,4
33727636,0
33712693,0
33712676,-1
33707736,-1
33707616,1
33692488,60
33692479,49
33686212,1
33674717,1
33658681,-1
33658610,17
33637859,79
33637842,22
33637833,0
33637822,22
33627777,-1
33627748,0
33623135,19
33619361,-1
33608661,21
33608660,0
33608629,2
33603193,0
33603132,11
33594206,11
33589706,10
33589700,24
33580109,-1
33574582,0
33574573,-1
33574500,41
33574473,0
33564102,0
33564061,0
33558625,39
33558607,0
33542473,0
33531613,1
33514862,-1
33514852,0
33514805,0
33479460,86
33446891,0
33420420,0
33420381,2
33420341,29
33420338,-1
33402680,-1
33398052,34
33398041,17
33398013,0
36577851,2
36577809,27
36572707,-1
36572766,-1
36566288,4
36564550,-1
36813918,-1
36564452,-1
36550288,76
36550271,71
36550203,59
36544046,69
36543920,-1
36539473,1
36536039,1
36526692,0
36517582,11
36513808,0
36513770,46
36513729,1
36463327,2
36460766,22
36424463,8
36400939,-1
36396808,-1
36380011,2
36352062,68
36344814,-1
36333514,-1
36333390,-1
36329099,70
36329127,-1
36323795,-1
36323769,0
36307547,0
36307544,-1
36307479,2
36280681,-1
36273236,79
36271138,-1
36261469,4
36261607,-1
36261476,-1
36253530,0
36229593,0
36180724,2
36168038,-1
36138125,61
36127420,-1
36127417,2
36123384,-1
36123367,17
36109594,60
36109583,8
36104535,2
36104486,21
36085350,27
36085312,0
36085306,8
36085158,0
36076010,6
36071209,1
36068290,16
36065060,-1
36057688,-1
36056245,39
36056190,68
36050460,1
36050372,0
36038708,-1
36038614,-1
36028526,61
35999467,24
35999451,1
35995825,41
35986075,44
35986059,0
35986056,4
35982146,4
35977992,0
35974156,11
35974135,1
35974092,-1
35974062,0
35948612,2
35948579,2
35941355,16
35933478,-1
35927426,2
35922663,-1
35908091,24
35896817,-1
35896726,-1
35882903,63
35869179,1
35869169,17
35864312,2
35854145,-1
35854120,23
35853995,58
35853936,-1
35851859,27
35851612,21
35842519,0
35840653,27
35821515,29
35821064,1
35817953,-1
35817846,-1
35817798,48
35798934,2
35794240,70
35788693,-1
35773468,1
35773329,0
35768575,-1
35768548,0
35768544,-1
35764796,52
35760819,16
35701668,-1
35701544,-1
35701537,0
35697864,27
35697747,0
35681002,2
35676451,-1
35676445,1
35672368,0
35668134,-1
35654885,4
35641814,2
35606508,27
35595986,2
35595830,61
35551275,2
35545663,60
35545657,10
35538215,0
35513550,6
35513479,4
35477979,0
35473961,59
35469045,68
35462562,0
35459899,0
35459793,65
35444260,-1
35440684,0
35414651,6
35413988,-1
35396454,-1
35396451,69
35396385,-1
35379946,35
35361861,23
35354937,0
35354895,-1
35347222,0
35338248,-1
35338241,4
35338234,4
35322172,-1
35318443,1
35314766,80
35304579,27
35304561,60
35277577,-1
35260765,20
35260762,0
35260761,0
35256730,22
35241790,2
35241760,59
35236921,1
35177772,15
35173263,-1
35169217,-1
35165389,0
35149754,0
35145211,6
35091662,-1
35087182,62
35087180,2
35087178,2
35087172,2
35087160,4
35064182,13
35058541,0
35046493,-1
35046489,71
35039624,-1
35031687,0
35027658,22
35017634,11
35013569,2
35013539,0
38135699,0
38129571,11
38123810,22
38114611,29
38114588,2
38110486,6
38104213,-1
38102323,60
38097771,76
38097719,8
38087028,52
38062115,-1
38062079,-1
38042919,-1
38042910,48
38036723,3
38017184,2
38017114,-1
38012349,2
38012221,-1
38012218,49
38007604,2
38007554,49
38001287,16
38001154,-1
37993540,21
37990139,4
37990134,62
37978250,-1
37973919,3
37973817,83
37968567,22
37968446,0
37935953,78
37935901,-1
37925578,-1
37919418,4
37903857,8
37898711,71
37884680,10
37884599,1
37880375,24
37880301,-1
37864012,3
37857813,2
37848681,0
37848531,27
37845275,1
37833395,-1
37828119,-1
37821584,-1
37816899,66
37816886,4
37813960,44
37803209,2
37794054,1
37775624,-1
37775533,-1
37775522,-1
37770643,-1
37758829,-1
37752327,4
37752181,-1
37749387,70
37749239,2
37730764,0
37723240,4
37723237,0
37709945,2
37709933,-1
37700032,-1
37700029,2
37696899,-1
37673955,-1
37673925,2
37670135,17
37658233,-1
37658119,2
37644090,-1
37626155,2
37620423,3
37620411,66
37612472,6
37608206,27
37604980,-1
37604895,-1
37598255,1
37598232,-1
37596488,10
37596324,86
37591989,49
37587211,-1
37582856,86
37582839,83
37580595,74
37580410,21
37573426,-1
37568050,-1
37567968,44
37567949,16
37563201,4
37553423,-1
37543707,2
37524859,-1
37516790,-1
37500721,-1
37491469,46
37479735,-1
37468605,6
37468526,-1
37443276,2
37438476,86
37438435,0
37433964,2
37433963,-1
37433874,71
37433859,11
37422507,-1
37420107,66
37414860,3
37407729,1
37353578,-1
37353531,2
37344684,-1
37344556,4
37330576,-1
37311802,2
37311940,1
37301946,2
37296218,70
37280429,1
37280346,-1
37277550,7
37277525,8
37268734,-1
37268730,-1
37258851,4
37258643,49
37258642,-1
37248317,-1
37248288,-1
37244963,44
37237022,4
37231110,0
37221303,66
37217779,78
37217691,7
37217650,70
37210466,86
37210430,34
37208468,56
37202443,4
37160996,0
37149704,-1
37147462,-1
37147384,11
37127660,-1
37120594,44
37120493,11
37120423,2
37117458,8
37106034,-1
37100953,-1
37100924,83
37100893,17
37100871,15
37100860,2
37100858,11
37186002,-1
37087520,49
37069432,-1
37069209,70
37055503,10
37055473,-1
37046040,-1
37045949,1
37031281,-1
37031252,2
37029272,-1
37016152,-1
36997642,2
36997608,70
36991144,7
36991115,-1
36991116,4
36991077,-1
36973403,1
36966184,8
36964203,17
36964179,-1
36959382,11
36959268,62
36959234,1
36934194,-1
36932167,41
36932150,52
36927996,-1
36918730,1
36918625,52
36914728,-1
36914699,16
36899082,44
36899073,4
36894653,-1
36882633,41
36879025,-1
36878957,17
36871119,25
36869222,52
36854964,34
36823348,68
36823165,7
36813827,1
36810915,-1
36806317,-1
36765123,4
36765093,1
36750629,-1
36747065,-1
36737644,-1
36737642,-1
36737624,27
36737496,79
36737475,-1
36732671,1
36732666,23
36732611,-1
36725977,4
36721023,-1
36702920,4
36702915,-1
36702878,1
36690689,65
36653524,2
36639725,22
36631665,-1
36631555,4
36599913,2
36596833,4
38448651,-1
39562825,26
39715810,0
38200151,33
39271847,-1
39341983,62
39358559,2
39521895,-1
39572755,2
38374424,10
38693205,1
39613828,8
38570554,3
38926552,27
39702641,3
39702672,2
39604549,3
39367112,0
39349949,-1
38760407,-1
38519626,61
39706895,59
38649447,59
39414999,66
38429418,23
38321131,-1
38218738,-1
38937643,22
39363013,24
38890404,4
38575794,17
39261642,2
39733165,-1
39468259,-1
38238410,1
39138304,-1
38347090,-1
39488652,-1
39375513,1
39147783,-1
38216626,16
38253738,2
39025937,-1
39587223,2
39095449,78
39134787,-1
38509224,44
39284871,-1
39695316,3
38862627,59
38702474,8
39557985,2
39030292,3
39616266,-1
38678094,-1
39242829,61
38472270,53
38493216,0
39075240,-1
38609435,2
39427044,1
39632973,69
39695276,-1
39354049,-1
39242810,-1
38429434,11
38263436,2
39572838,2
38383884,57
38368445,-1
38879663,10
39068241,-1
39462052,-1
39043988,3
39112566,1
39396094,22
39277683,-1
39627534,2
39443664,3
38704413,4
38182738,71
38499793,17
38862589,-1
38172429,-1
39271955,3
38654102,3
38332257,86
39174736,6
39658561,38
39354125,4
38253682,4
39181999,-1
38969786,-1
39271938,8
39632966,61
39390236,8
38609447,4
38622284,1
38762669,1
38977771,3
38866915,23
39511374,1
38413767,-1
38212607,1
39341936,6
38702471,1
39284923,-1
38909083,2
38971902,-1
38448743,2
38594477,2
39521935,-1
38750290,42
38773297,-1
39604584,18
39695259,-1
39567722,48
39489814,7
38347159,49
38355913,0
39638852,-1
39009773,59
39014060,86
38834756,11
39304709,3
39725693,-1
39562681,-1
38273098,2
38361152,2
38182737,27
39501092,18
38263386,23
38491126,2
38448611,25
39741218,-1
38789723,86
39090394,32
38902336,1
38783037,-1
39533053,-1
38704440,1
38744921,-1
39609533,17
39300208,13
38879640,86
39668168,3
38902477,-1
39182008,-1
39501083,1
38937550,-1
39181938,1
38824175,17
39227660,59
39580609,24
39616268,27
39427092,44
38796519,25
39616244,2
38594344,2
38992097,0
38429464,2
38778162,2
39237703,-1
39462093,63
38553625,3
39725711,-1
38605089,-1
39433945,3
38951666,4
38969775,36
38720011,2
39557997,11
39702673,1
38951560,-1
39251870,1
39702364,63
39695319,49
39060511,22
39343807,39
39702575,79
38341516,86
38760474,29
39014005,61
38729977,-1
38982211,-1
39169161,4
39349692,-1
38184701,4
39613928,-1
38789620,4
38783073,-1
38499608,-1
38291101,-1
39572625,-1
38890480,-1
38499729,10
38409350,48
38493202,4
39097662,65
38368458,27
39414980,42
39152209,1
38600151,2
38332372,27
38424267,-1
39289463,8
39358556,2
39639100,11
38429353,2
38654071,49
38609437,68
39443677,82
38755349,4
38438477,2
39266716,39
38267608,3
38396034,4
38714751,0
39738998,1
39702474,1
38637674,2
38253711,3
39164391,0
38609458,-1
39715803,2
39455883,2
39179798,1
39289474,16
39558021,3
38684903,-1
38424186,8
39039218,1
39039248,78
38615104,52
39251868,62
39251804,3
38992186,27
39557995,49
38486092,1
39406888,24
39592855,-1
38714742,-1
39256546,68
38216645,-1
39443585,-1
39033238,0
39402271,4
38491156,34
38279034,78
39695173,-1
41402410,17
40696111,1
40033130,3
40835713,8
39870855,1
41350804,25
41136754,48
41254208,-1
41254217,16
40467911,19
40640343,1
41310216,-1
40676147,2
41258399,1
41053272,11
40615692,0
41136708,2
41390878,2
40640575,-1
39856403,1
40442251,62
41361059,-1
41413170,3
40253547,2
40457016,59
41454038,-1
41366000,71
39966509,61
41193667,3
41272096,0
40695991,10
40588668,19
40595018,3
41249413,0
40702312,-1
41402520,11
41272171,-1
40750826,61
41476119,-1
40730644,3
41102258,-1
39894882,-1
39894840,15
40629133,28
41034558,8
40676130,53
40108310,-1
40025255,-1
39827300,3
40425725,16
40216912,1
40050401,-1
40550856,18
41291038,-1
39757250,1
41006898,-1
41238784,1
41402560,-1
40379835,3
40016503,8
40450151,7
39747639,1
39984678,4
40885746,-1
41402582,3
39799251,-1
40374901,61
40603634,1
40523954,1
40473925,2
41286436,1
39870867,8
40517144,0
41388138,3
41254301,71
41398059,-1
40360659,2
41398062,-1
40189694,23
41198821,3
40696110,-1
41339476,8
40399578,-1
41139154,2
40379845,23
40360673,15
41422179,1
40320492,3
41387546,4
40676244,-1
40229513,57
40374917,44
40413299,-1
40494933,1
40883417,-1
41102392,3
41249472,18
40195396,-1
40055532,15
39870920,-1
41184493,4
39827262,-1
40707760,-1
41326644,61
40195521,1
40269253,3
40998989,2
40617985,65
39934379,3
39966675,-1
41392273,38
41461915,1
40617964,2
40319185,-1
40413360,4
41361015,-1
41392270,-1
40467886,2
39820131,41
40517152,78
39953142,11
41315868,-1
40819001,-1
39893305,22
41145883,3
40764679,1
41034564,3
39885284,2
40652041,-1
40450111,72
40082662,3
40993300,1
40335647,-1
40251342,3
40481271,3
41466129,1
40204803,4
40436998,11
40999038,15
40210993,0
41353516,3
41315760,2
41102316,16
41345458,52
41353275,5
40437023,49
41290943,15
41062673,3
41038974,2
40346267,19
41249440,3
40826224,48
41249473,15
40133622,52
40307427,-1
40050366,3
40517175,49
40542189,1
41131352,-1
41408450,63
41366098,39
40069447,-1
39833503,1
41057559,3
41419550,-1
41469515,-1
40849400,34
41326766,27
40301581,-1
41102390,1
41272280,-1
40646156,48
40437236,-1
40665147,-1
40419669,5
39809874,8
41350414,4
39789102,-1
41299010,-1
40442294,1
41429891,3
40016286,4
40374984,41
40437210,-1
41299024,1
40664728,-1
41331050,10
41420101,1
40897901,1
40775041,1
39915633,-1
40797031,11
40065094,3
39779875,1
40205021,-1
41354762,-1
40804297,0
40419699,-1
39815013,61
40319154,3
39789235,3
39809918,8
41272279,-1
41266539,2
40685437,2
41444425,4
41261169,-1
40849351,29
40691277,3
39755754,27
41087591,-1
41286075,8
41350807,-1
40750656,8
41422356,-1
40610586,73
41233490,22
41249542,-1
40617877,11
40818998,44
40993183,24
41224856,3
41233470,0
41444764,11
41254183,1
40707601,42
40854957,-1
39779761,-1
41398057,-1
40295871,23
40817280,2
40517143,8
40707584,23
39757295,1
40849361,6
41436590,3
40050672,2
39934312,-1
41266514,-1
40379766,42
39988586,-1
40254642,-1
39753924,2
40355575,26
40659721,1
40825846,3
39953127,3
40653573,1
40341801,2
40514431,42
41272076,2
40461706,2
39870797,11
41057631,-1
40781164,3
41398461,1
40325165,-1
41476122,1
40038423,3
39966662,2
41038966,48
40514391,-1
40335679,24
41361038,-1
40610683,6
40640522,1
41261148,-1
40670653,-1
40074858,2
40652036,2
40379919,33
40615632,-1
40399429,48
40681745,1
39915652,1
41258135,29
41057566,3
40348936,-1
40473916,-1
41131344,-1
39885231,-1
40665151,43
40389599,1
39948243,38
41476131,1
40659838,24
40696002,-1
40993299,-1
40341287,6
40628992,8
40240489,2
40319106,3
39870798,44
40962915,-1
40057621,10
40204848,0
41162596,-1
41331330,4
40707735,21
40044879,4
40604229,3
41315669,44
40841482,6
40646167,-1
40866555,27
41028914,61
41249434,-1
41429926,86
41398439,1
40819002,1
40195470,23
41353464,-1
40275104,48
40369180,48
41038984,3
40467758,1
40108444,3
40410408,3
40819119,11
41249389,8
41461943,11
41298819,-1
40346344,3
40883427,-1
41120752,-1
40038520,2
40247026,0
41392206,-1
40796947,-1
41266569,-1
40275099,22
41254165,1
39962177,21
39994422,22
40634659,61
40316765,3
40082599,-1
40346298,39
40316703,-1
41214229,24
39915601,23
40312524,-1
40764752,34
40804187,-1
40730645,1
40032989,-1
40155703,3
40830581,0
40731070,2
40319170,1
41345783,-1
40696098,3
39890986,2
40745376,-1
39885315,-1
40634545,24
41339742,2
41249503,-1
41238742,-1
40855169,61
40467762,8
41233507,1
40897851,1
41372462,71
39825030,1
40382499,-1
39806194,6
40234671,-1
40369095,34
41372566,-1
41299062,-1
40360731,-1
39863790,1
39924572,11
40289217,-1
39748126,2
40681761,7
39875637,12
40537516,6
41454159,18
40341689,3
40038415,57
40473767,3
40691317,-1
39753917,44
40025194,-1
41469800,1
40210973,-1
39955463,-1
41249382,6
40490535,35
40108434,2
39984725,61
39994433,1
40360694,48
40998977,-1
40750683,2
40494920,-1
40500350,2
40745222,49
39934366,-1
39843957,44
40312534,-1
41286354,12
39934372,3
40097590,1
41254094,18
40885802,19
40825834,7
41449203,1
40189628,56
41162751,-1
40604240,-1
40596700,2
40410547,-1
41028413,3
40517140,7
41339473,1
39828791,12
40847126,-1
40082585,1
40646157,3
40750663,4
41454006,3
39789117,1
40676253,2
40715566,76
40610592,1
40316659,-1
41402452,1
39865143,3
40075149,8
41361520,29
40329052,16
40065130,2
41315854,3
39910290,2
41254234,2
40025285,1
41198914,-1
41298840,78
40866452,38
39799267,-1
40269244,2
40473915,-1
40335620,52
41249487,21
40188283,-1
40097720,3
40108342,-1
41258389,-1
40011639,2
41407822,2
40044878,-1
41455812,3
40494886,2
40750660,4
41429919,1
41131097,48
41272220,-1
40615665,72
41413254,8
40442323,71
40615666,-1
41437146,15
40481318,29
41444833,84
41261160,36
41310039,-1
40121370,48
40229460,-1
41350404,3
41266739,-1
41372518,-1
40835721,-1
40275055,-1
41381856,-1
40316762,-1
41286495,24
40849403,3
40537524,-1
33345811,45
33328030,2
33328029,22
33328028,2
33328027,22
33163951,0
33078140,0
33078139,0
32984792,-1
32959030,0
33328086,24
33328085,-1
33328084,-1
33328083,-1
33163952,1
33103097,8
33103096,-1
33103095,73
33103094,0
33015597,0
32905027,0
32839755,0
33328049,2
33328048,2
33328047,1
33328046,2
32984797,0
32984796,0
32984795,0
32984794,0
32984793,0
32838253,0
32838252,0
32838251,0
33345809,45
33328116,2
33328115,-1
33328114,2
33328113,45
33328112,1
33328111,1
33328110,2
33328109,83
32954244,83
32864600,65
32864599,-1
32838250,34
32838249,0
33328045,1
33328044,8
33328043,0
33328042,2
33328041,8
32835201,0
32835200,0
32835199,0
32835198,0
32835197,0
32835196,0
32835195,0
32835194,4
33328096,2
33328095,1
33328094,32
33328093,2
33328092,-1
33328091,-1
33328090,-1
33328089,-1
32835193,0
32835192,0
32835191,0
32617525,-1
33328125,-1
33328124,1
33328123,1
33328122,45
33328121,-1
33328120,-1
33328119,-1
33328118,-1
33328117,1
32501440,0
32501439,0
32501438,0
32501437,0
32382724,0
32363333,0
32346671,0
32322814,0
33345805,45
33328058,24
33328057,-1
33328056,1
33328055,-1
33328054,-1
33328053,-1
33328052,-1
33328051,1
33328050,-1
32518898,0
32373787,2
32373786,0
32373785,0
32373784,4
33334505,-1
33334504,4
33328078,21
33328077,4
33328076,4
33328075,4
33328074,2
33328073,-1
33328072,-1
32864598,-1
32309796,0
32296776,0
32289116,0
33334578,2
33334577,0
33334576,1
33334575,45
33334574,2
33334573,86
33334572,1
33328081,2
33328080,0
33328079,-1
32123864,1
33334566,-1
33334565,-1
33334564,8
33334563,-1
33334562,-1
33334561,-1
33334560,-1
33334559,0
33334558,8
33334557,16
33334556,-1
32864597,16
33328040,2
33328039,1
33328038,8
33328037,8
33328036,-1
33328035,-1
33328034,45
33328033,34
33328032,48
32133440,-1
34823706,0
34823705,19
34823704,0
34823703,0
34823702,13
34756569,18
34688602,-1
34688601,1
34686475,1
34686474,1
34654686,19
34625399,1
34625398,1
34598906,-1
34711379,2
34711378,24
34711377,68
34711376,45
34711375,45
34711374,24
34711373,7
34711372,4
34580055,16
34580054,16
34561202,2
34538737,1
34538736,1
34456179,0
34556290,0
34556289,-1
34509423,1
34509422,1
34481769,83
34481768,-1
34481767,83
34481766,4
34479825,0
34452874,53
34420908,45
34417147,1
34446266,2
34446265,24
34446264,45
34446263,24
34446262,-1
34384736,0
34334334,27
34334333,0
34332931,1
34305035,0
34303644,0
34325855,4
34325854,-1
34325853,1
34325852,2
34325851,-1
34325850,2
34325849,-1
34238721,0
34219054,24
34215564,29
34167765,1
34167764,38
34167763,-1
34167762,-1
34120887,1
34120886,1
34120885,1
34119451,45
34119450,45
34052209,45
34049834,0
34020933,2
34045004,41
34045003,1
34045002,0
34045001,0
34045000,-1
34044999,34
34044998,0
34044997,41
33967002,-1
33933404,42
33893070,24
33890579,1
33890578,-1
33890577,2
33858816,3
33858815,18
33836980,-1
33814326,0
33812915,45
33773969,0
33642239,0
33840633,73
33766289,1
33766288,-1
33766287,8
33766286,-1
33766285,5
33766284,-1
33678589,4
33640307,-1
33640306,-1
33612431,0
33612430,0
33610488,4
33574001,2
33574000,0
33573999,0
33549514,1
33549513,-1
33549512,1
33518503,0
33516653,4
33516652,45
33483278,0
33483277,0
33478929,2
33509389,1
33509388,0
33509387,0
33509386,41
33509385,1
33509384,0
33509383,0
33358138,2
33342754,0
33342753,0
33735071,45
33735070,0
33735069,1
33735068,0
33735067,0
33735066,1
33735065,-1
33735064,2
33735063,1
33735062,0
36427951,2
36427950,-1
36427949,-1
36427948,-1
36427947,-1
36371371,45
36335031,49
36333179,18
36307370,45
36270956,-1
36270955,-1
36154811,54
36307193,-1
36307192,1
36307191,34
36307190,0
36307189,2
36229346,2
36229345,2
36229344,-1
36192349,1
36192348,6
36182633,1
36154810,0
36266227,4
36150783,0
36150782,0
36150781,0
36150780,24
36150779,0
36150778,19
36057526,0
36050271,54
36038496,0
36028290,0
36028289,1
36028288,1
36028287,1
35963743,-1
35961858,0
35909059,0
35909058,-1
35906132,-1
35835712,0
35868813,-1
35868812,0
35868811,-1
35811295,0
35811294,-1
35803894,8
35786541,45
35780037,-1
35725824,-1
35750402,2
35750401,29
35750400,2
35750399,-1
35750398,2
35750397,0
35690576,0
35599143,-1
35595677,-1
35589549,0
35623799,86
35623798,41
35623797,41
35623796,41
35623795,41
35623794,41
35568691,2
35568690,2
35562273,29
35466080,45
35466079,0
35430151,1
35461692,0
35461691,1
35461690,86
35461689,-1
35461688,-1
35461687,-1
35461686,1
35461685,-1
35396184,-1
35396183,2
35396182,2
35379593,8
35370106,45
35367192,-1
35341713,1
35341712,-1
35337644,-1
35337643,-1
35337642,0
35337641,30
35337640,2
35337639,2
35337638,2
35337637,-1
35279399,0
35279398,0
35272973,1
35272972,1
35272971,16
35216754,4
35216753,18
35216752,-1
35216751,6
35216750,16
35216748,18
35216747,6
35216746,4
35090679,38
35090678,45
35090677,-1
35090676,0
35090675,-1
35090674,71
35034864,0
35034863,0
34998740,71
34998739,71
34836823,2
34952679,1
34952678,0
34952677,24
34952676,38
34952675,38
34952674,-1
34952673,4
34863649,71
34794931,-1
34794930,-1
34772649,86
34740555,0
38000876,4
38000875,3
38000874,1
38000873,-1
38000872,-1
38000871,-1
38000870,-1
38000869,-1
38000868,-1
38000867,-1
37940490,-1
37940489,-1
37890905,77
37890904,0
37890903,-1
37890902,1
37890901,-1
37890900,0
37890899,0
37775472,1
37770336,2
37770335,24
37741765,-1
37640599,-1
39492289,-1
37775190,34
37775189,0
37775188,86
37775187,8
37775186,45
37775185,86
37775184,8
37775183,8
37726187,-1
37690911,2
37690910,2
37652841,-1
37599148,2
37599147,21
37567794,1
37567793,1
37625897,0
37625896,2
37625895,-1
37625894,1
37625893,-1
37558555,45
37543513,16
37543512,16
37537122,-1
37537121,0
37516557,0
37474439,1
37507197,4
37507196,-1
37507195,45
37507194,0
37422342,-1
37419844,-1
37419843,-1
37393162,1
37393161,1
37295972,-1
37295971,-1
37391266,49
37391265,0
37391264,45
37391263,2
37391262,4
37268451,1
37268450,1
37211455,1
37210230,18
37210229,18
37202336,0
37236698,-1
37236697,38
37236696,23
37236695,49
37236694,65
37179158,0
37120418,3
37105800,4
37088692,1
37087370,1
37061351,25
37061350,25
37100545,-1
37100544,4
37100543,34
37100542,1
37100541,-1
37100540,61
37032201,-1
37032200,36
36966119,1
36966118,1
36963911,-1
36963910,0
36963909,-1
36963908,57
36963907,0
36963906,57
36963905,49
36894409,15
36872190,53
36872189,53
36797124,49
36828609,64
36828608,-1
36828607,10
36828606,10
36828605,-1
36828604,24
36828602,0
36828601,-1
36754725,15
36754724,15
36754723,15
36707190,-1
36707189,-1
36707188,0
36707187,0
36707186,-1
36707185,4
36528543,45
36528542,-1
36528541,-1
36496303,1
36543476,45
36543475,-1
36543474,2
36517410,-1
36460578,-1
36424338,65
36424337,0
39613374,45
39613373,24
39613372,24
39547914,-1
39547913,-1
39547912,4
39547911,4
39419729,8
39368871,8
39368870,8
39455195,0
39455194,24
39455193,2
39455192,71
39455191,0
39455190,-1
39455189,-1
39455188,81
39384452,45
39379267,30
39358064,-1
39332937,10
39294061,48
39332855,-1
39332854,1
39332853,0
39332852,1
39332851,45
39332850,-1
39332849,-1
39232986,45
39214764,4
39214763,-1
39214762,2
39214761,4
39214760,2
39214759,2
39214758,4
39179311,3
39179310,-1
39179309,45
39179308,2
39179307,2
39138096,0
39138095,-1
39112110,68
39033067,24
39059890,2
39059889,0
39059888,-1
39059887,0
39059886,45
39059885,0
39059884,-1
39059883,-1
39059882,48
38987117,3
38987116,1
38981834,24
38926009,2
38906618,-1
38906617,-1
38906616,29
38906615,0
38906614,16
38906613,-1
38906612,38
38906611,8
38906610,45
38906609,45
38906608,34
38906607,3
38906606,61
38906605,-1
38906604,-1
38849291,1
38816299,2
38789142,-1
38789141,71
38789140,-1
38789139,-1
38789138,-1
38789137,-1
38789136,-1
38789135,-1
38670902,45
38664108,3
38658283,3
38670745,2
38670744,0
38670743,1
38670742,8
38670741,-1
38670740,0
38670739,3
38670738,2
38670737,2
38670736,-1
38670735,45
38519155,7
38519154,-1
38519153,71
38519152,-1
38519151,33
38519150,7
38519149,71
38519148,3
38443309,16
38402128,4
38395542,4
38395541,-1
38395540,52
38395539,58
38395538,-1
38395537,1
38395536,45
38395535,1
38395534,1
38395532,-1
38395531,58
38395530,4
38262801,23
38212232,-1
38278619,0
38278618,4
38278617,42
38278616,-1
38278615,-1
38278614,-1
38278613,-1
38135556,1
38123256,-1
38123255,2
38123254,1
38123253,48
38123252,3
38123251,-1
38123250,-1
38123249,3
38071118,24
38065779,-1
38065778,-1
37996339,-1
37977999,2
37968170,-1
41444071,-1
41436327,24
41421913,-1
41419365,-1
41407582,-1
41391983,2
41387134,2
41339157,29
41330821,2
41309428,24
41381302,1
41381301,2
41381300,2
41381299,2
41372053,-1
41330822,44
41318283,-1
41290454,8
41290453,1
41276431,48
41274833,-1
41207814,6
41107202,-1
41073188,2
41344797,2
41241583,4
41241582,2
41241581,2
41238507,18
41238506,18
41238505,-1
41206261,-1
41206260,8
41188115,16
41107201,-1
41047321,2
41027822,-1
40998651,18
40930926,-1
40866284,24
40866282,15
40816978,48
40783350,2
40866283,0
40858480,0
40829965,1
40816977,2
40803944,48
40769794,71
40769793,71
40707334,2
40695651,21
40610362,4
40769792,-1
40752990,2
40681372,2
40610361,0
40518342,61
40467357,1
40414783,-1
40404544,0
40544083,1
40523833,0
40523832,0
40483215,-1
40461350,2
40461349,-1
40368744,4
40345937,1
40382274,-1
40382273,-1
40374487,-1
40374486,-1
40360351,61
40312169,1
40204580,45
40204579,0
40185647,1
40148011,2
40148010,71
40148009,71
40148008,45
40148007,0
40148006,0
40023729,-1
39984419,44
39779452,3
39709282,0
40015765,23
40015764,38
40015763,71
40015762,11
40015761,2
40015760,-1
39904653,2
39904652,2
39794174,-1
39672737,4
39890245,0
39890244,-1
39890243,-1
39890242,-1
39890240,2
39890239,63
39890238,2
39890237,54
39709281,0
39603900,44
39722254,3
39722253,71
39722252,4
39722251,3
39722250,-1
39722249,1
39722248,1
39701920,-1
39701919,2
39665944,86
39572283,4
39550312,15
39550311,4
