pmid,journal_key,year,topic
33059366,JAMIA,2020,-1
33031543,JAMIA,2020,-1
32311047,JAMIA,2020,0
32521006,JAMIA,2020,5
32626903,JAMIA,2020,-1
32909035,JAMIA,2020,96
32761100,JAMIA,2020,-1
32935127,JAMIA,2020,-1
31943019,JAMIA,2020,28
32929458,JAMIA,2020,-1
32935131,JAMIA,2020,-1
32918447,JAMIA,2020,0
32651588,JAMIA,2020,-1
32548642,JAMIA,2020,-1
32951036,JAMIA,2020,48
32940694,JAMIA,2020,20
32159770,JAMIA,2020,9
32208481,JAMIA,2020,0
32186718,JAMIA,2020,29
32324855,JAMIA,2020,0
32692845,JAMIA,2020,0
33059367,JAMIA,2020,-1
31390003,JAMIA,2020,37
32377676,JAMIA,2020,14
31504605,JAMIA,2020,37
32016394,JAMIA,2020,9
31889178,JAMIA,2020,27
33166397,JAMIA,2020,40
32100012,JAMIA,2020,-1
32016407,JAMIA,2020,2
32951031,JAMIA,2020,29
32196092,JAMIA,2020,102
32692844,JAMIA,2020,46
32470974,JAMIA,2020,0
31592532,JAMIA,2020,3
32968785,JAMIA,2020,73
32516374,JAMIA,2020,0
32090265,JAMIA,2020,-1
32548627,JAMIA,2020,95
33202020,JAMIA,2020,44
32585698,JAMIA,2020,48
32979046,JAMIA,2020,13
32574353,JAMIA,2020,48
32442263,JAMIA,2020,0
31591641,JAMIA,2020,37
32458963,JAMIA,2020,0
32374376,JAMIA,2020,83
32766692,JAMIA,2020,-1
31633756,JAMIA,2020,1
33040151,JAMIA,2020,-1
32134447,JAMIA,2020,14
32569358,JAMIA,2020,0
32333757,JAMIA,2020,0
33051682,JAMIA,2020,0
32989458,JAMIA,2020,54
32687152,JAMIA,2020,0
32311036,JAMIA,2020,0
32772089,JAMIA,2020,64
32142114,JAMIA,2020,-1
32337561,JAMIA,2020,2
32337600,JAMIA,2020,-1
32392280,JAMIA,2020,0
32417894,JAMIA,2020,-1
32885818,JAMIA,2020,42
32181812,JAMIA,2020,72
32866249,JAMIA,2020,0
31889182,JAMIA,2020,-1
32364237,JAMIA,2020,-1
33029642,JAMIA,2020,18
32068839,JAMIA,2020,10
32827027,JAMIA,2020,40
31951002,JAMIA,2020,-1
33029619,JAMIA,2020,16
33202021,JAMIA,2020,44
31750912,JAMIA,2020,9
31722414,JAMIA,2020,2
32618999,JAMIA,2020,0
32282922,JAMIA,2020,0
32348469,JAMIA,2020,0
32940711,JAMIA,2020,0
32683453,JAMIA,2020,-1
32442266,JAMIA,2020,0
32667985,JAMIA,2020,0
32364235,JAMIA,2020,38
32719838,JAMIA,2020,18
31682253,JAMIA,2020,40
32330258,JAMIA,2020,76
32232432,JAMIA,2020,0
32835358,JAMIA,2020,0
32357370,JAMIA,2020,9
32106284,JAMIA,2020,-1
32940673,JAMIA,2020,-1
32343813,JAMIA,2020,0
32940707,JAMIA,2020,59
32134444,JAMIA,2020,20
32568392,JAMIA,2020,103
32090259,JAMIA,2020,-1
32574362,JAMIA,2020,-1
32267928,JAMIA,2020,0
32302395,JAMIA,2020,0
31841150,JAMIA,2020,37
32594122,JAMIA,2020,11
32940710,JAMIA,2020,-1
32044989,JAMIA,2020,18
33043370,JAMIA,2020,15
32620950,JAMIA,2020,100
32930712,JAMIA,2020,18
31913479,JAMIA,2020,-1
31592524,JAMIA,2020,-1
32589735,JAMIA,2020,0
32421829,JAMIA,2020,29
31605490,JAMIA,2020,18
32311034,JAMIA,2020,0
32495830,JAMIA,2020,0
31605488,JAMIA,2020,99
31925442,JAMIA,2020,-1
32984901,JAMIA,2020,-1
31858114,JAMIA,2020,-1
32989446,JAMIA,2020,76
32940692,JAMIA,2020,-1
32501484,JAMIA,2020,0
31943009,JAMIA,2020,38
32374378,JAMIA,2020,-1
32687151,JAMIA,2020,0
32240303,JAMIA,2020,0
31986197,JAMIA,2020,21
32364236,JAMIA,2020,60
32374406,JAMIA,2020,21
32483590,JAMIA,2020,-1
32521001,JAMIA,2020,-1
31682262,JAMIA,2020,8
31197355,JAMIA,2020,37
33067630,JAMIA,2020,98
31743934,JAMIA,2020,41
31670816,JAMIA,2020,45
31697326,JAMIA,2020,45
31617899,JAMIA,2020,20
32968811,JAMIA,2020,-1
32150259,JAMIA,2020,28
31592533,JAMIA,2020,42
32930711,JAMIA,2020,5
33120431,JAMIA,2020,18
33067628,JAMIA,2020,0
32364234,JAMIA,2020,-1
32442252,JAMIA,2020,-1
32620945,JAMIA,2020,36
32134456,JAMIA,2020,-1
32364238,JAMIA,2020,21
32984890,JAMIA,2020,0
31769835,JAMIA,2020,37
32049356,JAMIA,2020,64
32472120,JAMIA,2020,18
33301025,JAMIA,2020,-1
32142137,JAMIA,2020,18
32642750,JAMIA,2020,-1
32181803,JAMIA,2020,45
33001156,JAMIA,2020,0
31999316,JAMIA,2020,45
32467973,JAMIA,2020,15
32594179,JAMIA,2020,-1
32638010,JAMIA,2020,-1
31592534,JAMIA,2020,2
32337588,JAMIA,2020,53
32974638,JAMIA,2020,20
32620948,JAMIA,2020,2
32679585,JAMIA,2020,79
32719839,JAMIA,2020,-1
32049282,JAMIA,2020,5
32761211,JAMIA,2020,0
31592529,JAMIA,2020,64
31633755,JAMIA,2020,-1
32548638,JAMIA,2020,87
32364233,JAMIA,2020,40
32388549,JAMIA,2020,18
32330255,JAMIA,2020,-1
32719880,JAMIA,2020,-1
32279080,JAMIA,2020,40
32274495,JAMIA,2020,73
32483629,JAMIA,2020,-1
32531066,JAMIA,2020,0
32929494,JAMIA,2020,30
32377679,JAMIA,2020,53
33053157,JAMIA,2020,29
33063114,JAMIA,2020,28
31841146,JAMIA,2020,21
32909034,JAMIA,2020,54
33040152,JAMIA,2020,0
32585689,JAMIA,2020,64
32106285,JAMIA,2020,-1
31651956,JAMIA,2020,71
32346726,JAMIA,2020,-1
32417928,JAMIA,2020,101
32620975,JAMIA,2020,0
33029614,JAMIA,2020,18
32719837,JAMIA,2020,-1
32602884,JAMIA,2020,0
31578546,JAMIA,2020,-1
32940705,JAMIA,2020,0
31977041,JAMIA,2020,15
33202019,JAMIA,2020,54
31951005,JAMIA,2020,41
32915206,JAMIA,2020,64
32449766,JAMIA,2020,0
32845984,JAMIA,2020,72
32357368,JAMIA,2020,-1
32447373,JAMIA,2020,0
31135882,JAMIA,2020,37
31592525,JAMIA,2020,-1
32374408,JAMIA,2020,20
31794016,JAMIA,2020,18
33106874,JAMIA,2020,2
32055863,JAMIA,2020,54
31626294,JAMIA,2020,-1
32548622,JAMIA,2020,5
31584645,JAMIA,2020,1
32968800,JAMIA,2020,18
32719859,JAMIA,2020,9
32548636,JAMIA,2020,0
31816040,JAMIA,2020,36
32869093,JAMIA,2020,-1
32935124,JAMIA,2020,87
31682267,JAMIA,2020,-1
33120430,JAMIA,2020,2
32176802,JAMIA,2020,29
32909033,JAMIA,2020,40
32626900,JAMIA,2020,36
32065628,JAMIA,2020,-1
32176801,JAMIA,2020,54
33020847,JAMIA,2020,29
31334805,JAMIA,2020,37
32027357,JAMIA,2020,2
31943012,JAMIA,2020,37
32016375,JAMIA,2020,9
33001154,JAMIA,2020,0
32719840,JAMIA,2020,-1
31972023,JAMIA,2020,-1
32134449,JAMIA,2020,64
32918476,JAMIA,2020,-1
31621847,JAMIA,2020,21
31710668,JAMIA,2020,22
32885823,JAMIA,2020,20
32049329,JAMIA,2020,99
31591640,JAMIA,2020,100
31722396,JAMIA,2020,20
32027359,JAMIA,2020,40
31794030,JAMIA,2020,-1
32989459,JAMIA,2020,42
32910823,JAMIA,2020,18
32483587,JAMIA,2020,-1
32333753,JAMIA,2020,0
33225361,JAMIA,2021,-1
33325524,JAMIA,2021,0
34549294,JAMIA,2021,44
34415311,JAMIA,2021,0
33792724,JAMIA,2021,4
33094346,JAMIA,2021,-1
33871018,JAMIA,2021,9
34343285,JAMIA,2021,0
34180522,JAMIA,2021,16
34338763,JAMIA,2021,-1
34338786,JAMIA,2021,86
33484128,JAMIA,2021,-1
33537772,JAMIA,2021,36
34423364,JAMIA,2021,-1
33657217,JAMIA,2021,-1
34350942,JAMIA,2021,-1
34142142,JAMIA,2021,14
33355350,JAMIA,2021,-1
33120411,JAMIA,2021,-1
34613399,JAMIA,2021,44
33570148,JAMIA,2021,66
33404595,JAMIA,2021,75
32805004,JAMIA,2021,0
34664640,JAMIA,2021,-1
33236109,JAMIA,2021,82
33463685,JAMIA,2021,41
34791265,JAMIA,2021,11
34569603,JAMIA,2021,-1
34279636,JAMIA,2021,43
34313750,JAMIA,2021,11
33749793,JAMIA,2021,-1
33576379,JAMIA,2021,-1
33585936,JAMIA,2021,9
34313748,JAMIA,2021,40
34086902,JAMIA,2021,-1
34534312,JAMIA,2021,-1
34338781,JAMIA,2021,-1
33706378,JAMIA,2021,-1
34963144,JAMIA,2021,54
33677589,JAMIA,2021,-1
34151986,JAMIA,2021,0
33479727,JAMIA,2021,0
34022045,JAMIA,2021,0
33164065,JAMIA,2021,40
33367620,JAMIA,2021,42
33566093,JAMIA,2021,-1
34383925,JAMIA,2021,-1
33150354,JAMIA,2021,-1
34329435,JAMIA,2021,54
34279657,JAMIA,2021,-1
34623426,JAMIA,2021,0
33325533,JAMIA,2021,0
33463681,JAMIA,2021,-1
32866264,JAMIA,2021,0
34010385,JAMIA,2021,-1
33582820,JAMIA,2021,-1
33221852,JAMIA,2021,53
33325504,JAMIA,2021,-1
33712828,JAMIA,2021,-1
33355360,JAMIA,2021,9
33496786,JAMIA,2021,5
34383912,JAMIA,2021,-1
33043366,JAMIA,2021,20
33211862,JAMIA,2021,9
34608931,JAMIA,2021,-1
34338801,JAMIA,2021,16
34664664,JAMIA,2021,2
33306790,JAMIA,2021,0
34695190,JAMIA,2021,11
34363654,JAMIA,2021,54
32894772,JAMIA,2021,0
34498059,JAMIA,2021,0
33185672,JAMIA,2021,0
34180527,JAMIA,2021,-1
33587750,JAMIA,2021,54
34665246,JAMIA,2021,66
33186458,JAMIA,2021,28
33659993,JAMIA,2021,-1
33325514,JAMIA,2021,-1
33295626,JAMIA,2021,0
33575787,JAMIA,2021,9
34009343,JAMIA,2021,20
34151988,JAMIA,2021,-1
34333623,JAMIA,2021,-1
33029643,JAMIA,2021,9
34270710,JAMIA,2021,5
33165614,JAMIA,2021,0
33566082,JAMIA,2021,0
34472601,JAMIA,2021,-1
34100950,JAMIA,2021,15
33367670,JAMIA,2021,67
33325532,JAMIA,2021,-1
34613400,JAMIA,2021,83
34963141,JAMIA,2021,41
33313899,JAMIA,2021,20
34537851,JAMIA,2021,90
33338231,JAMIA,2021,97
33484123,JAMIA,2021,-1
33120424,JAMIA,2021,-1
33313867,JAMIA,2021,9
33576377,JAMIA,2021,0
33247720,JAMIA,2021,0
33954750,JAMIA,2021,64
33215194,JAMIA,2021,32
34198342,JAMIA,2021,64
33712854,JAMIA,2021,-1
34022053,JAMIA,2021,0
33164076,JAMIA,2021,0
33576432,JAMIA,2021,9
34100949,JAMIA,2021,-1
33340404,JAMIA,2021,8
33125032,JAMIA,2021,0
34524450,JAMIA,2021,16
34472597,JAMIA,2021,60
33448306,JAMIA,2021,42
34498082,JAMIA,2021,-1
34390582,JAMIA,2021,0
33260204,JAMIA,2021,-1
34151967,JAMIA,2021,29
34100952,JAMIA,2021,-1
34313774,JAMIA,2021,-1
34261133,JAMIA,2021,0
33355351,JAMIA,2021,18
33063087,JAMIA,2021,-1
34179983,JAMIA,2021,64
33150369,JAMIA,2021,18
34480569,JAMIA,2021,0
33497439,JAMIA,2021,2
33175154,JAMIA,2021,9
33180917,JAMIA,2021,14
34725693,JAMIA,2021,8
34664647,JAMIA,2021,14
33997903,JAMIA,2021,-1
34313749,JAMIA,2021,40
33674865,JAMIA,2021,8
34459475,JAMIA,2021,0
34741507,JAMIA,2021,3
34963145,JAMIA,2021,-1
33027509,JAMIA,2021,0
33690794,JAMIA,2021,0
34741510,JAMIA,2021,-1
33993254,JAMIA,2021,46
32805036,JAMIA,2021,0
33316057,JAMIA,2021,-1
33484133,JAMIA,2021,92
34279631,JAMIA,2021,-1
34151965,JAMIA,2021,-1
33893511,JAMIA,2021,-1
33410891,JAMIA,2021,-1
34142141,JAMIA,2021,-1
34963143,JAMIA,2021,-1
34643710,JAMIA,2021,60
34672323,JAMIA,2021,0
33987667,JAMIA,2021,-1
33186438,JAMIA,2021,2
33180897,JAMIA,2021,5
34741513,JAMIA,2021,52
33674830,JAMIA,2021,0
34339500,JAMIA,2021,21
33713139,JAMIA,2021,0
33550392,JAMIA,2021,9
33367831,JAMIA,2021,76
34279660,JAMIA,2021,46
34791297,JAMIA,2021,-1
34741512,JAMIA,2021,-1
34387686,JAMIA,2021,2
33164082,JAMIA,2021,-1
33496785,JAMIA,2021,-1
33319904,JAMIA,2021,-1
34363677,JAMIA,2021,83
33596593,JAMIA,2021,29
33871017,JAMIA,2021,33
34486675,JAMIA,2021,-1
33895827,JAMIA,2021,0
34651187,JAMIA,2021,10
34389848,JAMIA,2021,83
33164105,JAMIA,2021,-1
33150404,JAMIA,2021,-1
33367815,JAMIA,2021,9
34010406,JAMIA,2021,24
33712850,JAMIA,2021,-1
34613393,JAMIA,2021,-1
34498063,JAMIA,2021,-1
33355353,JAMIA,2021,1
34586386,JAMIA,2021,18
34333606,JAMIA,2021,40
34791282,JAMIA,2021,-1
33164063,JAMIA,2021,0
33713131,JAMIA,2021,0
33120412,JAMIA,2021,53
33712836,JAMIA,2021,45
33880557,JAMIA,2021,50
33260202,JAMIA,2021,47
33677514,JAMIA,2021,-1
34613371,JAMIA,2021,46
33895824,JAMIA,2021,8
34648005,JAMIA,2021,0
33260207,JAMIA,2021,0
33594412,JAMIA,2021,20
33249472,JAMIA,2021,-1
34637521,JAMIA,2021,17
33367705,JAMIA,2021,18
34270701,JAMIA,2021,37
34486044,JAMIA,2021,89
33594415,JAMIA,2021,5
34505903,JAMIA,2021,20
34529084,JAMIA,2021,-1
33712848,JAMIA,2021,10
33899105,JAMIA,2021,9
34569593,JAMIA,2021,-1
34333626,JAMIA,2021,-1
33164054,JAMIA,2021,0
33164058,JAMIA,2021,53
34695193,JAMIA,2021,64
33956971,JAMIA,2021,-1
33150942,JAMIA,2021,37
34157112,JAMIA,2021,0
33150394,JAMIA,2021,-1
34151980,JAMIA,2021,0
33930132,JAMIA,2021,66
32827030,JAMIA,2021,-1
33164077,JAMIA,2021,-1
34472609,JAMIA,2021,10
33682004,JAMIA,2021,45
33895839,JAMIA,2021,0
33166379,JAMIA,2021,79
33537756,JAMIA,2021,9
33835183,JAMIA,2021,53
33463691,JAMIA,2021,-1
34536285,JAMIA,2021,89
33164061,JAMIA,2021,40
33647989,JAMIA,2021,0
33120418,JAMIA,2021,-1
34010425,JAMIA,2021,-1
33120413,JAMIA,2021,37
34569596,JAMIA,2021,46
34472611,JAMIA,2021,-1
33871016,JAMIA,2021,9
33993310,JAMIA,2021,0
33880534,JAMIA,2021,9
33216120,JAMIA,2021,0
33355359,JAMIA,2021,18
33197268,JAMIA,2021,0
33125051,JAMIA,2021,0
33260201,JAMIA,2021,-1
33956981,JAMIA,2021,-1
34010404,JAMIA,2021,28
33517402,JAMIA,2021,0
32986795,JAMIA,2021,0
34401908,JAMIA,2021,-1
34613410,JAMIA,2022,87
35380666,JAMIA,2022,-1
34918098,JAMIA,2022,-1
35311903,JAMIA,2022,11
34962283,JAMIA,2022,20
35438796,JAMIA,2022,-1
36040190,JAMIA,2022,45
35652167,JAMIA,2022,2
35167689,JAMIA,2022,-1
35139533,JAMIA,2022,20
35864720,JAMIA,2022,-1
35396996,JAMIA,2022,48
34957491,JAMIA,2022,2
36514931,JAMIA,2022,-1
35396995,JAMIA,2022,87
35477787,JAMIA,2022,0
36036367,JAMIA,2022,2
35751571,JAMIA,2022,-1
35022741,JAMIA,2022,9
35472083,JAMIA,2022,28
34725682,JAMIA,2022,87
34405866,JAMIA,2022,27
35897157,JAMIA,2022,-1
35652165,JAMIA,2022,-1
35713633,JAMIA,2022,79
34871412,JAMIA,2022,64
35263437,JAMIA,2022,2
36029243,JAMIA,2022,0
35595301,JAMIA,2022,-1
35641135,JAMIA,2022,5
35015861,JAMIA,2022,-1
34590684,JAMIA,2022,0
34897469,JAMIA,2022,41
35171985,JAMIA,2022,40
36164820,JAMIA,2022,-1
35290460,JAMIA,2022,-1
36194118,JAMIA,2022,11
35932187,JAMIA,2022,2
35594902,JAMIA,2022,11
35271724,JAMIA,2022,-1
35301538,JAMIA,2022,-1
34383916,JAMIA,2022,1
35869954,JAMIA,2022,41
36173361,JAMIA,2022,9
34405856,JAMIA,2022,69
35146510,JAMIA,2022,-1
36217862,JAMIA,2022,-1
34888680,JAMIA,2022,0
36102131,JAMIA,2022,54
35985279,JAMIA,2022,-1
34472616,JAMIA,2022,87
36063414,JAMIA,2022,21
36206130,JAMIA,2022,0
36287916,JAMIA,2022,36
36264258,JAMIA,2022,2
36083212,JAMIA,2022,-1
34897466,JAMIA,2022,71
35396991,JAMIA,2022,75
35137107,JAMIA,2022,0
36228116,JAMIA,2022,100
35686364,JAMIA,2022,-1
35799373,JAMIA,2022,9
35333345,JAMIA,2022,-1
35475536,JAMIA,2022,-1
36069887,JAMIA,2022,44
35190834,JAMIA,2022,-1
35226056,JAMIA,2022,11
34559880,JAMIA,2022,-1
35822556,JAMIA,2022,54
35822406,JAMIA,2022,-1
34569604,JAMIA,2022,87
35020882,JAMIA,2022,0
35024858,JAMIA,2022,87
35417018,JAMIA,2022,-1
36323268,JAMIA,2022,29
34850911,JAMIA,2022,79
36048014,JAMIA,2022,-1
35773963,JAMIA,2022,54
35997550,JAMIA,2022,89
36130409,JAMIA,2022,0
34990507,JAMIA,2022,-1
35582891,JAMIA,2022,14
35652172,JAMIA,2022,64
36259967,JAMIA,2022,-1
35700121,JAMIA,2022,17
36040207,JAMIA,2022,2
36305781,JAMIA,2022,99
35289371,JAMIA,2022,-1
36240449,JAMIA,2022,53
34918101,JAMIA,2022,-1
35271723,JAMIA,2022,9
35579334,JAMIA,2022,54
35552418,JAMIA,2022,50
35435957,JAMIA,2022,-1
35920306,JAMIA,2022,47
34871423,JAMIA,2022,-1
35289368,JAMIA,2022,79
35639494,JAMIA,2022,81
35773948,JAMIA,2022,-1
35485600,JAMIA,2022,-1
35713521,JAMIA,2022,11
36166717,JAMIA,2022,-1
35190824,JAMIA,2022,8
35699571,JAMIA,2022,28
36036358,JAMIA,2022,-1
35187571,JAMIA,2022,-1
35289912,JAMIA,2022,0
35976140,JAMIA,2022,45
35582885,JAMIA,2022,93
35595298,JAMIA,2022,11
35348718,JAMIA,2022,-1
36217861,JAMIA,2022,18
35543600,JAMIA,2022,-1
35713640,JAMIA,2022,95
36227072,JAMIA,2022,59
35927974,JAMIA,2022,42
34850917,JAMIA,2022,-1
35985294,JAMIA,2022,95
34664656,JAMIA,2022,-1
35092276,JAMIA,2022,-1
35568993,JAMIA,2022,99
36214629,JAMIA,2022,0
36228127,JAMIA,2022,-1
36173371,JAMIA,2022,40
35822400,JAMIA,2022,89
34915552,JAMIA,2022,5
36169596,JAMIA,2022,89
34897458,JAMIA,2022,-1
36228120,JAMIA,2022,42
34850002,JAMIA,2022,46
35818288,JAMIA,2022,-1
35876830,JAMIA,2022,28
35441692,JAMIA,2022,0
34850890,JAMIA,2022,71
35357487,JAMIA,2022,0
36228125,JAMIA,2022,-1
36047844,JAMIA,2022,0
35799370,JAMIA,2022,20
35595237,JAMIA,2022,0
36288464,JAMIA,2022,87
35666140,JAMIA,2022,0
35641123,JAMIA,2022,8
35289369,JAMIA,2022,-1
35848784,JAMIA,2022,18
34643701,JAMIA,2022,-1
35689649,JAMIA,2022,-1
34919694,JAMIA,2022,79
34864995,JAMIA,2022,75
35211742,JAMIA,2022,48
35579328,JAMIA,2022,-1
34741511,JAMIA,2022,1
35994003,JAMIA,2022,43
35689652,JAMIA,2022,-1
35751441,JAMIA,2022,22
35426943,JAMIA,2022,94
34849972,JAMIA,2022,87
35904765,JAMIA,2022,0
36474431,JAMIA,2022,46
35022756,JAMIA,2022,-1
35182148,JAMIA,2022,-1
35196368,JAMIA,2022,0
36018725,JAMIA,2022,71
35380677,JAMIA,2022,-1
36303456,JAMIA,2022,-1
34927681,JAMIA,2022,17
34927692,JAMIA,2022,-1
35303086,JAMIA,2022,54
35869952,JAMIA,2022,-1
35048976,JAMIA,2022,-1
36048021,JAMIA,2022,48
35818299,JAMIA,2022,2
35024857,JAMIA,2022,100
34741505,JAMIA,2022,21
35187569,JAMIA,2022,64
34871428,JAMIA,2022,-1
35575780,JAMIA,2022,2
34897493,JAMIA,2022,9
34966930,JAMIA,2022,-1
35927964,JAMIA,2022,45
35024859,JAMIA,2022,-1
35511151,JAMIA,2022,0
35678579,JAMIA,2022,0
36269091,JAMIA,2022,11
34741516,JAMIA,2022,79
35165743,JAMIA,2022,100
36228119,JAMIA,2022,54
35511233,JAMIA,2022,-1
34849976,JAMIA,2022,79
35022765,JAMIA,2022,21
36257635,JAMIA,2022,89
36094062,JAMIA,2022,89
36164826,JAMIA,2022,15
34605910,JAMIA,2022,87
35960171,JAMIA,2022,89
35595236,JAMIA,2022,0
35799406,JAMIA,2022,23
35923088,JAMIA,2022,18
34849986,JAMIA,2022,-1
35641136,JAMIA,2022,46
36264269,JAMIA,2022,89
35864736,JAMIA,2022,0
34151976,JAMIA,2022,39
36308771,JAMIA,2022,-1
35869951,JAMIA,2022,-1
36149257,JAMIA,2022,30
35751440,JAMIA,2022,50
36287639,JAMIA,2022,-1
35092685,JAMIA,2022,0
35927972,JAMIA,2022,-1
35640013,JAMIA,2022,-1
34964467,JAMIA,2022,-1
35224632,JAMIA,2022,100
35182149,JAMIA,2022,28
35831954,JAMIA,2022,76
35357470,JAMIA,2022,-1
35534996,JAMIA,2022,2
36269168,JAMIA,2022,21
35641139,JAMIA,2022,98
36040195,JAMIA,2022,-1
36314391,JAMIA,2022,89
36164822,JAMIA,2022,64
36287823,JAMIA,2022,-1
36219786,JAMIA,2022,89
36250788,JAMIA,2022,8
36382380,JAMIA,2022,89
35348688,JAMIA,2022,-1
34897460,JAMIA,2022,-1
35877074,JAMIA,2022,2
34613409,JAMIA,2022,79
35020887,JAMIA,2022,94
35923089,JAMIA,2022,13
34939117,JAMIA,2022,83
35775946,JAMIA,2022,0
35190832,JAMIA,2022,-1
36018731,JAMIA,2022,2
35137149,JAMIA,2022,0
35045179,JAMIA,2022,-1
36173351,JAMIA,2022,9
36125018,JAMIA,2022,2
35244165,JAMIA,2022,2
35196369,JAMIA,2022,-1
35289370,JAMIA,2022,79
36173364,JAMIA,2022,-1
36099154,JAMIA,2022,9
35442438,JAMIA,2022,64
35640010,JAMIA,2022,9
34613388,JAMIA,2022,-1
34559221,JAMIA,2022,-1
35818340,JAMIA,2022,46
35167675,JAMIA,2022,-1
38134400,JAMIA,2023,-1
37952118,JAMIA,2023,59
37949101,JAMIA,2023,13
37934728,JAMIA,2023,92
37903375,JAMIA,2023,-1
37885303,JAMIA,2023,75
37875066,JAMIA,2023,2
37847669,JAMIA,2023,4
37847668,JAMIA,2023,20
37847666,JAMIA,2023,-1
37847664,JAMIA,2023,-1
37847653,JAMIA,2023,37
37846192,JAMIA,2023,64
37846147,JAMIA,2023,26
37812784,JAMIA,2023,33
37812771,JAMIA,2023,-1
37769328,JAMIA,2023,71
37769323,JAMIA,2023,-1
37759342,JAMIA,2023,10
37757460,JAMIA,2023,-1
37748456,JAMIA,2023,-1
37740937,JAMIA,2023,-1
37725927,JAMIA,2023,18
37669138,JAMIA,2023,101
37647884,JAMIA,2023,41
37604111,JAMIA,2023,-1
37975257,JAMIA,2023,-1
37812769,JAMIA,2023,2
37757459,JAMIA,2023,11
37682264,JAMIA,2023,-1
37682250,JAMIA,2023,-1
37682247,JAMIA,2023,46
37672004,JAMIA,2023,6
37669158,JAMIA,2023,7
37659105,JAMIA,2023,5
37659103,JAMIA,2023,4
37654094,JAMIA,2023,-1
37647865,JAMIA,2023,-1
37643734,JAMIA,2023,-1
37639629,JAMIA,2023,36
37639624,JAMIA,2023,-1
37639620,JAMIA,2023,-1
37632234,JAMIA,2023,20
37615994,JAMIA,2023,81
37595575,JAMIA,2023,21
37587084,JAMIA,2023,5
37573135,JAMIA,2023,9
37572310,JAMIA,2023,1
37555837,JAMIA,2023,0
37550244,JAMIA,2023,94
37550242,JAMIA,2023,0
37535812,JAMIA,2023,-1
37528056,JAMIA,2023,18
37855452,JAMIA,2023,-1
37855451,JAMIA,2023,96
37558235,JAMIA,2023,89
37553233,JAMIA,2023,96
37528051,JAMIA,2023,-1
37507147,JAMIA,2023,96
37494964,JAMIA,2023,44
37494963,JAMIA,2023,44
37428893,JAMIA,2023,46
37352394,JAMIA,2023,-1
37339524,JAMIA,2023,-1
37335871,JAMIA,2023,-1
37328444,JAMIA,2023,44
37308323,JAMIA,2023,96
37257882,JAMIA,2023,-1
37221701,JAMIA,2023,44
37187156,JAMIA,2023,75
37756706,JAMIA,2023,54
37561535,JAMIA,2023,48
37561427,JAMIA,2023,29
37535834,JAMIA,2023,-1
37535817,JAMIA,2023,2
37500598,JAMIA,2023,29
37487555,JAMIA,2023,-1
37478477,JAMIA,2023,-1
37475168,JAMIA,2023,9
37468440,JAMIA,2023,-1
37463858,JAMIA,2023,-1
37451682,JAMIA,2023,57
37436709,JAMIA,2023,0
37433582,JAMIA,2023,2
37433577,JAMIA,2023,24
37428897,JAMIA,2023,2
37414548,JAMIA,2023,87
37414539,JAMIA,2023,79
37407272,JAMIA,2023,60
37403330,JAMIA,2023,-1
37403329,JAMIA,2023,-1
37390812,JAMIA,2023,40
37386768,JAMIA,2023,29
37381076,JAMIA,2023,57
37593902,JAMIA,2023,-1
37414544,JAMIA,2023,2
37369008,JAMIA,2023,-1
37369006,JAMIA,2023,-1
37364025,JAMIA,2023,0
37364017,JAMIA,2023,40
37352404,JAMIA,2023,2
37344150,JAMIA,2023,54
37335851,JAMIA,2023,3
37330672,JAMIA,2023,49
37316988,JAMIA,2023,-1
37311708,JAMIA,2023,-1
37301740,JAMIA,2023,-1
37279884,JAMIA,2023,8
37257883,JAMIA,2023,-1
37208863,JAMIA,2023,8
37466054,JAMIA,2023,44
37203429,JAMIA,2023,44
37178155,JAMIA,2023,-1
37130345,JAMIA,2023,44
37100768,JAMIA,2023,44
37080559,JAMIA,2023,44
37040620,JAMIA,2023,44
37011635,JAMIA,2023,44
37002953,JAMIA,2023,44
36944091,JAMIA,2023,44
36795066,JAMIA,2023,44
37337923,JAMIA,2023,62
37337922,JAMIA,2023,-1
37252836,JAMIA,2023,-1
37218289,JAMIA,2023,0
37203425,JAMIA,2023,-1
37192819,JAMIA,2023,-1
37187160,JAMIA,2023,-1
37187158,JAMIA,2023,-1
37172264,JAMIA,2023,41
37164621,JAMIA,2023,-1
37130346,JAMIA,2023,-1
37087108,JAMIA,2023,-1
37080563,JAMIA,2023,100
37071932,JAMIA,2023,11
37071804,JAMIA,2023,8
37053380,JAMIA,2023,13
37205729,JAMIA,2023,17
37087111,JAMIA,2023,-1
37087110,JAMIA,2023,-1
37080557,JAMIA,2023,46
37053378,JAMIA,2023,60
37043759,JAMIA,2023,-1
37043748,JAMIA,2023,71
37036945,JAMIA,2023,-1
37029922,JAMIA,2023,44
37029919,JAMIA,2023,-1
37027837,JAMIA,2023,49
37027831,JAMIA,2023,-1
37011637,JAMIA,2023,66
36972263,JAMIA,2023,2
36970849,JAMIA,2023,-1
36943291,JAMIA,2023,87
36940186,JAMIA,2023,-1
36928508,JAMIA,2023,4
36921288,JAMIA,2023,-1
36921287,JAMIA,2023,87
36916740,JAMIA,2023,38
37146228,JAMIA,2023,-1
37141581,JAMIA,2023,28
37073766,JAMIA,2023,-1
37011638,JAMIA,2023,9
36931260,JAMIA,2023,11
36917089,JAMIA,2023,-1
36905605,JAMIA,2023,-1
36905604,JAMIA,2023,9
36888891,JAMIA,2023,17
36888889,JAMIA,2023,-1
36882092,JAMIA,2023,20
36869772,JAMIA,2023,-1
36857086,JAMIA,2023,-1
36847736,JAMIA,2023,11
36826400,JAMIA,2023,-1
36826399,JAMIA,2023,40
36821435,JAMIA,2023,0
36809561,JAMIA,2023,8
36809550,JAMIA,2023,75
36806929,JAMIA,2023,100
36805926,JAMIA,2023,-1
36805706,JAMIA,2023,-1
36795076,JAMIA,2023,27
36795074,JAMIA,2023,-1
36795062,JAMIA,2023,21
36794643,JAMIA,2023,-1
36779911,JAMIA,2023,2
36752649,JAMIA,2023,-1
36718575,JAMIA,2023,53
36924133,JAMIA,2023,-1
36869748,JAMIA,2023,-1
36810659,JAMIA,2023,-1
36749093,JAMIA,2023,2
36718091,JAMIA,2023,2
36707998,JAMIA,2023,-1
36692204,JAMIA,2023,-1
36688534,JAMIA,2023,46
36688526,JAMIA,2023,72
36645248,JAMIA,2023,0
36575995,JAMIA,2023,0
36565464,JAMIA,2023,0
36534893,JAMIA,2023,0
36458941,JAMIA,2023,104
36264262,JAMIA,2023,0
36259962,JAMIA,2023,-1
36040186,JAMIA,2023,0
35866622,JAMIA,2023,0
36794710,JAMIA,2023,54
36565465,JAMIA,2023,22
36562638,JAMIA,2023,66
36548217,JAMIA,2023,-1
36548211,JAMIA,2023,1
36545752,JAMIA,2023,44
36545751,JAMIA,2023,29
36539234,JAMIA,2023,81
36519951,JAMIA,2023,-1
36512578,JAMIA,2023,-1
36508503,JAMIA,2023,24
36495570,JAMIA,2023,-1
36495567,JAMIA,2023,11
36484621,JAMIA,2023,83
36478460,JAMIA,2023,9
36478240,JAMIA,2023,60
36474423,JAMIA,2023,20
36469808,JAMIA,2023,56
36469807,JAMIA,2023,11
36458955,JAMIA,2023,-1
36451277,JAMIA,2023,20
36451272,JAMIA,2023,-1
36451264,JAMIA,2023,99
36651578,JAMIA,2023,20
36469791,JAMIA,2023,20
36451266,JAMIA,2023,-1
36451262,JAMIA,2023,21
36451257,JAMIA,2023,-1
36416419,JAMIA,2023,18
36413056,JAMIA,2023,20
36409991,JAMIA,2023,0
36394232,JAMIA,2023,0
36377977,JAMIA,2023,11
36377970,JAMIA,2023,-1
36374227,JAMIA,2023,-1
36350567,JAMIA,2023,-1
36343113,JAMIA,2023,81
36343096,JAMIA,2023,-1
36323282,JAMIA,2023,76
36308445,JAMIA,2023,0
36259975,JAMIA,2023,79
36255273,JAMIA,2023,0
36083213,JAMIA,2023,81
36069977,JAMIA,2023,20
36005898,JAMIA,2023,0
37263622,JAMIA,2024,45
39078283,JAMIA,2024,-1
37964658,JAMIA,2024,-1
39052991,JAMIA,2024,1
38700253,JAMIA,2024,-1
38078843,JAMIA,2024,-1
38447587,JAMIA,2024,-1
38587875,JAMIA,2024,24
39348281,JAMIA,2024,-1
38164994,JAMIA,2024,52
38722233,JAMIA,2024,-1
39254529,JAMIA,2024,87
38457282,JAMIA,2024,28
38244995,JAMIA,2024,-1
39167120,JAMIA,2024,0
38427845,JAMIA,2024,-1
38626184,JAMIA,2024,69
38308819,JAMIA,2024,87
39081222,JAMIA,2024,95
38422379,JAMIA,2024,8
38990654,JAMIA,2024,1
38123497,JAMIA,2024,9
39026503,JAMIA,2024,-1
38069455,JAMIA,2024,-1
38263490,JAMIA,2024,75
38300790,JAMIA,2024,29
38412331,JAMIA,2024,-1
38109889,JAMIA,2024,3
38767890,JAMIA,2024,-1
38613821,JAMIA,2024,3
39259920,JAMIA,2024,9
38934288,JAMIA,2024,38
38349850,JAMIA,2024,5
38630580,JAMIA,2024,3
38302616,JAMIA,2024,8
38531676,JAMIA,2024,27
38741288,JAMIA,2024,-1
39093943,JAMIA,2024,100
38193340,JAMIA,2024,5
38767857,JAMIA,2024,-1
38905012,JAMIA,2024,-1
38244997,JAMIA,2024,-1
38879443,JAMIA,2024,-1
38679906,JAMIA,2024,-1
38422367,JAMIA,2024,16
37615971,JAMIA,2024,56
38926131,JAMIA,2024,5
38934289,JAMIA,2024,3
39259934,JAMIA,2024,75
38796834,JAMIA,2024,-1
39259922,JAMIA,2024,8
38641416,JAMIA,2024,-1
38558013,JAMIA,2024,100
37812770,JAMIA,2024,-1
38031481,JAMIA,2024,8
38078841,JAMIA,2024,2
37218375,JAMIA,2024,45
38718216,JAMIA,2024,0
38679900,JAMIA,2024,3
38238784,JAMIA,2024,45
38661564,JAMIA,2024,-1
37990631,JAMIA,2024,-1
38778578,JAMIA,2024,-1
38452298,JAMIA,2024,3
39269931,JAMIA,2024,75
39043402,JAMIA,2024,75
39121174,JAMIA,2024,3
39150868,JAMIA,2024,11
38960731,JAMIA,2024,3
37341698,JAMIA,2024,45
39047296,JAMIA,2024,44
37952206,JAMIA,2024,94
38758661,JAMIA,2024,10
38900193,JAMIA,2024,5
38900207,JAMIA,2024,3
38366906,JAMIA,2024,54
38146986,JAMIA,2024,18
38287655,JAMIA,2024,3
39001795,JAMIA,2024,30
38128118,JAMIA,2024,20
38578616,JAMIA,2024,3
38934643,JAMIA,2024,18
39018490,JAMIA,2024,-1
37964688,JAMIA,2024,-1
38726710,JAMIA,2024,38
38771093,JAMIA,2024,24
38833256,JAMIA,2024,45
38070173,JAMIA,2024,52
39003519,JAMIA,2024,45
39088568,JAMIA,2024,45
38894629,JAMIA,2024,75
38630586,JAMIA,2024,-1
39208311,JAMIA,2024,3
39042519,JAMIA,2024,9
38447593,JAMIA,2024,46
38366879,JAMIA,2024,-1
38070172,JAMIA,2024,-1
38516861,JAMIA,2024,11
38237123,JAMIA,2024,-1
39225779,JAMIA,2024,37
38456459,JAMIA,2024,36
39158361,JAMIA,2024,20
37437899,JAMIA,2024,45
38216127,JAMIA,2024,44
38796836,JAMIA,2024,45
37860921,JAMIA,2024,45
38900185,JAMIA,2024,3
38099504,JAMIA,2024,-1
38412328,JAMIA,2024,5
38894620,JAMIA,2024,9
39271171,JAMIA,2024,-1
38981117,JAMIA,2024,75
38269644,JAMIA,2024,3
38281124,JAMIA,2024,-1
39127052,JAMIA,2024,20
38917428,JAMIA,2024,-1
39225790,JAMIA,2024,4
39093939,JAMIA,2024,-1
39401251,JAMIA,2024,44
38128123,JAMIA,2024,-1
38281112,JAMIA,2024,-1
38733114,JAMIA,2024,75
38447590,JAMIA,2024,-1
39172387,JAMIA,2024,75
39135439,JAMIA,2024,75
38345343,JAMIA,2024,72
39208319,JAMIA,2024,-1
38768444,JAMIA,2024,-1
38598532,JAMIA,2024,10
38781289,JAMIA,2024,2
38041473,JAMIA,2024,20
38981110,JAMIA,2024,75
38472144,JAMIA,2024,-1
38907738,JAMIA,2024,2
38497957,JAMIA,2024,7
38684792,JAMIA,2024,3
38657567,JAMIA,2024,3
38787964,JAMIA,2024,-1
39008829,JAMIA,2024,3
38531679,JAMIA,2024,54
38452293,JAMIA,2024,-1
38427850,JAMIA,2024,60
37352392,JAMIA,2024,26
38917426,JAMIA,2024,75
39078280,JAMIA,2024,75
39018498,JAMIA,2024,3
38641330,JAMIA,2024,54
39074173,JAMIA,2024,-1
38905016,JAMIA,2024,9
38758666,JAMIA,2024,-1
39311859,JAMIA,2024,-1
38899386,JAMIA,2024,40
38917441,JAMIA,2024,3
38573195,JAMIA,2024,18
37330670,JAMIA,2024,45
39047294,JAMIA,2024,99
38471120,JAMIA,2024,-1
38065694,JAMIA,2024,0
38917444,JAMIA,2024,3
39135444,JAMIA,2024,45
38412333,JAMIA,2024,16
37475179,JAMIA,2024,45
38777805,JAMIA,2024,16
38781312,JAMIA,2024,3
39110920,JAMIA,2024,-1
38857454,JAMIA,2024,-1
37847667,JAMIA,2024,27
39083847,JAMIA,2024,-1
38497958,JAMIA,2024,3
39178361,JAMIA,2024,93
37847651,JAMIA,2024,-1
38904366,JAMIA,2024,45
39058572,JAMIA,2024,-1
39301656,JAMIA,2024,97
38218723,JAMIA,2024,0
38031453,JAMIA,2024,22
39058629,JAMIA,2024,75
38349846,JAMIA,2024,100
39657748,JAMIA,2024,75
38960730,JAMIA,2024,8
38719204,JAMIA,2024,-1
38733117,JAMIA,2024,-1
39325508,JAMIA,2024,-1
38269618,JAMIA,2024,13
37986619,JAMIA,2024,11
39348270,JAMIA,2024,7
38569176,JAMIA,2024,17
38273739,JAMIA,2024,3
39001791,JAMIA,2024,9
38833265,JAMIA,2024,-1
38481027,JAMIA,2024,-1
39190874,JAMIA,2024,75
38742457,JAMIA,2024,20
38037171,JAMIA,2024,-1
38622899,JAMIA,2024,75
39042516,JAMIA,2024,98
39038795,JAMIA,2024,3
37665746,JAMIA,2024,52
38520723,JAMIA,2024,48
38400744,JAMIA,2024,79
38400737,JAMIA,2024,-1
38383050,JAMIA,2024,-1
38037121,JAMIA,2024,-1
38092686,JAMIA,2024,-1
37279890,JAMIA,2024,45
38917427,JAMIA,2024,-1
39018499,JAMIA,2024,-1
38134953,JAMIA,2024,-1
39429003,JAMIA,2024,45
38796835,JAMIA,2024,-1
38758655,JAMIA,2024,-1
39231067,JAMIA,2024,105
38860534,JAMIA,2024,11
39302103,JAMIA,2024,2
38812088,JAMIA,2024,3
38134954,JAMIA,2024,14
38341800,JAMIA,2024,8
38287641,JAMIA,2024,-1
38641410,JAMIA,2024,-1
37354553,JAMIA,2024,45
38055635,JAMIA,2024,90
38748991,JAMIA,2024,20
39180335,JAMIA,2024,0
38916911,JAMIA,2024,16
38758667,JAMIA,2024,3
38511501,JAMIA,2024,3
38867279,JAMIA,2024,81
38976592,JAMIA,2024,-1
39181122,JAMIA,2024,-1
38324738,JAMIA,2024,17
38164964,JAMIA,2024,-1
38563821,JAMIA,2024,-1
39301630,JAMIA,2024,99
38713006,JAMIA,2024,48
38531675,JAMIA,2024,-1
38452289,JAMIA,2024,-1
38520725,JAMIA,2024,16
39441983,JAMIA,2024,75
39013194,JAMIA,2024,-1
38899502,JAMIA,2024,-1
39043412,JAMIA,2024,75
39081233,JAMIA,2024,18
38916922,JAMIA,2024,5
39028970,JAMIA,2024,3
37468448,JAMIA,2024,45
38269642,JAMIA,2024,20
38613820,JAMIA,2024,20
38960729,JAMIA,2024,-1
38441296,JAMIA,2024,3
39178375,JAMIA,2024,57
41289523,JAMIA,2025,-1
41082356,JAMIA,2025,46
41071911,JAMIA,2025,37
41069048,JAMIA,2025,42
41069025,JAMIA,2025,3
41060255,JAMIA,2025,5
41032388,JAMIA,2025,46
41032045,JAMIA,2025,-1
41032036,JAMIA,2025,-1
40990064,JAMIA,2025,48
40985463,JAMIA,2025,67
40985459,JAMIA,2025,-1
40977378,JAMIA,2025,-1
40977375,JAMIA,2025,-1
40977370,JAMIA,2025,-1
40973169,JAMIA,2025,97
40973098,JAMIA,2025,15
41252586,JAMIA,2025,11
41252585,JAMIA,2025,62
41252584,JAMIA,2025,64
41093301,JAMIA,2025,8
41051963,JAMIA,2025,52
41003645,JAMIA,2025,72
40999782,JAMIA,2025,8
40971613,JAMIA,2025,8
40971609,JAMIA,2025,1
40966762,JAMIA,2025,-1
40966445,JAMIA,2025,-1
40901703,JAMIA,2025,25
40901701,JAMIA,2025,0
40886713,JAMIA,2025,41
40886699,JAMIA,2025,98
40848279,JAMIA,2025,48
40814956,JAMIA,2025,44
40981527,JAMIA,2025,17
40981526,JAMIA,2025,65
40966468,JAMIA,2025,-1
40901706,JAMIA,2025,-1
40857647,JAMIA,2025,20
40853269,JAMIA,2025,2
40760905,JAMIA,2025,-1
40737353,JAMIA,2025,-1
40720634,JAMIA,2025,8
40720632,JAMIA,2025,44
40705952,JAMIA,2025,-1
40694817,JAMIA,2025,41
40694809,JAMIA,2025,41
40680297,JAMIA,2025,59
40668938,JAMIA,2025,-1
40827309,JAMIA,2025,62
40700686,JAMIA,2025,-1
40694804,JAMIA,2025,-1
40680299,JAMIA,2025,98
40680294,JAMIA,2025,73
40680291,JAMIA,2025,-1
40668943,JAMIA,2025,39
40657875,JAMIA,2025,101
40657868,JAMIA,2025,81
40646683,JAMIA,2025,0
40644430,JAMIA,2025,54
40581801,JAMIA,2025,45
40576211,JAMIA,2025,-1
40686006,JAMIA,2025,54
40577098,JAMIA,2025,-1
40576265,JAMIA,2025,11
40574698,JAMIA,2025,98
40574695,JAMIA,2025,3
40523007,JAMIA,2025,54
40517328,JAMIA,2025,48
40517323,JAMIA,2025,11
40498469,JAMIA,2025,-1
40471670,JAMIA,2025,-1
40434406,JAMIA,2025,-1
40434395,JAMIA,2025,-1
40418276,JAMIA,2025,-1
40411747,JAMIA,2025,15
40353809,JAMIA,2025,-1
40343483,JAMIA,2025,-1
40207992,JAMIA,2025,-1
40538337,JAMIA,2025,54
40538336,JAMIA,2025,-1
40498468,JAMIA,2025,-1
40493528,JAMIA,2025,27
40478440,JAMIA,2025,-1
40471674,JAMIA,2025,-1
40460029,JAMIA,2025,45
40460023,JAMIA,2025,42
40460022,JAMIA,2025,-1
40407342,JAMIA,2025,73
40378254,JAMIA,2025,-1
40359576,JAMIA,2025,79
40334045,JAMIA,2025,-1
40332956,JAMIA,2025,-1
40323320,JAMIA,2025,8
40298901,JAMIA,2025,-1
40290063,JAMIA,2025,49
40390622,JAMIA,2025,-1
40332983,JAMIA,2025,98
40323321,JAMIA,2025,-1
40298903,JAMIA,2025,-1
40261908,JAMIA,2025,81
40233206,JAMIA,2025,99
40220286,JAMIA,2025,3
40213867,JAMIA,2025,1
40190132,JAMIA,2025,3
40156924,JAMIA,2025,20
40152140,JAMIA,2025,66
40152137,JAMIA,2025,10
40073168,JAMIA,2025,-1
39950243,JAMIA,2025,-1
40260457,JAMIA,2025,54
40127468,JAMIA,2025,41
40119675,JAMIA,2025,98
40116928,JAMIA,2025,64
40116912,JAMIA,2025,72
40112189,JAMIA,2025,18
40112188,JAMIA,2025,26
40105654,JAMIA,2025,-1
40085013,JAMIA,2025,44
40085006,JAMIA,2025,-1
40079834,JAMIA,2025,40
40079825,JAMIA,2025,89
40079820,JAMIA,2025,48
40073213,JAMIA,2025,-1
40063704,JAMIA,2025,-1
40056436,JAMIA,2025,-1
40056434,JAMIA,2025,5
40048688,JAMIA,2025,11
40037789,JAMIA,2025,4
40036986,JAMIA,2025,-1
40036944,JAMIA,2025,8
40036551,JAMIA,2025,-1
39998911,JAMIA,2025,3
39960735,JAMIA,2025,11
39946172,JAMIA,2025,17
39936843,JAMIA,2025,17
40245432,JAMIA,2025,-1
40220287,JAMIA,2025,-1
40063081,JAMIA,2025,3
40036547,JAMIA,2025,98
39998912,JAMIA,2025,-1
39969950,JAMIA,2025,-1
39936849,JAMIA,2025,-1
39903169,JAMIA,2025,28
39903167,JAMIA,2025,2
39883541,JAMIA,2025,-1
39883531,JAMIA,2025,64
39873685,JAMIA,2025,50
39873672,JAMIA,2025,28
39873664,JAMIA,2025,-1
39864407,JAMIA,2025,36
39836495,JAMIA,2025,98
39812777,JAMIA,2025,3
39798155,JAMIA,2025,60
39963970,JAMIA,2025,-1
39963969,JAMIA,2025,-1
39836496,JAMIA,2025,-1
39832294,JAMIA,2025,44
39823371,JAMIA,2025,16
39820364,JAMIA,2025,45
39812778,JAMIA,2025,3
39798153,JAMIA,2025,-1
39798152,JAMIA,2025,56
39789670,JAMIA,2025,40
39786898,JAMIA,2025,3
39786555,JAMIA,2025,-1
39775871,JAMIA,2025,8
39749875,JAMIA,2025,-1
39731515,JAMIA,2025,50
39724913,JAMIA,2025,94
39723811,JAMIA,2025,5
39715481,JAMIA,2025,75
39688734,JAMIA,2025,-1
39688513,JAMIA,2025,9
39665424,JAMIA,2025,100
39836895,JAMIA,2025,62
39724921,JAMIA,2025,64
39724920,JAMIA,2025,-1
39707579,JAMIA,2025,3
39703187,JAMIA,2025,-1
39688515,JAMIA,2025,72
39673507,JAMIA,2025,11
39671451,JAMIA,2025,-1
39667364,JAMIA,2025,-1
39658328,JAMIA,2025,8
39657218,JAMIA,2025,8
39657021,JAMIA,2025,72
39656836,JAMIA,2025,98
39602813,JAMIA,2025,-1
39584477,JAMIA,2025,3
39579089,JAMIA,2025,0
39569464,JAMIA,2025,-1
39569448,JAMIA,2025,38
39569431,JAMIA,2025,-1
39560363,JAMIA,2025,56
39680466,JAMIA,2025,54
39579365,JAMIA,2025,-1
39545362,JAMIA,2025,-1
39545358,JAMIA,2025,75
39538369,JAMIA,2025,-1
39535891,JAMIA,2025,-1
39530748,JAMIA,2025,71
39530740,JAMIA,2025,41
39520712,JAMIA,2025,-1
39520711,JAMIA,2025,81
39514649,JAMIA,2025,-1
39504476,JAMIA,2025,13
39504475,JAMIA,2025,64
39504474,JAMIA,2025,44
39499794,JAMIA,2025,3
39499793,JAMIA,2025,11
39471493,JAMIA,2025,-1
39455061,JAMIA,2025,102
39423850,JAMIA,2025,44
39413440,JAMIA,2025,9
39413438,JAMIA,2025,71
39401254,JAMIA,2025,64
39401253,JAMIA,2025,-1
39401245,JAMIA,2025,-1
39396184,JAMIA,2025,3
39394736,JAMIA,2025,54
39394724,JAMIA,2025,100
39340474,JAMIA,2025,11
39325492,JAMIA,2025,-1
39259924,JAMIA,2025,53
39172649,JAMIA,2025,-1
39158353,JAMIA,2025,73
38946554,JAMIA,2025,-1
33099616,JAMIA,2021,40
34389867,JAMIA,2021,40
33779728,JAMIA,2021,71
34179991,JAMIA,2021,54
34100942,JAMIA,2021,-1
34260720,JAMIA,2021,22
34198329,JAMIA,2021,5
33313792,JAMIA,2021,-1
34597383,JAMIA,2021,40
33260212,JAMIA,2021,-1
34406413,JAMIA,2021,73
33175157,JAMIA,2021,2
33164100,JAMIA,2021,-1
33822095,JAMIA,2021,9
33713140,JAMIA,2021,0
34279653,JAMIA,2021,-1
33367819,JAMIA,2021,9
34117493,JAMIA,2021,-1
33404593,JAMIA,2021,28
33166384,JAMIA,2021,9
33787894,JAMIA,2021,83
34725689,JAMIA,2021,94
33217543,JBI,2020,70
33197613,JBI,2020,27
33188907,JBI,2020,35
33186707,JBI,2020,103
33157313,JBI,2020,-1
33153975,JBI,2020,10
33137470,JBI,2020,61
33132138,JBI,2020,16
33127447,JBI,2020,5
33122119,JBI,2020,16
33098987,JBI,2020,-1
33096244,JBI,2020,35
33091572,JBI,2020,24
33080397,JBI,2020,-1
33059047,JBI,2020,16
33035705,JBI,2020,3
33035704,JBI,2020,-1
33069887,JBI,2020,-1
33065264,JBI,2020,0
33049416,JBI,2020,-1
33039589,JBI,2020,26
33039588,JBI,2020,-1
33031938,JBI,2020,50
33011296,JBI,2020,26
33011295,JBI,2020,81
33010427,JBI,2020,16
33010426,JBI,2020,77
33010425,JBI,2020,16
33010424,JBI,2020,5
33007449,JBI,2020,10
32992022,JBI,2020,14
32980530,JBI,2020,5
32976990,JBI,2020,-1
32961308,JBI,2020,35
32961306,JBI,2020,-1
32971274,JBI,2020,16
32961309,JBI,2020,-1
32961307,JBI,2020,15
32949781,JBI,2020,18
32943350,JBI,2020,11
32942027,JBI,2020,16
32937215,JBI,2020,9
32931923,JBI,2020,-1
32927058,JBI,2020,-1
32919043,JBI,2020,22
32916305,JBI,2020,-1
32916304,JBI,2020,35
32911081,JBI,2020,-1
32891762,JBI,2020,104
32890727,JBI,2020,37
32882394,JBI,2020,47
32871286,JBI,2020,-1
32866626,JBI,2020,-1
32860883,JBI,2020,10
32858168,JBI,2020,-1
32858167,JBI,2020,27
32853795,JBI,2020,16
32818667,JBI,2020,5
32818665,JBI,2020,37
32814201,JBI,2020,46
32795506,JBI,2020,5
32882395,JBI,2020,77
32818666,JBI,2020,-1
32814200,JBI,2020,41
32791237,JBI,2020,10
32783923,JBI,2020,18
32783922,JBI,2020,-1
32781030,JBI,2020,27
32777484,JBI,2020,-1
32771540,JBI,2020,5
32771539,JBI,2020,16
32768446,JBI,2020,18
32758538,JBI,2020,22
32745621,JBI,2020,38
32736125,JBI,2020,26
32721582,JBI,2020,5
32717327,JBI,2020,60
32712157,JBI,2020,18
32712156,JBI,2020,7
32711124,JBI,2020,30
32702521,JBI,2020,5
32687985,JBI,2020,-1
32687984,JBI,2020,26
32682828,JBI,2020,10
32673791,JBI,2020,16
32673790,JBI,2020,-1
32673789,JBI,2020,-1
32673788,JBI,2020,18
32653620,JBI,2020,24
32652236,JBI,2020,47
32645382,JBI,2020,57
32640292,JBI,2020,4
32629340,JBI,2020,-1
32629044,JBI,2020,7
32622833,JBI,2020,92
32621884,JBI,2020,5
32621883,JBI,2020,49
32619692,JBI,2020,-1
32615159,JBI,2020,10
32603793,JBI,2020,-1
32593693,JBI,2020,-1
32592755,JBI,2020,-1
32585313,JBI,2020,1
32574794,JBI,2020,40
32562898,JBI,2020,57
32561444,JBI,2020,-1
32512210,JBI,2020,88
32562899,JBI,2020,5
32562897,JBI,2020,26
32562896,JBI,2020,5
32562895,JBI,2020,15
32562894,JBI,2020,31
32561445,JBI,2020,97
32535270,JBI,2020,-1
32526280,JBI,2020,56
32525020,JBI,2020,35
32512209,JBI,2020,-1
32504669,JBI,2020,52
32497685,JBI,2020,35
32470695,JBI,2020,-1
32470694,JBI,2020,59
32454242,JBI,2020,50
32450299,JBI,2020,-1
32445856,JBI,2020,45
32439479,JBI,2020,16
32428572,JBI,2020,18
32407878,JBI,2020,79
32387393,JBI,2020,44
32380180,JBI,2020,-1
32360937,JBI,2020,94
32353595,JBI,2020,16
32348850,JBI,2020,50
32454243,JBI,2020,10
32445857,JBI,2020,-1
32417444,JBI,2020,2
32380179,JBI,2020,14
32371232,JBI,2020,12
32360988,JBI,2020,16
32360987,JBI,2020,37
32360265,JBI,2020,-1
32339749,JBI,2020,-1
32339748,JBI,2020,61
32339747,JBI,2020,5
32335226,JBI,2020,36
32335225,JBI,2020,37
32335223,JBI,2020,10
32335224,JBI,2020,20
32304869,JBI,2020,49
32298847,JBI,2020,18
32298846,JBI,2020,-1
32278089,JBI,2020,-1
32275956,JBI,2020,-1
32234546,JBI,2020,30
32173502,JBI,2020,42
32169670,JBI,2020,94
32156641,JBI,2020,-1
32151769,JBI,2020,-1
32147441,JBI,2020,16
32113005,JBI,2020,93
32113004,JBI,2020,50
32113003,JBI,2020,-1
32109551,JBI,2020,16
32087296,JBI,2020,-1
31866434,JBI,2020,7
32087568,JBI,2020,11
32068034,JBI,2020,-1
32044417,JBI,2020,-1
32032717,JBI,2020,16
32028051,JBI,2020,16
32004641,JBI,2020,16
32001390,JBI,2020,10
32001389,JBI,2020,-1
32001388,JBI,2020,27
31972288,JBI,2020,35
31935462,JBI,2020,15
31935461,JBI,2020,10
31931168,JBI,2020,64
31917253,JBI,2020,28
31911172,JBI,2020,-1
31911171,JBI,2020,92
31904428,JBI,2020,5
31901507,JBI,2020,-1
31901506,JBI,2020,35
31893527,JBI,2020,35
31891765,JBI,2020,5
31870949,JBI,2020,5
31866433,JBI,2020,20
31857203,JBI,2020,10
31857202,JBI,2020,70
31838210,JBI,2020,18
31837473,JBI,2020,18
31622802,JBI,2020,52
34417011,JBI,2020,46
34417010,JBI,2020,25
34417009,JBI,2020,-1
34417008,JBI,2020,-1
34417007,JBI,2020,-1
34417006,JBI,2020,26
34417005,JBI,2020,59
34417004,JBI,2020,-1
31916973,JBI,2020,5
31864851,JBI,2020,11
31838211,JBI,2020,10
31821887,JBI,2020,9
31816401,JBI,2020,-1
31816400,JBI,2020,14
31756495,JBI,2020,-1
31747623,JBI,2020,24
31733329,JBI,2020,59
31726102,JBI,2020,28
31711972,JBI,2020,-1
31627022,JBI,2020,9
34800722,JBI,2021,0
34798158,JBI,2021,88
34781009,JBI,2021,46
34752858,JBI,2021,4
34737093,JBI,2021,0
34728379,JBI,2021,5
34695581,JBI,2021,-1
34687867,JBI,2021,-1
34699990,JBI,2021,7
34670175,JBI,2021,-1
34666185,JBI,2021,-1
34628064,JBI,2021,18
34628063,JBI,2021,16
34628062,JBI,2021,5
34628061,JBI,2021,15
34624552,JBI,2021,5
34607012,JBI,2021,-1
34601140,JBI,2021,0
34600144,JBI,2021,-1
34563692,JBI,2021,2
34560275,JBI,2021,94
34551887,JBI,2021,-1
34487887,JBI,2021,37
34474187,JBI,2021,10
34450286,JBI,2021,-1
34534697,JBI,2021,5
34509637,JBI,2021,95
34506960,JBI,2021,79
34487888,JBI,2021,69
34481921,JBI,2021,-1
34481058,JBI,2021,16
34481057,JBI,2021,-1
34481056,JBI,2021,0
34474189,JBI,2021,0
34474188,JBI,2021,44
34455090,JBI,2021,-1
34454080,JBI,2021,92
34454079,JBI,2021,-1
34454078,JBI,2021,79
34450285,JBI,2021,46
34438071,JBI,2021,35
34411709,JBI,2021,-1
34411708,JBI,2021,-1
34411707,JBI,2021,16
34407487,JBI,2021,0
34390853,JBI,2021,16
34329789,JBI,2021,20
34325021,JBI,2021,-1
34325020,JBI,2021,18
34302957,JBI,2021,40
34298157,JBI,2021,16
34298156,JBI,2021,5
34298155,JBI,2021,-1
34245913,JBI,2021,0
34229062,JBI,2021,0
34229061,JBI,2021,30
34298154,JBI,2021,-1
34284119,JBI,2021,16
34284118,JBI,2021,4
34271172,JBI,2021,35
34265451,JBI,2021,-1
34237438,JBI,2021,35
34224898,JBI,2021,0
34216803,JBI,2021,4
34214696,JBI,2021,59
34192573,JBI,2021,0
34182148,JBI,2021,-1
34174396,JBI,2021,44
34171485,JBI,2021,0
34153433,JBI,2021,54
34153432,JBI,2021,0
34146717,JBI,2021,26
34139331,JBI,2021,5
34119692,JBI,2021,16
34119690,JBI,2021,5
34161824,JBI,2021,-1
34146718,JBI,2021,-1
34139330,JBI,2021,14
34120842,JBI,2021,11
34119691,JBI,2021,10
34116253,JBI,2021,16
34111555,JBI,2021,37
34087428,JBI,2021,-1
34052441,JBI,2021,10
34048933,JBI,2021,71
34044157,JBI,2021,16
34044156,JBI,2021,-1
34044155,JBI,2021,94
34029749,JBI,2021,13
34022422,JBI,2021,-1
34022421,JBI,2021,0
34022420,JBI,2021,0
34020026,JBI,2021,-1
33965640,JBI,2021,0
34015540,JBI,2021,-1
33965641,JBI,2021,0
33965639,JBI,2021,30
33965638,JBI,2021,16
33965637,JBI,2021,0
33965636,JBI,2021,0
33933654,JBI,2021,0
33933653,JBI,2021,69
33932596,JBI,2021,-1
33930535,JBI,2021,-1
33915273,JBI,2021,10
33915272,JBI,2021,0
33901696,JBI,2021,0
33895377,JBI,2021,0
33887457,JBI,2021,94
33887456,JBI,2021,-1
33872817,JBI,2021,-1
33862232,JBI,2021,18
33862230,JBI,2021,-1
33862229,JBI,2021,5
33857641,JBI,2021,-1
33839306,JBI,2021,35
33839304,JBI,2021,16
33862231,JBI,2021,0
33839305,JBI,2021,50
33839303,JBI,2021,59
33838341,JBI,2021,0
33831537,JBI,2021,13
33831536,JBI,2021,0
33831535,JBI,2021,35
33826949,JBI,2021,4
33813032,JBI,2021,94
33813031,JBI,2021,64
33813030,JBI,2021,-1
33811986,JBI,2021,-1
33811985,JBI,2021,16
33798717,JBI,2021,0
33798716,JBI,2021,-1
33798715,JBI,2021,0
33781921,JBI,2021,27
33781920,JBI,2021,-1
33781919,JBI,2021,46
33781918,JBI,2021,0
33775815,JBI,2021,-1
33774204,JBI,2021,-1
33774203,JBI,2021,0
33774202,JBI,2021,0
33771732,JBI,2021,0
33766781,JBI,2021,-1
33766780,JBI,2021,-1
33766779,JBI,2021,-1
33753269,JBI,2021,81
33753268,JBI,2021,0
33746080,JBI,2021,20
33737208,JBI,2021,10
33737206,JBI,2021,5
33737205,JBI,2021,-1
33722730,JBI,2021,-1
33716168,JBI,2021,-1
33713854,JBI,2021,3
33711547,JBI,2021,0
33711544,JBI,2021,-1
33711540,JBI,2021,36
33711538,JBI,2021,36
33617985,JBI,2021,5
33610882,JBI,2021,-1
33737207,JBI,2021,16
33711546,JBI,2021,66
33711545,JBI,2021,57
33711543,JBI,2021,60
33711542,JBI,2021,-1
33711541,JBI,2021,5
33711539,JBI,2021,0
33705856,JBI,2021,0
33647519,JBI,2021,18
33647518,JBI,2021,-1
33640536,JBI,2021,-1
33631382,JBI,2021,26
33631381,JBI,2021,-1
33610881,JBI,2021,-1
33610880,JBI,2021,44
33610879,JBI,2021,16
33610878,JBI,2021,0
33609761,JBI,2021,-1
33601013,JBI,2021,16
33582296,JBI,2021,-1
33549658,JBI,2021,5
33640535,JBI,2021,62
33581323,JBI,2021,5
33571677,JBI,2021,0
33571676,JBI,2021,10
33571675,JBI,2021,0
33548543,JBI,2021,5
33548542,JBI,2021,5
33548541,JBI,2021,-1
33545332,JBI,2021,-1
33545331,JBI,2021,35
33540076,JBI,2021,27
33540075,JBI,2021,-1
33497811,JBI,2021,-1
33493631,JBI,2021,5
33486067,JBI,2021,0
33486066,JBI,2021,46
33484938,JBI,2021,16
33387683,JBI,2021,5
33359110,JBI,2021,77
33217541,JBI,2021,2
33450387,JBI,2021,18
33422663,JBI,2021,-1
33378704,JBI,2021,26
33359548,JBI,2021,59
33359111,JBI,2021,-1
33352331,JBI,2021,10
33326867,JBI,2021,35
33285308,JBI,2021,-1
33359113,JBI,2021,5
33359112,JBI,2021,5
33341543,JBI,2021,18
33338667,JBI,2021,-1
33333323,JBI,2021,57
33321199,JBI,2021,0
33316422,JBI,2021,-1
33316421,JBI,2021,-1
33309994,JBI,2021,12
33309993,JBI,2021,-1
33309899,JBI,2021,0
33309898,JBI,2021,8
33307213,JBI,2021,-1
33290879,JBI,2021,5
33290878,JBI,2021,44
33279681,JBI,2021,20
33276113,JBI,2021,43
33276112,JBI,2021,69
33271342,JBI,2021,35
33271341,JBI,2021,63
33271340,JBI,2021,-1
33259944,JBI,2021,-1
33259943,JBI,2021,-1
33253896,JBI,2021,9
33232839,JBI,2021,-1
33221467,JBI,2021,-1
33220494,JBI,2021,48
33217542,JBI,2021,-1
36417986,JBI,2022,46
36400329,JBI,2022,16
36375772,JBI,2022,44
36372346,JBI,2022,-1
36368631,JBI,2022,88
36309196,JBI,2022,70
36307020,JBI,2022,60
36283580,JBI,2022,0
36280089,JBI,2022,4
36307021,JBI,2022,16
36283582,JBI,2022,-1
36283581,JBI,2022,81
36257483,JBI,2022,39
36257482,JBI,2022,-1
36244612,JBI,2022,10
36243337,JBI,2022,5
36229001,JBI,2022,57
36220544,JBI,2022,20
36216232,JBI,2022,-1
36208833,JBI,2022,-1
36195240,JBI,2022,18
36191830,JBI,2022,16
36184069,JBI,2022,37
36182054,JBI,2022,-1
36162805,JBI,2022,-1
36064114,JBI,2022,10
35995107,JBI,2022,20
36152950,JBI,2022,-1
36150641,JBI,2022,5
36122879,JBI,2022,-1
36113758,JBI,2022,77
36108816,JBI,2022,5
36100164,JBI,2022,38
36100163,JBI,2022,5
36089199,JBI,2022,-1
36089198,JBI,2022,18
36084801,JBI,2022,35
36075484,JBI,2022,-1
36064113,JBI,2022,36
36064112,JBI,2022,45
36064111,JBI,2022,20
36058522,JBI,2022,20
36055639,JBI,2022,36
36055638,JBI,2022,5
36055637,JBI,2022,35
36038067,JBI,2022,5
36038066,JBI,2022,98
36038065,JBI,2022,5
36038064,JBI,2022,5
36038063,JBI,2022,57
36031086,JBI,2022,93
36029954,JBI,2022,59
36007785,JBI,2022,36
35987449,JBI,2022,5
35872264,JBI,2022,36
35998815,JBI,2022,12
35998814,JBI,2022,-1
35998813,JBI,2022,-1
35995108,JBI,2022,60
35995106,JBI,2022,24
35985622,JBI,2022,-1
35985621,JBI,2022,10
35985620,JBI,2022,-1
35908625,JBI,2022,15
35878824,JBI,2022,92
35878823,JBI,2022,16
35878822,JBI,2022,96
35878821,JBI,2022,-1
35872266,JBI,2022,-1
35872265,JBI,2022,83
35850379,JBI,2022,-1
35842217,JBI,2022,16
35840061,JBI,2022,10
35840060,JBI,2022,10
35835439,JBI,2022,33
35835438,JBI,2022,0
35835437,JBI,2022,-1
35820597,JBI,2022,26
35811026,JBI,2022,-1
35811025,JBI,2022,16
35781036,JBI,2022,33
35753606,JBI,2022,37
35750261,JBI,2022,34
35717011,JBI,2022,-1
35700914,JBI,2022,16
35690350,JBI,2022,36
35688332,JBI,2022,-1
35660521,JBI,2022,20
35714819,JBI,2022,5
35709900,JBI,2022,10
35690351,JBI,2022,7
35690349,JBI,2022,81
35690348,JBI,2022,47
35688333,JBI,2022,-1
35680074,JBI,2022,-1
35680073,JBI,2022,-1
35671939,JBI,2022,-1
35661818,JBI,2022,16
35660522,JBI,2022,-1
35643273,JBI,2022,28
35643272,JBI,2022,36
35636720,JBI,2022,10
35598881,JBI,2022,5
35550929,JBI,2022,99
35537690,JBI,2022,-1
35533991,JBI,2022,5
35533990,JBI,2022,18
35525401,JBI,2022,77
35525400,JBI,2022,77
35508272,JBI,2022,-1
35504544,JBI,2022,77
35504543,JBI,2022,5
35490964,JBI,2022,7
35490963,JBI,2022,-1
35489596,JBI,2022,0
35489595,JBI,2022,0
35472514,JBI,2022,18
35470079,JBI,2022,2
35452866,JBI,2022,7
35427797,JBI,2022,-1
35413440,JBI,2022,16
35346854,JBI,2022,60
35436594,JBI,2022,35
35429677,JBI,2022,81
35421602,JBI,2022,-1
35390541,JBI,2022,-1
35367654,JBI,2022,61
35367653,JBI,2022,77
35351638,JBI,2022,20
35346855,JBI,2022,5
35339665,JBI,2022,35
35337944,JBI,2022,77
35337943,JBI,2022,-1
35331966,JBI,2022,0
35318149,JBI,2022,45
35318148,JBI,2022,35
35181495,JBI,2022,0
35101638,JBI,2022,-1
35301142,JBI,2022,-1
35283266,JBI,2022,35
35259544,JBI,2022,3
35257868,JBI,2022,16
35248796,JBI,2022,77
35248795,JBI,2022,35
35245700,JBI,2022,4
35231649,JBI,2022,-1
35219883,JBI,2022,7
35217186,JBI,2022,16
35202844,JBI,2022,0
35202843,JBI,2022,77
35183765,JBI,2022,-1
35182785,JBI,2022,-1
35181494,JBI,2022,-1
35167976,JBI,2022,47
35143999,JBI,2022,10
35196579,JBI,2022,-1
35189334,JBI,2022,-1
35183766,JBI,2022,30
35181493,JBI,2022,-1
35176451,JBI,2022,5
35167978,JBI,2022,36
35167977,JBI,2022,104
35158071,JBI,2022,-1
35151869,JBI,2022,5
35144001,JBI,2022,5
35144000,JBI,2022,0
35134568,JBI,2022,9
35124236,JBI,2022,-1
35104644,JBI,2022,10
35104643,JBI,2022,-1
35104642,JBI,2022,0
35104641,JBI,2022,77
35085813,JBI,2022,77
35085812,JBI,2022,-1
35077901,JBI,2022,59
35077900,JBI,2022,77
35041981,JBI,2022,101
35007754,JBI,2022,44
35063668,JBI,2022,-1
35051618,JBI,2022,35
35026414,JBI,2022,0
35007753,JBI,2022,10
35007752,JBI,2022,49
34995810,JBI,2022,10
34990838,JBI,2022,18
34974190,JBI,2022,16
34974189,JBI,2022,5
34968737,JBI,2022,77
34920128,JBI,2022,16
34906736,JBI,2022,-1
34864210,JBI,2022,37
34954110,JBI,2022,77
34922021,JBI,2022,30
34920127,JBI,2022,-1
34920126,JBI,2022,42
34920125,JBI,2022,42
34906737,JBI,2022,1
34902551,JBI,2022,-1
34879250,JBI,2022,-1
34875387,JBI,2022,37
34875386,JBI,2022,5
34871807,JBI,2022,37
34848329,JBI,2022,16
34839017,JBI,2022,35
34826628,JBI,2022,47
34823030,JBI,2022,-1
34793972,JBI,2022,35
34785382,JBI,2022,0
38048895,JBI,2023,61
38012982,JBI,2023,18
38000767,JBI,2023,77
38000766,JBI,2023,-1
37995844,JBI,2023,10
37995843,JBI,2023,-1
37984548,JBI,2023,96
37984547,JBI,2023,-1
37984546,JBI,2023,5
37981107,JBI,2023,8
37956729,JBI,2023,0
37926392,JBI,2023,30
37918623,JBI,2023,-1
37918622,JBI,2023,46
37926393,JBI,2023,15
37884177,JBI,2023,8
37866640,JBI,2023,-1
37858853,JBI,2023,-1
37858852,JBI,2023,10
37852347,JBI,2023,16
37852346,JBI,2023,-1
37844677,JBI,2023,48
37838290,JBI,2023,18
37838289,JBI,2023,83
37838288,JBI,2023,7
37827477,JBI,2023,40
37827476,JBI,2023,-1
37813326,JBI,2023,5
37813325,JBI,2023,35
37797704,JBI,2023,-1
37778673,JBI,2023,10
37778672,JBI,2023,87
37777164,JBI,2023,-1
37774908,JBI,2023,59
37769829,JBI,2023,-1
37748541,JBI,2023,2
37769828,JBI,2023,-1
37742782,JBI,2023,-1
37742781,JBI,2023,0
37722446,JBI,2023,83
37722445,JBI,2023,16
37714418,JBI,2023,16
37704104,JBI,2023,57
37699466,JBI,2023,33
37678485,JBI,2023,33
37673376,JBI,2023,16
37660960,JBI,2023,36
37659698,JBI,2023,55
37657713,JBI,2023,-1
37657712,JBI,2023,72
37652343,JBI,2023,-1
36283583,JBI,2023,0
37648101,JBI,2023,14
37634557,JBI,2023,10
37625508,JBI,2023,18
37604272,JBI,2023,33
37598737,JBI,2023,36
37595770,JBI,2023,13
37572825,JBI,2023,-1
37549722,JBI,2023,-1
37541407,JBI,2023,10
37541406,JBI,2023,10
37536643,JBI,2023,18
37532000,JBI,2023,10
37531999,JBI,2023,16
37517509,JBI,2023,20
37516375,JBI,2023,-1
37482171,JBI,2023,16
37481052,JBI,2023,10
37488025,JBI,2023,39
37488024,JBI,2023,35
37488023,JBI,2023,-1
37467836,JBI,2023,72
37467835,JBI,2023,16
37467834,JBI,2023,-1
37455008,JBI,2023,66
37451495,JBI,2023,42
37451494,JBI,2023,94
37442314,JBI,2023,59
37437682,JBI,2023,-1
37429512,JBI,2023,-1
37429511,JBI,2023,5
37419375,JBI,2023,-1
37414368,JBI,2023,-1
37394024,JBI,2023,-1
37391115,JBI,2023,35
37385327,JBI,2023,16
37380061,JBI,2023,5
37356640,JBI,2023,37
37355025,JBI,2023,-1
37352900,JBI,2023,-1
37352899,JBI,2023,-1
37331495,JBI,2023,5
37321443,JBI,2023,37
37315831,JBI,2023,35
37301528,JBI,2023,-1
37182592,JBI,2023,69
37385326,JBI,2023,16
37352901,JBI,2023,-1
37339714,JBI,2023,5
37328098,JBI,2023,-1
37315832,JBI,2023,3
37315830,JBI,2023,0
37308034,JBI,2023,-1
37295630,JBI,2023,5
37290540,JBI,2023,16
37276949,JBI,2023,16
37276948,JBI,2023,8
37271308,JBI,2023,-1
37270143,JBI,2023,-1
37268168,JBI,2023,42
37257630,JBI,2023,35
37245656,JBI,2023,2
37230406,JBI,2023,-1
37230405,JBI,2023,10
37225066,JBI,2023,5
37217028,JBI,2023,-1
37211197,JBI,2023,48
37211196,JBI,2023,37
37211195,JBI,2023,60
37211194,JBI,2023,16
37209975,JBI,2023,-1
37196988,JBI,2023,37
37146741,JBI,2023,16
37209976,JBI,2023,-1
37201618,JBI,2023,-1
37196989,JBI,2023,-1
37187321,JBI,2023,98
37178781,JBI,2023,-1
37178780,JBI,2023,0
37172634,JBI,2023,25
37169058,JBI,2023,-1
37164244,JBI,2023,16
37156393,JBI,2023,0
37149275,JBI,2023,33
37149274,JBI,2023,-1
37141977,JBI,2023,94
37120047,JBI,2023,35
37120046,JBI,2023,49
37105510,JBI,2023,20
37105509,JBI,2023,-1
37100106,JBI,2023,37
37088456,JBI,2023,-1
37086959,JBI,2023,-1
37086958,JBI,2023,-1
37061012,JBI,2023,18
36935011,JBI,2023,-1
37062419,JBI,2023,-1
37061014,JBI,2023,18
37061013,JBI,2023,0
37054961,JBI,2023,18
37054960,JBI,2023,60
37044134,JBI,2023,15
37031755,JBI,2023,7
37030658,JBI,2023,37
37023846,JBI,2023,-1
37023845,JBI,2023,54
37023844,JBI,2023,-1
37023843,JBI,2023,36
37023842,JBI,2023,-1
37015304,JBI,2023,9
36963450,JBI,2023,27
36958462,JBI,2023,-1
36958461,JBI,2023,-1
36940896,JBI,2023,77
36940895,JBI,2023,5
36935013,JBI,2023,-1
36935012,JBI,2023,28
36933632,JBI,2023,10
36933631,JBI,2023,20
36924843,JBI,2023,5
36893995,JBI,2023,-1
36870586,JBI,2023,-1
36870585,JBI,2023,30
36842490,JBI,2023,1
36804374,JBI,2023,16
36813154,JBI,2023,60
36806328,JBI,2023,99
36806327,JBI,2023,94
36796599,JBI,2023,5
36791900,JBI,2023,101
36791899,JBI,2023,5
36781036,JBI,2023,-1
36781035,JBI,2023,16
36773821,JBI,2023,-1
36754129,JBI,2023,37
36746345,JBI,2023,10
36738871,JBI,2023,46
36738870,JBI,2023,-1
36738869,JBI,2023,81
36736937,JBI,2023,-1
36736449,JBI,2023,-1
36736448,JBI,2023,81
36736447,JBI,2023,12
36736446,JBI,2023,-1
36731730,JBI,2023,-1
36720332,JBI,2023,61
36716983,JBI,2023,5
36682389,JBI,2023,-1
36621750,JBI,2023,-1
36356933,JBI,2023,5
36309197,JBI,2023,37
36706849,JBI,2023,-1
36706848,JBI,2023,-1
36641030,JBI,2023,5
36638935,JBI,2023,57
36632861,JBI,2023,24
36632860,JBI,2023,37
36632859,JBI,2023,0
36623781,JBI,2023,79
36623780,JBI,2023,-1
36610608,JBI,2023,16
36586499,JBI,2023,-1
36586498,JBI,2023,15
36572279,JBI,2023,-1
36566954,JBI,2023,-1
36563828,JBI,2023,-1
36539106,JBI,2023,-1
36535604,JBI,2023,40
36529347,JBI,2023,5
36528329,JBI,2023,-1
36516944,JBI,2023,-1
36513332,JBI,2023,-1
36509416,JBI,2023,69
36494060,JBI,2023,-1
36494059,JBI,2023,47
36464228,JBI,2023,16
36464227,JBI,2023,37
36462600,JBI,2023,47
36462599,JBI,2023,36
36462598,JBI,2023,28
36455806,JBI,2023,5
36403757,JBI,2023,36
36402277,JBI,2023,-1
36400330,JBI,2023,-1
39631488,JBI,2024,-1
39622399,JBI,2024,16
39603550,JBI,2024,94
39603549,JBI,2024,-1
39571772,JBI,2024,-1
39557209,JBI,2024,71
39537000,JBI,2024,77
39536999,JBI,2024,37
39536998,JBI,2024,57
39489457,JBI,2024,31
39510367,JBI,2024,-1
39510366,JBI,2024,75
39490610,JBI,2024,16
39486471,JBI,2024,-1
39476994,JBI,2024,5
39454703,JBI,2024,35
39426695,JBI,2024,16
39395708,JBI,2024,35
39393477,JBI,2024,-1
39389283,JBI,2024,94
39368529,JBI,2024,16
39368528,JBI,2024,16
39357664,JBI,2024,5
39326691,JBI,2024,10
39307515,JBI,2024,22
39306314,JBI,2024,35
39299565,JBI,2024,40
39293643,JBI,2024,3
39277154,JBI,2024,3
39265816,JBI,2024,23
39265815,JBI,2024,10
39187169,JBI,2024,54
39244181,JBI,2024,4
39233209,JBI,2024,3
39214159,JBI,2024,16
39209087,JBI,2024,16
39209086,JBI,2024,57
39197732,JBI,2024,16
39197731,JBI,2024,33
39187170,JBI,2024,55
39182632,JBI,2024,69
39182631,JBI,2024,10
39159864,JBI,2024,35
39153563,JBI,2024,71
39142598,JBI,2024,3
39134233,JBI,2024,20
39127228,JBI,2024,59
39121932,JBI,2024,5
39084480,JBI,2024,3
39079607,JBI,2024,28
39047932,JBI,2024,80
39033866,JBI,2024,30
39029770,JBI,2024,31
39019302,JBI,2024,-1
39019301,JBI,2024,48
39009174,JBI,2024,-1
39004110,JBI,2024,20
39004109,JBI,2024,5
38986921,JBI,2024,-1
38925280,JBI,2024,7
38880237,JBI,2024,1
39002866,JBI,2024,-1
38977257,JBI,2024,-1
38960273,JBI,2024,-1
38944260,JBI,2024,77
38936566,JBI,2024,70
38936565,JBI,2024,36
38925281,JBI,2024,48
38914411,JBI,2024,-1
38880236,JBI,2024,-1
38880235,JBI,2024,28
38876453,JBI,2024,48
38876452,JBI,2024,20
38876451,JBI,2024,16
38871012,JBI,2024,16
38862083,JBI,2024,32
38857738,JBI,2024,10
38857737,JBI,2024,16
38852777,JBI,2024,5
38851413,JBI,2024,48
38848885,JBI,2024,-1
38838949,JBI,2024,-1
38848886,JBI,2024,-1
38806105,JBI,2024,36
38788889,JBI,2024,75
38782170,JBI,2024,48
38782169,JBI,2024,16
38777085,JBI,2024,59
38772443,JBI,2024,24
38754531,JBI,2024,-1
38740316,JBI,2024,48
38734158,JBI,2024,-1
38718897,JBI,2024,-1
38703936,JBI,2024,3
38701887,JBI,2024,-1
38697494,JBI,2024,94
38692465,JBI,2024,-1
38692464,JBI,2024,-1
38677633,JBI,2024,48
38642627,JBI,2024,5
38631462,JBI,2024,-1
38561170,JBI,2024,-1
38636701,JBI,2024,-1
38631461,JBI,2024,-1
38621641,JBI,2024,44
38621640,JBI,2024,-1
38608915,JBI,2024,-1
38583580,JBI,2024,10
38548007,JBI,2024,3
38552994,JBI,2024,35
38548008,JBI,2024,-1
38548006,JBI,2024,48
38521180,JBI,2024,-1
38479675,JBI,2024,-1
38467324,JBI,2024,16
38458578,JBI,2024,36
38447600,JBI,2024,37
38432534,JBI,2024,60
38423266,JBI,2024,-1
38462064,JBI,2024,3
38452862,JBI,2024,48
38431151,JBI,2024,18
38423267,JBI,2024,5
38423265,JBI,2024,-1
38395099,JBI,2024,-1
38360080,JBI,2024,-1
38346530,JBI,2024,5
38331081,JBI,2024,37
38325698,JBI,2024,-1
38307358,JBI,2024,0
38086443,JBI,2024,35
38331082,JBI,2024,5
38301750,JBI,2024,101
38278312,JBI,2024,-1
38272433,JBI,2024,16
38272432,JBI,2024,35
38253228,JBI,2024,30
38244958,JBI,2024,36
38244957,JBI,2024,-1
38244956,JBI,2024,40
38199300,JBI,2024,-1
38191012,JBI,2024,-1
38191011,JBI,2024,15
38191010,JBI,2024,42
38160758,JBI,2024,71
38163514,JBI,2024,-1
38142903,JBI,2024,36
38135173,JBI,2024,-1
38122841,JBI,2024,18
38104851,JBI,2024,30
38101690,JBI,2024,-1
38101689,JBI,2024,-1
38101688,JBI,2024,104
38096945,JBI,2024,-1
38096944,JBI,2024,10
38092247,JBI,2024,0
38081566,JBI,2024,-1
38081565,JBI,2024,2
38081564,JBI,2024,20
38070818,JBI,2024,77
38070817,JBI,2024,-1
38070816,JBI,2024,81
38056702,JBI,2024,16
38043883,JBI,2024,-1
38035971,JBI,2024,20
38008241,JBI,2024,0
38000765,JBI,2024,-1
37992791,JBI,2024,49
41308969,JBI,2025,57
41297147,JBI,2025,-1
41276241,JBI,2025,35
41261011,JBI,2025,10
41260045,JBI,2025,10
41248815,JBI,2025,94
41242672,JBI,2025,-1
41242671,JBI,2025,-1
41242670,JBI,2025,16
41242669,JBI,2025,16
41237920,JBI,2025,-1
41232786,JBI,2025,5
41205690,JBI,2025,42
41205689,JBI,2025,40
41177245,JBI,2025,3
41177244,JBI,2025,33
41177243,JBI,2025,98
41161557,JBI,2025,102
41161556,JBI,2025,13
41138952,JBI,2025,4
41135780,JBI,2025,57
41235985,JBI,2025,39
41138954,JBI,2025,43
41138953,JBI,2025,57
41129949,JBI,2025,37
41120049,JBI,2025,-1
41110740,JBI,2025,-1
41110739,JBI,2025,36
41110738,JBI,2025,35
41110737,JBI,2025,30
41109547,JBI,2025,-1
41109546,JBI,2025,-1
41101426,JBI,2025,24
41101425,JBI,2025,42
41093123,JBI,2025,57
41093122,JBI,2025,-1
41083099,JBI,2025,-1
41077294,JBI,2025,10
41067296,JBI,2025,10
41052664,JBI,2025,-1
41043697,JBI,2025,99
41038297,JBI,2025,10
41022360,JBI,2025,-1
41016623,JBI,2025,40
41015224,JBI,2025,10
41015223,JBI,2025,-1
41015222,JBI,2025,10
40998280,JBI,2025,5
40953713,JBI,2025,5
40998279,JBI,2025,-1
40987372,JBI,2025,-1
40972780,JBI,2025,57
40962129,JBI,2025,-1
40953714,JBI,2025,10
40945670,JBI,2025,-1
40939950,JBI,2025,79
40935223,JBI,2025,98
40935222,JBI,2025,25
40935221,JBI,2025,-1
40907847,JBI,2025,-1
40886813,JBI,2025,18
40886812,JBI,2025,57
40885281,JBI,2025,37
40876698,JBI,2025,-1
40854447,JBI,2025,3
40849054,JBI,2025,-1
40849052,JBI,2025,-1
40849053,JBI,2025,3
40835041,JBI,2025,-1
40835040,JBI,2025,57
40818492,JBI,2025,-1
40796442,JBI,2025,-1
40796056,JBI,2025,42
40784603,JBI,2025,65
40754135,JBI,2025,3
40752671,JBI,2025,5
40744316,JBI,2025,40
40730293,JBI,2025,-1
40730292,JBI,2025,16
40720988,JBI,2025,3
40712810,JBI,2025,-1
40712809,JBI,2025,-1
40706946,JBI,2025,-1
40706945,JBI,2025,-1
40701259,JBI,2025,5
40691893,JBI,2025,-1
40680806,JBI,2025,-1
40675403,JBI,2025,10
40664278,JBI,2025,5
40653098,JBI,2025,0
40639555,JBI,2025,-1
40623578,JBI,2025,-1
40623577,JBI,2025,-1
40639554,JBI,2025,3
40619074,JBI,2025,5
40578543,JBI,2025,-1
40544901,JBI,2025,-1
40544900,JBI,2025,10
40543734,JBI,2025,-1
40527698,JBI,2025,8
40523493,JBI,2025,77
40505790,JBI,2025,3
40494422,JBI,2025,-1
40484188,JBI,2025,-1
40482691,JBI,2025,-1
40480410,JBI,2025,5
40466979,JBI,2025,10
40466978,JBI,2025,5
40460925,JBI,2025,1
40456502,JBI,2025,10
40447171,JBI,2025,98
40456503,JBI,2025,57
40436186,JBI,2025,-1
40409423,JBI,2025,-1
40398830,JBI,2025,20
40389101,JBI,2025,10
40381869,JBI,2025,-1
40373934,JBI,2025,71
40360137,JBI,2025,-1
40354908,JBI,2025,-1
40360136,JBI,2025,-1
40348310,JBI,2025,57
40345356,JBI,2025,79
40339968,JBI,2025,30
40339967,JBI,2025,-1
40324665,JBI,2025,5
40320101,JBI,2025,-1
40320100,JBI,2025,10
40316004,JBI,2025,20
40306353,JBI,2025,37
40280380,JBI,2025,5
40274037,JBI,2025,-1
40274036,JBI,2025,5
40268174,JBI,2025,20
40258407,JBI,2025,34
40250743,JBI,2025,-1
40246186,JBI,2025,-1
40216371,JBI,2025,35
40209919,JBI,2025,-1
40209918,JBI,2025,4
40189181,JBI,2025,5
40185299,JBI,2025,-1
40180206,JBI,2025,5
40180205,JBI,2025,-1
40174758,JBI,2025,104
40164439,JBI,2025,38
40154721,JBI,2025,-1
40139623,JBI,2025,10
40127852,JBI,2025,-1
40122480,JBI,2025,10
40122479,JBI,2025,-1
40118356,JBI,2025,-1
40113190,JBI,2025,57
40090432,JBI,2025,-1
40090431,JBI,2025,-1
40058479,JBI,2025,3
40054590,JBI,2025,36
40044019,JBI,2025,16
40049504,JBI,2025,12
40024422,JBI,2025,35
40010480,JBI,2025,16
39993589,JBI,2025,-1
39993588,JBI,2025,0
39988001,JBI,2025,-1
39971225,JBI,2025,-1
39978430,JBI,2025,5
39961540,JBI,2025,45
39956347,JBI,2025,5
39956346,JBI,2025,-1
39952627,JBI,2025,79
39952626,JBI,2025,10
39938624,JBI,2025,-1
39923968,JBI,2025,37
39922399,JBI,2025,-1
39909179,JBI,2025,55
39904407,JBI,2025,20
39842684,JBI,2025,64
39864718,JBI,2025,-1
39863246,JBI,2025,18
39863245,JBI,2025,5
39832608,JBI,2025,88
39832607,JBI,2025,24
39832606,JBI,2025,0
39827999,JBI,2025,-1
39827998,JBI,2025,92
39814274,JBI,2025,-1
39814273,JBI,2025,10
39756527,JBI,2025,30
39755324,JBI,2025,5
39755323,JBI,2025,-1
39746432,JBI,2025,57
39746431,JBI,2025,50
39746430,JBI,2025,-1
39732354,JBI,2025,59
39722399,JBI,2025,5
39674292,JBI,2025,35
39667602,JBI,2025,4
39662650,JBI,2025,-1
39631489,JBI,2025,71
39622400,JBI,2025,16
30892255,JBHI,2020,80
32845849,JBHI,2020,0
32750971,JBHI,2020,4
31825884,JBHI,2020,35
31944968,JBHI,2020,7
31899443,JBHI,2020,55
32142462,JBHI,2020,10
32149660,JBHI,2020,39
31059461,JBHI,2020,7
32340967,JBHI,2020,13
31059460,JBHI,2020,4
31478878,JBHI,2020,70
32750930,JBHI,2020,4
32750941,JBHI,2020,4
32248129,JBHI,2020,-1
31940569,JBHI,2020,93
32031956,JBHI,2020,4
31329136,JBHI,2020,-1
30990201,JBHI,2020,31
32750970,JBHI,2020,4
31603805,JBHI,2020,91
32092019,JBHI,2020,77
30763250,JBHI,2020,33
31484144,JBHI,2020,66
31905156,JBHI,2020,93
31985446,JBHI,2020,34
31094697,JBHI,2020,-1
31804945,JBHI,2020,25
33048773,JBHI,2020,0
32071013,JBHI,2020,30
30794193,JBHI,2020,19
31794406,JBHI,2020,25
31217131,JBHI,2020,30
32071017,JBHI,2020,38
31976916,JBHI,2020,19
32175879,JBHI,2020,13
30763249,JBHI,2020,25
30835231,JBHI,2020,25
31581101,JBHI,2020,-1
32191901,JBHI,2020,4
31689220,JBHI,2020,20
31751256,JBHI,2020,-1
31871001,JBHI,2020,22
32750910,JBHI,2020,4
31675348,JBHI,2020,-1
31150349,JBHI,2020,13
32750911,JBHI,2020,24
31581102,JBHI,2020,22
32749973,JBHI,2020,-1
31021779,JBHI,2020,51
32175880,JBHI,2020,13
31670686,JBHI,2020,22
32167917,JBHI,2020,19
32750917,JBHI,2020,55
32287029,JBHI,2020,70
31715577,JBHI,2020,7
32324581,JBHI,2020,71
31265424,JBHI,2020,-1
30843855,JBHI,2020,7
32149702,JBHI,2020,-1
30990451,JBHI,2020,39
30946681,JBHI,2020,7
31869809,JBHI,2020,12
31670685,JBHI,2020,50
32054592,JBHI,2020,85
31634145,JBHI,2020,-1
31714244,JBHI,2020,51
31995506,JBHI,2020,33
31869810,JBHI,2020,-1
32750900,JBHI,2020,-1
32886605,JBHI,2020,11
31170084,JBHI,2020,13
30762571,JBHI,2020,31
31056528,JBHI,2020,7
31634851,JBHI,2020,34
31825883,JBHI,2020,13
31831453,JBHI,2020,5
30969934,JBHI,2020,93
31725401,JBHI,2020,-1
32795974,JBHI,2020,34
32396110,JBHI,2020,38
30802876,JBHI,2020,5
31831454,JBHI,2020,7
31562113,JBHI,2020,-1
31841426,JBHI,2020,12
32750936,JBHI,2020,-1
31976919,JBHI,2020,31
31251203,JBHI,2020,13
31295130,JBHI,2020,-1
31217134,JBHI,2020,7
31647449,JBHI,2020,4
31369389,JBHI,2020,33
31689223,JBHI,2020,-1
31796418,JBHI,2020,80
31217133,JBHI,2020,12
31144647,JBHI,2020,93
32203040,JBHI,2020,-1
31395568,JBHI,2020,85
31150350,JBHI,2020,80
31613786,JBHI,2020,65
31715579,JBHI,2020,-1
31283491,JBHI,2020,30
31352358,JBHI,2020,12
31603806,JBHI,2020,-1
32175881,JBHI,2020,61
31976918,JBHI,2020,-1
31021777,JBHI,2020,12
31425126,JBHI,2020,-1
32078570,JBHI,2020,-1
32750909,JBHI,2020,60
32915751,JBHI,2020,0
31369387,JBHI,2020,13
31902784,JBHI,2020,32
31940568,JBHI,2020,-1
31484143,JBHI,2020,97
31180874,JBHI,2020,-1
30716055,JBHI,2020,93
31443057,JBHI,2020,13
31217132,JBHI,2020,19
32749977,JBHI,2020,-1
31869808,JBHI,2020,31
31581104,JBHI,2020,30
31398139,JBHI,2020,4
30932854,JBHI,2020,85
31352356,JBHI,2020,15
32086225,JBHI,2020,7
31247581,JBHI,2020,-1
31380776,JBHI,2020,30
32287022,JBHI,2020,13
32071014,JBHI,2020,34
30932855,JBHI,2020,7
31021809,JBHI,2020,-1
32749979,JBHI,2020,0
31804946,JBHI,2020,61
33108303,JBHI,2020,0
31403448,JBHI,2020,19
31670688,JBHI,2020,-1
32795973,JBHI,2020,13
31536027,JBHI,2020,74
31403449,JBHI,2020,55
31581103,JBHI,2020,13
32149700,JBHI,2020,31
31562111,JBHI,2020,93
31329137,JBHI,2020,4
31144648,JBHI,2020,-1
32275627,JBHI,2020,16
32092022,JBHI,2020,-1
30843854,JBHI,2020,4
31380773,JBHI,2020,35
31545746,JBHI,2020,-1
33170789,JBHI,2020,0
31545747,JBHI,2020,-1
31180902,JBHI,2020,-1
31403450,JBHI,2020,7
31902787,JBHI,2020,38
32287026,JBHI,2020,49
31902786,JBHI,2020,93
32886615,JBHI,2020,77
31369391,JBHI,2020,-1
32092021,JBHI,2020,33
31796419,JBHI,2020,33
31056529,JBHI,2020,-1
31944967,JBHI,2020,-1
32167918,JBHI,2020,47
31295128,JBHI,2020,13
32324577,JBHI,2020,57
32749972,JBHI,2020,-1
31199276,JBHI,2020,-1
30946686,JBHI,2020,47
31567103,JBHI,2020,-1
32054591,JBHI,2020,8
32071011,JBHI,2020,85
31135373,JBHI,2020,93
33044938,JBHI,2020,0
31689224,JBHI,2020,12
31180875,JBHI,2020,13
32078569,JBHI,2020,13
32750960,JBHI,2020,0
32750947,JBHI,2020,4
31689221,JBHI,2020,-1
32386168,JBHI,2020,7
32750920,JBHI,2020,4
32750919,JBHI,2020,4
31976915,JBHI,2020,-1
32750929,JBHI,2020,4
31107669,JBHI,2020,-1
32750950,JBHI,2020,-1
31871000,JBHI,2020,39
32012030,JBHI,2020,13
30716056,JBHI,2020,-1
32365039,JBHI,2020,10
31265423,JBHI,2020,-1
31751254,JBHI,2020,23
31425059,JBHI,2020,-1
32012031,JBHI,2020,-1
31715578,JBHI,2020,-1
31603807,JBHI,2020,-1
30946684,JBHI,2020,7
31603808,JBHI,2020,12
31714245,JBHI,2020,-1
31199277,JBHI,2020,-1
31899444,JBHI,2020,51
31880570,JBHI,2020,7
32790636,JBHI,2020,12
31380772,JBHI,2020,30
30714937,JBHI,2020,-1
31449034,JBHI,2020,7
31880571,JBHI,2020,7
32997638,JBHI,2020,0
32816680,JBHI,2020,0
31107668,JBHI,2020,93
33166256,JBHI,2020,0
32750923,JBHI,2020,4
30802877,JBHI,2020,13
31670683,JBHI,2020,13
30869634,JBHI,2020,7
32966224,JBHI,2020,34
31985447,JBHI,2020,34
31880573,JBHI,2020,5
32396115,JBHI,2020,-1
32078568,JBHI,2020,-1
31295129,JBHI,2020,12
31976917,JBHI,2020,33
32750931,JBHI,2020,0
31634852,JBHI,2020,35
32149699,JBHI,2020,12
31825885,JBHI,2020,70
32750921,JBHI,2020,38
31751255,JBHI,2020,26
32142459,JBHI,2020,10
31567104,JBHI,2020,22
32750973,JBHI,2020,0
32750967,JBHI,2020,7
32092020,JBHI,2020,97
30762572,JBHI,2020,-1
32071015,JBHI,2020,38
30990200,JBHI,2020,13
32248134,JBHI,2020,4
31478876,JBHI,2020,55
31095502,JBHI,2020,-1
31403451,JBHI,2020,4
31871002,JBHI,2020,7
31380775,JBHI,2020,32
32149701,JBHI,2020,7
31443058,JBHI,2020,15
32750974,JBHI,2020,0
32396109,JBHI,2020,24
32986562,JBHI,2020,4
31331898,JBHI,2020,-1
31180873,JBHI,2020,-1
32750939,JBHI,2021,34
33835929,JBHI,2021,4
34101609,JBHI,2021,25
33166257,JBHI,2021,22
32324580,JBHI,2021,7
33284756,JBHI,2021,-1
33465032,JBHI,2021,4
33497345,JBHI,2021,34
33347417,JBHI,2021,-1
33373308,JBHI,2021,19
32795972,JBHI,2021,12
32881697,JBHI,2021,80
33905339,JBHI,2021,12
33079687,JBHI,2021,-1
33635801,JBHI,2021,18
34129511,JBHI,2021,5
33497347,JBHI,2021,51
32287024,JBHI,2021,70
33999826,JBHI,2021,34
32976109,JBHI,2021,-1
32960771,JBHI,2021,31
32224468,JBHI,2021,13
33914688,JBHI,2021,7
32750934,JBHI,2021,74
33596179,JBHI,2021,0
33929968,JBHI,2021,-1
33861717,JBHI,2021,12
33560994,JBHI,2021,19
33755570,JBHI,2021,7
33147151,JBHI,2021,-1
33055042,JBHI,2021,15
33090962,JBHI,2021,-1
33687851,JBHI,2021,31
33170786,JBHI,2021,1
34111016,JBHI,2021,38
33755571,JBHI,2021,50
33290234,JBHI,2021,-1
34591775,JBHI,2021,0
33206611,JBHI,2021,-1
33434138,JBHI,2021,-1
33684049,JBHI,2021,26
34003757,JBHI,2021,-1
32324578,JBHI,2021,51
32750928,JBHI,2021,-1
32881698,JBHI,2021,-1
32750906,JBHI,2021,50
33044937,JBHI,2021,-1
33784628,JBHI,2021,-1
32287027,JBHI,2021,-1
33617456,JBHI,2021,13
33661740,JBHI,2021,5
34161248,JBHI,2021,-1
32755873,JBHI,2021,33
33108302,JBHI,2021,19
32224469,JBHI,2021,7
33400657,JBHI,2021,19
32991296,JBHI,2021,22
32750897,JBHI,2021,-1
32750980,JBHI,2021,22
33166258,JBHI,2021,-1
32946403,JBHI,2021,7
32841131,JBHI,2021,-1
33780344,JBHI,2021,10
33275588,JBHI,2021,0
32931437,JBHI,2021,22
33974548,JBHI,2021,10
33625991,JBHI,2021,12
34057900,JBHI,2021,-1
32750972,JBHI,2021,13
34057902,JBHI,2021,34
33577463,JBHI,2021,-1
32224471,JBHI,2021,-1
34181562,JBHI,2021,30
32780704,JBHI,2021,-1
33507874,JBHI,2021,33
33079686,JBHI,2021,-1
32750925,JBHI,2021,70
34288881,JBHI,2021,41
32749975,JBHI,2021,5
32750916,JBHI,2021,51
33095720,JBHI,2021,5
32750982,JBHI,2021,93
32822314,JBHI,2021,13
32870804,JBHI,2021,51
33385314,JBHI,2021,16
33449889,JBHI,2021,-1
33788697,JBHI,2021,34
33216724,JBHI,2021,-1
33534720,JBHI,2021,16
32750902,JBHI,2021,19
33180737,JBHI,2021,31
34003759,JBHI,2021,-1
33571101,JBHI,2021,-1
33600327,JBHI,2021,0
32750981,JBHI,2021,12
34018938,JBHI,2021,-1
34347614,JBHI,2021,30
32750961,JBHI,2021,7
32841130,JBHI,2021,12
33651704,JBHI,2021,33
32750963,JBHI,2021,80
32750944,JBHI,2021,7
32386169,JBHI,2021,22
32946400,JBHI,2021,12
32749987,JBHI,2021,19
32750957,JBHI,2021,55
33259310,JBHI,2021,74
32750915,JBHI,2021,7
33513119,JBHI,2021,-1
33739926,JBHI,2021,0
34033549,JBHI,2021,0
32749985,JBHI,2021,38
32991294,JBHI,2021,-1
33017299,JBHI,2021,7
33556029,JBHI,2021,34
32841133,JBHI,2021,55
32750965,JBHI,2021,80
32881699,JBHI,2021,-1
32750959,JBHI,2021,0
33596180,JBHI,2021,35
34003756,JBHI,2021,39
32324583,JBHI,2021,70
33326391,JBHI,2021,-1
33556028,JBHI,2021,102
32750908,JBHI,2021,12
33406046,JBHI,2021,31
34057901,JBHI,2021,-1
33705324,JBHI,2021,80
33264097,JBHI,2021,12
32750949,JBHI,2021,7
32894725,JBHI,2021,85
32946402,JBHI,2021,7
33017300,JBHI,2021,7
33493122,JBHI,2021,30
34310332,JBHI,2021,37
32750913,JBHI,2021,-1
32750907,JBHI,2021,22
33361011,JBHI,2021,4
34077377,JBHI,2021,13
32406849,JBHI,2021,7
33296317,JBHI,2021,31
34033552,JBHI,2021,4
33434139,JBHI,2021,-1
33760743,JBHI,2021,31
32386167,JBHI,2021,32
33027010,JBHI,2021,43
32841132,JBHI,2021,7
33449887,JBHI,2021,0
32356764,JBHI,2021,-1
33216722,JBHI,2021,10
32750979,JBHI,2021,74
33264096,JBHI,2021,74
33760745,JBHI,2021,51
32956068,JBHI,2021,-1
32813665,JBHI,2021,13
33370240,JBHI,2021,13
33095721,JBHI,2021,-1
33635800,JBHI,2021,39
33705325,JBHI,2021,-1
32897865,JBHI,2021,10
32750976,JBHI,2021,80
33684048,JBHI,2021,13
34061756,JBHI,2021,-1
34665747,JBHI,2021,10
33798088,JBHI,2021,-1
32324579,JBHI,2021,5
33857007,JBHI,2021,-1
33175684,JBHI,2021,-1
33006933,JBHI,2021,28
33338024,JBHI,2021,-1
33449890,JBHI,2021,39
33684051,JBHI,2021,22
32750912,JBHI,2021,-1
33275589,JBHI,2021,37
34038374,JBHI,2021,51
32915752,JBHI,2021,-1
32853156,JBHI,2021,15
33687854,JBHI,2021,-1
32750899,JBHI,2021,-1
34129510,JBHI,2021,5
32991297,JBHI,2021,-1
32305947,JBHI,2021,12
33493123,JBHI,2021,-1
33465031,JBHI,2021,-1
33989160,JBHI,2021,7
33232248,JBHI,2021,-1
32750951,JBHI,2021,-1
33170788,JBHI,2021,-1
33156796,JBHI,2021,42
33905338,JBHI,2021,-1
33750717,JBHI,2021,30
34018941,JBHI,2021,-1
32750952,JBHI,2021,30
33764881,JBHI,2021,7
32750926,JBHI,2021,-1
33196445,JBHI,2021,97
33085624,JBHI,2021,19
32396111,JBHI,2021,55
33296316,JBHI,2021,55
33119515,JBHI,2021,12
32305948,JBHI,2021,74
32853155,JBHI,2021,-1
33979295,JBHI,2021,4
33237869,JBHI,2021,13
34185653,JBHI,2021,10
32750935,JBHI,2021,33
32248128,JBHI,2021,22
32750898,JBHI,2021,24
33460386,JBHI,2021,12
32750945,JBHI,2021,35
33621184,JBHI,2021,22
33710962,JBHI,2021,27
33338025,JBHI,2021,51
33439849,JBHI,2021,38
32956067,JBHI,2021,32
33108300,JBHI,2021,24
33320815,JBHI,2021,4
33848253,JBHI,2021,31
34129512,JBHI,2021,0
32396113,JBHI,2021,31
32310808,JBHI,2021,-1
34357872,JBHI,2021,-1
33147152,JBHI,2021,34
33400658,JBHI,2021,63
33361010,JBHI,2021,-1
33481724,JBHI,2021,15
33835928,JBHI,2021,0
32248131,JBHI,2021,4
33406048,JBHI,2021,85
32960772,JBHI,2021,25
32750903,JBHI,2021,80
32749986,JBHI,2021,25
32915753,JBHI,2021,-1
33108301,JBHI,2021,7
33882010,JBHI,2021,0
32750954,JBHI,2021,19
33245698,JBHI,2021,7
32991292,JBHI,2021,-1
33596178,JBHI,2021,30
32750958,JBHI,2021,22
33729960,JBHI,2021,13
32780703,JBHI,2021,-1
32086223,JBHI,2021,-1
33544681,JBHI,2021,4
32750983,JBHI,2021,51
33290235,JBHI,2021,25
32287025,JBHI,2021,-1
33905341,JBHI,2021,0
33857005,JBHI,2021,7
34038372,JBHI,2021,-1
35984796,JBHI,2022,102
34415842,JBHI,2022,-1
36423320,JBHI,2022,19
34191735,JBHI,2022,34
34057903,JBHI,2022,12
35439148,JBHI,2022,7
34714757,JBHI,2022,38
34473636,JBHI,2022,74
35921345,JBHI,2022,10
34714759,JBHI,2022,5
34971546,JBHI,2022,36
35820010,JBHI,2022,35
35085096,JBHI,2022,42
34637385,JBHI,2022,34
34986110,JBHI,2022,-1
34469320,JBHI,2022,22
34847048,JBHI,2022,-1
34520381,JBHI,2022,74
35196248,JBHI,2022,13
35767499,JBHI,2022,39
35471879,JBHI,2022,70
33848254,JBHI,2022,47
35157603,JBHI,2022,0
35544509,JBHI,2022,7
35085095,JBHI,2022,19
34495856,JBHI,2022,-1
37015542,JBHI,2022,74
35077375,JBHI,2022,51
35015656,JBHI,2022,74
35349459,JBHI,2022,7
34495854,JBHI,2022,-1
34910645,JBHI,2022,-1
34905497,JBHI,2022,0
34379601,JBHI,2022,-1
34388098,JBHI,2022,-1
35333727,JBHI,2022,13
34329172,JBHI,2022,-1
35609107,JBHI,2022,20
35881605,JBHI,2022,-1
35077374,JBHI,2022,0
35077373,JBHI,2022,7
35849679,JBHI,2022,13
35344500,JBHI,2022,-1
34986109,JBHI,2022,38
34633938,JBHI,2022,-1
35417361,JBHI,2022,-1
35696471,JBHI,2022,4
36129856,JBHI,2022,30
36074873,JBHI,2022,7
35867368,JBHI,2022,13
34197330,JBHI,2022,92
35316199,JBHI,2022,19
35077372,JBHI,2022,33
34613924,JBHI,2022,88
34735349,JBHI,2022,13
36048978,JBHI,2022,85
35404825,JBHI,2022,74
35380978,JBHI,2022,51
34379600,JBHI,2022,47
34941538,JBHI,2022,10
34995200,JBHI,2022,51
35816523,JBHI,2022,12
34748506,JBHI,2022,51
34855603,JBHI,2022,13
34156956,JBHI,2022,-1
35255000,JBHI,2022,31
35417359,JBHI,2022,12
35877799,JBHI,2022,91
34767517,JBHI,2022,12
34843433,JBHI,2022,10
34910644,JBHI,2022,74
36367915,JBHI,2022,-1
34347616,JBHI,2022,10
33905340,JBHI,2022,38
34310335,JBHI,2022,-1
34714758,JBHI,2022,-1
34232896,JBHI,2022,27
35976844,JBHI,2022,80
34699375,JBHI,2022,12
35344499,JBHI,2022,12
35294366,JBHI,2022,85
35867365,JBHI,2022,-1
34543208,JBHI,2022,12
34242177,JBHI,2022,85
35201992,JBHI,2022,80
35377850,JBHI,2022,12
36070258,JBHI,2022,10
35104236,JBHI,2022,-1
34111017,JBHI,2022,70
34613925,JBHI,2022,12
35951559,JBHI,2022,68
34197332,JBHI,2022,4
35930507,JBHI,2022,55
34550895,JBHI,2022,15
34232899,JBHI,2022,12
35298388,JBHI,2022,0
35180094,JBHI,2022,70
35104235,JBHI,2022,-1
35120013,JBHI,2022,19
34928810,JBHI,2022,51
35349461,JBHI,2022,60
34351864,JBHI,2022,12
35157605,JBHI,2022,19
35020599,JBHI,2022,-1
34495853,JBHI,2022,34
34748505,JBHI,2022,70
35230959,JBHI,2022,15
34495852,JBHI,2022,4
34375292,JBHI,2022,7
35130178,JBHI,2022,12
34847047,JBHI,2022,19
35939480,JBHI,2022,12
34388100,JBHI,2022,0
34061755,JBHI,2022,4
34170837,JBHI,2022,15
34115600,JBHI,2022,26
35763468,JBHI,2022,12
34543211,JBHI,2022,-1
35849680,JBHI,2022,-1
34181559,JBHI,2022,7
34928809,JBHI,2022,12
35724286,JBHI,2022,7
34797767,JBHI,2022,34
34375294,JBHI,2022,12
35196252,JBHI,2022,22
35290190,JBHI,2022,70
34982705,JBHI,2022,55
34125693,JBHI,2022,10
35727772,JBHI,2022,12
35213319,JBHI,2022,12
36044504,JBHI,2022,-1
34762593,JBHI,2022,10
35700245,JBHI,2022,91
34648462,JBHI,2022,-1
35749336,JBHI,2022,102
35613061,JBHI,2022,0
35767497,JBHI,2022,19
35143407,JBHI,2022,-1
36006882,JBHI,2022,41
35925854,JBHI,2022,85
34347610,JBHI,2022,-1
34822333,JBHI,2022,10
34255638,JBHI,2022,-1
34874877,JBHI,2022,0
34033551,JBHI,2022,19
34813482,JBHI,2022,-1
35439153,JBHI,2022,-1
35417357,JBHI,2022,31
34232895,JBHI,2022,-1
35412993,JBHI,2022,47
35635825,JBHI,2022,22
35139032,JBHI,2022,22
35349464,JBHI,2022,4
34582353,JBHI,2022,74
35511842,JBHI,2022,13
35737622,JBHI,2022,19
34280112,JBHI,2022,30
35439150,JBHI,2022,70
34347608,JBHI,2022,7
35452393,JBHI,2022,0
34061754,JBHI,2022,93
36155472,JBHI,2022,-1
34797769,JBHI,2022,4
34232900,JBHI,2022,-1
35503848,JBHI,2022,-1
35316198,JBHI,2022,7
36343004,JBHI,2022,19
35536818,JBHI,2022,16
35687645,JBHI,2022,12
33793406,JBHI,2022,-1
34673498,JBHI,2022,10
35353709,JBHI,2022,-1
35157601,JBHI,2022,30
34329173,JBHI,2022,38
34623286,JBHI,2022,93
35139030,JBHI,2022,12
34191734,JBHI,2022,13
34516382,JBHI,2022,13
35263265,JBHI,2022,85
34428164,JBHI,2022,13
34410932,JBHI,2022,7
35254999,JBHI,2022,91
35320109,JBHI,2022,22
36121945,JBHI,2022,80
35196250,JBHI,2022,-1
35609108,JBHI,2022,22
35104231,JBHI,2022,13
34986108,JBHI,2022,15
35412994,JBHI,2022,4
35895637,JBHI,2022,-1
35349462,JBHI,2022,7
35939481,JBHI,2022,30
34986106,JBHI,2022,34
35157604,JBHI,2022,-1
36121947,JBHI,2022,-1
34018942,JBHI,2022,13
35171783,JBHI,2022,-1
35104232,JBHI,2022,-1
34077376,JBHI,2022,-1
34784289,JBHI,2022,80
36001519,JBHI,2022,12
34314367,JBHI,2022,33
35316197,JBHI,2022,63
35930506,JBHI,2022,1
35380975,JBHI,2022,34
35849683,JBHI,2022,-1
34260361,JBHI,2022,19
35763467,JBHI,2022,12
34170836,JBHI,2022,19
35653451,JBHI,2022,34
35503847,JBHI,2022,-1
35446775,JBHI,2022,13
34962890,JBHI,2022,85
34018939,JBHI,2022,91
34951858,JBHI,2022,55
35714083,JBHI,2022,-1
34665748,JBHI,2022,-1
35788454,JBHI,2022,10
34460408,JBHI,2022,13
35038291,JBHI,2022,12
36170410,JBHI,2022,7
34460406,JBHI,2022,5
36067109,JBHI,2022,0
35536820,JBHI,2022,13
35192468,JBHI,2022,7
34882565,JBHI,2022,3
36409803,JBHI,2022,5
36099222,JBHI,2022,13
36121944,JBHI,2022,13
34520380,JBHI,2022,60
35802549,JBHI,2022,60
34705659,JBHI,2022,0
34314364,JBHI,2022,22
34516381,JBHI,2022,19
34543209,JBHI,2022,39
35947565,JBHI,2022,0
35320110,JBHI,2022,-1
35969552,JBHI,2022,74
34818197,JBHI,2022,13
35324451,JBHI,2022,12
34606466,JBHI,2022,34
35767498,JBHI,2022,4
35511840,JBHI,2022,5
35881606,JBHI,2022,19
35077376,JBHI,2022,13
34375295,JBHI,2022,34
33657005,JBHI,2022,0
35895638,JBHI,2022,-1
35503854,JBHI,2022,32
35976843,JBHI,2022,15
36136928,JBHI,2023,-1
37725722,JBHI,2023,22
37030855,JBHI,2023,-1
36149995,JBHI,2023,14
37022004,JBHI,2023,61
37018101,JBHI,2023,10
37267135,JBHI,2023,85
37651479,JBHI,2023,12
37030686,JBHI,2023,-1
37871094,JBHI,2023,55
37023161,JBHI,2023,12
37616144,JBHI,2023,-1
36251915,JBHI,2023,12
38019620,JBHI,2023,34
35930509,JBHI,2023,42
35133971,JBHI,2023,39
37018254,JBHI,2023,12
37022917,JBHI,2023,16
37665700,JBHI,2023,88
36355718,JBHI,2023,40
36223359,JBHI,2023,4
37773913,JBHI,2023,-1
37021912,JBHI,2023,4
37022393,JBHI,2023,91
37847619,JBHI,2023,91
36318553,JBHI,2023,22
37027675,JBHI,2023,92
37015702,JBHI,2023,31
37432798,JBHI,2023,-1
36067110,JBHI,2023,15
37399160,JBHI,2023,10
35635827,JBHI,2023,38
37115835,JBHI,2023,51
36441877,JBHI,2023,19
35536819,JBHI,2023,30
37015612,JBHI,2023,-1
35749338,JBHI,2023,13
37126617,JBHI,2023,-1
37030703,JBHI,2023,-1
37022227,JBHI,2023,39
37566511,JBHI,2023,74
37099473,JBHI,2023,63
37018611,JBHI,2023,13
37027679,JBHI,2023,39
37015613,JBHI,2023,31
35981060,JBHI,2023,13
37023154,JBHI,2023,0
37713231,JBHI,2023,19
36446008,JBHI,2023,34
37030687,JBHI,2023,12
37347634,JBHI,2023,4
37022395,JBHI,2023,10
37252866,JBHI,2023,-1
37028302,JBHI,2023,91
37155392,JBHI,2023,13
36264732,JBHI,2023,13
37097791,JBHI,2023,12
37099476,JBHI,2023,12
37788198,JBHI,2023,12
35737624,JBHI,2023,36
37310835,JBHI,2023,34
37578917,JBHI,2023,55
37145951,JBHI,2023,10
37022371,JBHI,2023,12
37022394,JBHI,2023,13
37155390,JBHI,2023,12
37015416,JBHI,2023,34
37015610,JBHI,2023,4
37021898,JBHI,2023,22
37751334,JBHI,2023,34
37549083,JBHI,2023,65
37043318,JBHI,2023,49
37220032,JBHI,2023,102
37022817,JBHI,2023,19
36331630,JBHI,2023,93
37368801,JBHI,2023,25
37027579,JBHI,2023,33
37015504,JBHI,2023,19
36067111,JBHI,2023,6
37018684,JBHI,2023,97
37028312,JBHI,2023,51
37247314,JBHI,2023,-1
37018304,JBHI,2023,-1
37115834,JBHI,2023,31
36048979,JBHI,2023,38
37015493,JBHI,2023,12
37171919,JBHI,2023,-1
36155470,JBHI,2023,-1
37310833,JBHI,2023,61
37018727,JBHI,2023,57
37672365,JBHI,2023,13
37022818,JBHI,2023,19
36315545,JBHI,2023,39
37015447,JBHI,2023,0
35816524,JBHI,2023,7
36044503,JBHI,2023,15
37556335,JBHI,2023,-1
37027682,JBHI,2023,38
37843993,JBHI,2023,-1
37027562,JBHI,2023,10
35560105,JBHI,2023,36
37498763,JBHI,2023,-1
36264731,JBHI,2023,25
35763469,JBHI,2023,38
35939479,JBHI,2023,13
37130257,JBHI,2023,10
37037254,JBHI,2023,15
37498758,JBHI,2023,88
37930924,JBHI,2023,74
37022022,JBHI,2023,74
37903039,JBHI,2023,69
37478028,JBHI,2023,-1
37801388,JBHI,2023,12
37363852,JBHI,2023,88
37561616,JBHI,2023,31
37471183,JBHI,2023,34
37792662,JBHI,2023,19
37028323,JBHI,2023,31
37126618,JBHI,2023,91
37669209,JBHI,2023,4
37498764,JBHI,2023,35
37729563,JBHI,2023,19
37725721,JBHI,2023,61
37099475,JBHI,2023,39
37486830,JBHI,2023,34
35511838,JBHI,2023,13
37015522,JBHI,2023,13
37030744,JBHI,2023,-1
36126032,JBHI,2023,-1
37022002,JBHI,2023,7
36318551,JBHI,2023,36
37922163,JBHI,2023,-1
36315544,JBHI,2023,19
37812534,JBHI,2023,61
37071520,JBHI,2023,51
37494154,JBHI,2023,70
37163397,JBHI,2023,4
37155391,JBHI,2023,12
37220033,JBHI,2023,-1
37467088,JBHI,2023,-1
37015562,JBHI,2023,12
35353708,JBHI,2023,39
37581964,JBHI,2023,-1
37015505,JBHI,2023,55
37155395,JBHI,2023,-1
37682647,JBHI,2023,-1
37022228,JBHI,2023,-1
37703165,JBHI,2023,10
37252867,JBHI,2023,-1
37015703,JBHI,2023,7
37695963,JBHI,2023,19
37058374,JBHI,2023,7
37030812,JBHI,2023,74
36191117,JBHI,2023,78
37015611,JBHI,2023,80
35180095,JBHI,2023,-1
37651480,JBHI,2023,80
37022417,JBHI,2023,-1
37079414,JBHI,2023,12
37459260,JBHI,2023,55
38019617,JBHI,2023,15
37585324,JBHI,2023,12
37676796,JBHI,2023,12
36327172,JBHI,2023,10
35749335,JBHI,2023,51
37610905,JBHI,2023,16
37023155,JBHI,2023,-1
35696476,JBHI,2023,12
37079415,JBHI,2023,30
37083517,JBHI,2023,0
37801390,JBHI,2023,22
35030087,JBHI,2023,38
37130258,JBHI,2023,41
37310836,JBHI,2023,88
37200132,JBHI,2023,19
35771792,JBHI,2023,36
37478027,JBHI,2023,-1
35446774,JBHI,2023,30
37247317,JBHI,2023,13
36269914,JBHI,2023,22
37071522,JBHI,2023,-1
37067962,JBHI,2023,-1
37713230,JBHI,2023,0
37018100,JBHI,2023,19
35594226,JBHI,2023,42
37930926,JBHI,2023,-1
36446009,JBHI,2023,61
37871091,JBHI,2023,13
37030839,JBHI,2023,70
36260566,JBHI,2023,7
37527303,JBHI,2023,10
36350856,JBHI,2023,80
37384472,JBHI,2023,25
37643107,JBHI,2023,25
37639416,JBHI,2023,7
36318552,JBHI,2023,55
35417360,JBHI,2023,36
37695960,JBHI,2023,32
36121946,JBHI,2023,55
38090823,JBHI,2023,7
37204948,JBHI,2023,80
37022057,JBHI,2023,25
36346863,JBHI,2023,102
37037255,JBHI,2023,66
37018307,JBHI,2023,25
36343005,JBHI,2023,7
37751335,JBHI,2023,-1
37782591,JBHI,2023,-1
37490372,JBHI,2023,4
37126621,JBHI,2023,13
35759605,JBHI,2023,12
37247316,JBHI,2023,22
37192033,JBHI,2023,-1
37698968,JBHI,2023,-1
37018255,JBHI,2023,12
37819834,JBHI,2023,50
37027676,JBHI,2023,70
37027578,JBHI,2023,25
37022061,JBHI,2023,7
37027678,JBHI,2023,25
37889829,JBHI,2023,5
34971547,JBHI,2023,-1
37022415,JBHI,2023,-1
37104104,JBHI,2023,13
37021913,JBHI,2023,12
37030688,JBHI,2023,39
36264730,JBHI,2023,-1
37527302,JBHI,2023,-1
37656654,JBHI,2023,91
37018587,JBHI,2023,-1
37022273,JBHI,2023,93
37590111,JBHI,2023,-1
37428664,JBHI,2023,-1
35271456,JBHI,2023,74
37022271,JBHI,2023,-1
36350854,JBHI,2023,0
37220034,JBHI,2023,12
37669210,JBHI,2023,70
37167055,JBHI,2023,-1
37021914,JBHI,2023,31
37015664,JBHI,2023,30
35503846,JBHI,2023,51
37247315,JBHI,2023,14
37506010,JBHI,2023,-1
37018586,JBHI,2023,-1
36301792,JBHI,2023,-1
37022001,JBHI,2023,-1
35041615,JBHI,2023,0
37030731,JBHI,2023,-1
37037251,JBHI,2023,19
39028592,JBHI,2024,13
37023160,JBHI,2024,13
38117619,JBHI,2024,12
38700974,JBHI,2024,55
39150813,JBHI,2024,4
39120983,JBHI,2024,19
38787664,JBHI,2024,-1
38190667,JBHI,2024,-1
39186430,JBHI,2024,70
37983160,JBHI,2024,-1
39028591,JBHI,2024,-1
38889030,JBHI,2024,30
38157466,JBHI,2024,91
38079367,JBHI,2024,-1
38289846,JBHI,2024,12
38954561,JBHI,2024,12
38875080,JBHI,2024,57
36129857,JBHI,2024,31
38051612,JBHI,2024,0
37878423,JBHI,2024,31
38194408,JBHI,2024,63
38478459,JBHI,2024,12
38376973,JBHI,2024,34
38568771,JBHI,2024,30
38206780,JBHI,2024,13
38319779,JBHI,2024,-1
38833404,JBHI,2024,31
38648143,JBHI,2024,30
38363664,JBHI,2024,55
37878422,JBHI,2024,22
38662559,JBHI,2024,101
38416611,JBHI,2024,10
37624725,JBHI,2024,39
39058614,JBHI,2024,-1
38446658,JBHI,2024,25
39137084,JBHI,2024,4
38551824,JBHI,2024,10
38691439,JBHI,2024,55
38055360,JBHI,2024,85
37028374,JBHI,2024,42
38412075,JBHI,2024,-1
38315595,JBHI,2024,27
40030825,JBHI,2024,61
37948141,JBHI,2024,-1
38224504,JBHI,2024,70
38349827,JBHI,2024,55
38889025,JBHI,2024,10
38861439,JBHI,2024,43
38079368,JBHI,2024,-1
38349826,JBHI,2024,91
37665701,JBHI,2024,7
38227406,JBHI,2024,13
38905092,JBHI,2024,91
38805334,JBHI,2024,12
38100336,JBHI,2024,12
38968015,JBHI,2024,102
38662560,JBHI,2024,-1
38345955,JBHI,2024,33
38117618,JBHI,2024,-1
39093669,JBHI,2024,12
39120985,JBHI,2024,12
38743530,JBHI,2024,12
38875078,JBHI,2024,25
38557617,JBHI,2024,22
39226202,JBHI,2024,-1
38381639,JBHI,2024,3
39110557,JBHI,2024,12
38857141,JBHI,2024,-1
37216248,JBHI,2024,-1
38227404,JBHI,2024,13
39418143,JBHI,2024,69
38900626,JBHI,2024,-1
37995170,JBHI,2024,91
38648147,JBHI,2024,15
38345954,JBHI,2024,13
37339021,JBHI,2024,74
38345952,JBHI,2024,51
38127596,JBHI,2024,4
38157463,JBHI,2024,-1
38739503,JBHI,2024,-1
38446656,JBHI,2024,-1
38923475,JBHI,2024,7
38470599,JBHI,2024,22
38857138,JBHI,2024,19
38963748,JBHI,2024,80
39236136,JBHI,2024,80
37289606,JBHI,2024,-1
38349825,JBHI,2024,30
38507373,JBHI,2024,85
38194407,JBHI,2024,4
38437146,JBHI,2024,12
38691437,JBHI,2024,15
38968012,JBHI,2024,85
38363665,JBHI,2024,12
37948137,JBHI,2024,51
38954565,JBHI,2024,10
38261493,JBHI,2024,91
38913516,JBHI,2024,22
38319782,JBHI,2024,47
38648145,JBHI,2024,19
38656853,JBHI,2024,57
37023158,JBHI,2024,-1
38739502,JBHI,2024,47
37022236,JBHI,2024,19
39190519,JBHI,2024,18
37021916,JBHI,2024,13
38165797,JBHI,2024,97
38739505,JBHI,2024,10
38923474,JBHI,2024,13
38319780,JBHI,2024,-1
37155397,JBHI,2024,63
38483804,JBHI,2024,93
37490371,JBHI,2024,34
38857140,JBHI,2024,13
38801681,JBHI,2024,61
38198249,JBHI,2024,15
36367914,JBHI,2024,7
37018306,JBHI,2024,-1
39106147,JBHI,2024,19
38470598,JBHI,2024,22
39374270,JBHI,2024,12
38687656,JBHI,2024,80
38848232,JBHI,2024,13
39446533,JBHI,2024,70
37276109,JBHI,2024,19
38446652,JBHI,2024,-1
38805332,JBHI,2024,102
39178096,JBHI,2024,10
38051608,JBHI,2024,31
37436864,JBHI,2024,19
38758615,JBHI,2024,-1
38442054,JBHI,2024,-1
36269915,JBHI,2024,-1
38408006,JBHI,2024,70
37022382,JBHI,2024,4
38843066,JBHI,2024,12
38625762,JBHI,2024,69
38427554,JBHI,2024,12
37991905,JBHI,2024,31
37938951,JBHI,2024,12
39178097,JBHI,2024,12
38713564,JBHI,2024,15
39196744,JBHI,2024,12
39250356,JBHI,2024,7
38696292,JBHI,2024,51
38640044,JBHI,2024,10
38412076,JBHI,2024,-1
38157464,JBHI,2024,55
38913515,JBHI,2024,74
38598367,JBHI,2024,10
38277252,JBHI,2024,19
37812535,JBHI,2024,38
38289848,JBHI,2024,34
38607707,JBHI,2024,10
38150340,JBHI,2024,74
39255077,JBHI,2024,4
38381640,JBHI,2024,7
39231047,JBHI,2024,12
38805333,JBHI,2024,88
38843069,JBHI,2024,31
39172618,JBHI,2024,7
39052463,JBHI,2024,51
38768004,JBHI,2024,-1
38442053,JBHI,2024,19
38968013,JBHI,2024,7
37874697,JBHI,2024,84
38557615,JBHI,2024,102
38483803,JBHI,2024,19
38814766,JBHI,2024,-1
37963004,JBHI,2024,7
37955996,JBHI,2024,12
38696290,JBHI,2024,19
38557613,JBHI,2024,34
38015679,JBHI,2024,7
38857139,JBHI,2024,39
38227405,JBHI,2024,-1
38557614,JBHI,2024,70
38416613,JBHI,2024,55
38498747,JBHI,2024,-1
38376971,JBHI,2024,63
37498760,JBHI,2024,12
38261492,JBHI,2024,-1
38564358,JBHI,2024,10
39093670,JBHI,2024,15
38090820,JBHI,2024,-1
38551823,JBHI,2024,31
38502613,JBHI,2024,19
38935468,JBHI,2024,55
38194409,JBHI,2024,51
37399158,JBHI,2024,38
38980776,JBHI,2024,70
38376974,JBHI,2024,32
38917287,JBHI,2024,-1
38483807,JBHI,2024,5
38551822,JBHI,2024,10
38442057,JBHI,2024,26
38319781,JBHI,2024,10
37028018,JBHI,2024,51
39150810,JBHI,2024,22
38483802,JBHI,2024,92
38913514,JBHI,2024,19
38055359,JBHI,2024,70
39178095,JBHI,2024,42
38768003,JBHI,2024,-1
39141450,JBHI,2024,31
38913520,JBHI,2024,39
38885104,JBHI,2024,55
38861440,JBHI,2024,61
38669172,JBHI,2024,4
39226204,JBHI,2024,12
39024092,JBHI,2024,-1
38261491,JBHI,2024,19
37948139,JBHI,2024,13
38709611,JBHI,2024,70
38502614,JBHI,2024,-1
39120984,JBHI,2024,10
39146173,JBHI,2024,19
39137085,JBHI,2024,-1
37015120,JBHI,2024,25
38587946,JBHI,2024,22
37093722,JBHI,2024,7
38564357,JBHI,2024,0
37028353,JBHI,2024,102
39361489,JBHI,2024,74
38709613,JBHI,2024,19
37930927,JBHI,2024,-1
37294651,JBHI,2024,22
37930923,JBHI,2024,12
38776205,JBHI,2024,91
38536686,JBHI,2024,-1
38990748,JBHI,2024,10
38787660,JBHI,2024,63
38032776,JBHI,2024,61
38265899,JBHI,2024,102
40030412,JBHI,2024,12
38776202,JBHI,2024,19
38412077,JBHI,2024,34
38512747,JBHI,2024,50
38319783,JBHI,2024,10
39167519,JBHI,2024,19
37053059,JBHI,2024,-1
37276108,JBHI,2024,51
38133974,JBHI,2024,51
38100337,JBHI,2024,39
38442056,JBHI,2024,74
38457316,JBHI,2024,-1
38771683,JBHI,2024,31
39008396,JBHI,2024,10
37999960,JBHI,2024,22
38905094,JBHI,2024,-1
40966140,JBHI,2025,35
40031026,JBHI,2025,-1
40030426,JBHI,2025,-1
41284435,JBHI,2025,-1
39292589,JBHI,2025,12
40031062,JBHI,2025,-1
40030971,JBHI,2025,19
40168216,JBHI,2025,91
40293897,JBHI,2025,13
41396747,JBHI,2025,10
40030493,JBHI,2025,-1
40067720,JBHI,2025,10
41433184,JBHI,2025,42
41359715,JBHI,2025,-1
39475735,JBHI,2025,93
40720266,JBHI,2025,4
40030190,JBHI,2025,-1
40031345,JBHI,2025,19
40238612,JBHI,2025,12
40232906,JBHI,2025,0
40768461,JBHI,2025,4
40478705,JBHI,2025,-1
41284457,JBHI,2025,4
41336170,JBHI,2025,102
40036514,JBHI,2025,10
40100675,JBHI,2025,10
41370155,JBHI,2025,38
37906497,JBHI,2025,63
40526538,JBHI,2025,74
41296964,JBHI,2025,-1
40587359,JBHI,2025,3
40030671,JBHI,2025,13
40366845,JBHI,2025,19
40956749,JBHI,2025,70
40526534,JBHI,2025,19
39046868,JBHI,2025,-1
37851554,JBHI,2025,5
39331558,JBHI,2025,7
39437278,JBHI,2025,33
40095841,JBHI,2025,25
40512642,JBHI,2025,13
40327467,JBHI,2025,36
40030494,JBHI,2025,-1
40471744,JBHI,2025,12
41247895,JBHI,2025,-1
38109249,JBHI,2025,10
40030274,JBHI,2025,12
40408213,JBHI,2025,19
40031832,JBHI,2025,31
39485689,JBHI,2025,55
40030652,JBHI,2025,10
41428927,JBHI,2025,13
40198304,JBHI,2025,19
39283775,JBHI,2025,12
40889317,JBHI,2025,-1
40030418,JBHI,2025,31
37040241,JBHI,2025,91
40215147,JBHI,2025,-1
40031173,JBHI,2025,19
40402698,JBHI,2025,12
41284432,JBHI,2025,-1
39412973,JBHI,2025,-1
37643106,JBHI,2025,35
41385418,JBHI,2025,7
40560711,JBHI,2025,-1
40202886,JBHI,2025,88
41325115,JBHI,2025,91
38700973,JBHI,2025,12
40085457,JBHI,2025,5
40184304,JBHI,2025,70
41247892,JBHI,2025,7
40424108,JBHI,2025,34
41359723,JBHI,2025,10
41348788,JBHI,2025,12
40063434,JBHI,2025,105
39509308,JBHI,2025,19
41247893,JBHI,2025,22
41284456,JBHI,2025,55
39356607,JBHI,2025,30
39186432,JBHI,2025,-1
40489282,JBHI,2025,-1
40030942,JBHI,2025,10
40030423,JBHI,2025,12
40402699,JBHI,2025,91
39012745,JBHI,2025,22
40030328,JBHI,2025,12
41100234,JBHI,2025,5
40030701,JBHI,2025,74
41284452,JBHI,2025,7
40030191,JBHI,2025,30
40198302,JBHI,2025,3
40031643,JBHI,2025,7
41370156,JBHI,2025,-1
40408216,JBHI,2025,10
40293893,JBHI,2025,12
40031029,JBHI,2025,15
40030726,JBHI,2025,61
39331556,JBHI,2025,3
38861441,JBHI,2025,-1
41284451,JBHI,2025,88
37603476,JBHI,2025,-1
40031025,JBHI,2025,20
41325121,JBHI,2025,7
39226206,JBHI,2025,91
40048333,JBHI,2025,91
40232908,JBHI,2025,51
41196786,JBHI,2025,13
41296960,JBHI,2025,12
40397631,JBHI,2025,85
41396749,JBHI,2025,85
41359712,JBHI,2025,39
40489279,JBHI,2025,27
40864576,JBHI,2025,-1
40720264,JBHI,2025,19
40907053,JBHI,2025,10
40577308,JBHI,2025,-1
40911443,JBHI,2025,19
40299745,JBHI,2025,10
39437276,JBHI,2025,3
40560709,JBHI,2025,12
40327469,JBHI,2025,10
41468343,JBHI,2025,70
40042949,JBHI,2025,-1
40354204,JBHI,2025,34
40560708,JBHI,2025,-1
40366848,JBHI,2025,-1
41284428,JBHI,2025,55
41385417,JBHI,2025,19
41417999,JBHI,2025,-1
40031027,JBHI,2025,-1
39231049,JBHI,2025,7
39163184,JBHI,2025,12
41406282,JBHI,2025,-1
40366850,JBHI,2025,7
40173063,JBHI,2025,-1
41359706,JBHI,2025,-1
40663667,JBHI,2025,91
40030301,JBHI,2025,47
39365725,JBHI,2025,0
41259168,JBHI,2025,85
41325114,JBHI,2025,-1
40031740,JBHI,2025,10
40030550,JBHI,2025,85
39052464,JBHI,2025,-1
40030964,JBHI,2025,13
41284430,JBHI,2025,50
40030432,JBHI,2025,10
39383087,JBHI,2025,74
41329581,JBHI,2025,91
39405148,JBHI,2025,85
40085458,JBHI,2025,-1
40030297,JBHI,2025,-1
41379896,JBHI,2025,12
40030567,JBHI,2025,47
38568769,JBHI,2025,4
39527410,JBHI,2025,12
39527418,JBHI,2025,19
40030901,JBHI,2025,12
38656851,JBHI,2025,12
40030421,JBHI,2025,-1
40244836,JBHI,2025,10
41171649,JBHI,2025,7
40679882,JBHI,2025,-1
40067719,JBHI,2025,10
38865230,JBHI,2025,31
39348249,JBHI,2025,4
40601462,JBHI,2025,-1
39348248,JBHI,2025,10
39405149,JBHI,2025,-1
41259166,JBHI,2025,30
40343817,JBHI,2025,-1
39412976,JBHI,2025,-1
40030472,JBHI,2025,19
40030782,JBHI,2025,7
40030780,JBHI,2025,4
40471743,JBHI,2025,31
40030424,JBHI,2025,30
39196745,JBHI,2025,-1
40030600,JBHI,2025,74
41296953,JBHI,2025,55
40031837,JBHI,2025,31
39514354,JBHI,2025,-1
40748801,JBHI,2025,3
40323751,JBHI,2025,7
39259623,JBHI,2025,10
40036458,JBHI,2025,12
40982491,JBHI,2025,22
41296962,JBHI,2025,19
41313697,JBHI,2025,38
41296957,JBHI,2025,12
39388320,JBHI,2025,74
41284458,JBHI,2025,-1
40343819,JBHI,2025,30
41359691,JBHI,2025,-1
40549530,JBHI,2025,10
40030833,JBHI,2025,31
40031339,JBHI,2025,19
40030273,JBHI,2025,19
41359708,JBHI,2025,55
40705574,JBHI,2025,12
40031866,JBHI,2025,-1
40031347,JBHI,2025,-1
41284441,JBHI,2025,-1
39302774,JBHI,2025,33
40397630,JBHI,2025,55
40030473,JBHI,2025,66
40067716,JBHI,2025,4
40031384,JBHI,2025,55
40031709,JBHI,2025,4
40031802,JBHI,2025,0
39466873,JBHI,2025,74
41385416,JBHI,2025,12
40168217,JBHI,2025,12
41379901,JBHI,2025,25
40327468,JBHI,2025,102
40095839,JBHI,2025,-1
40138223,JBHI,2025,35
40031371,JBHI,2025,7
41442291,JBHI,2025,25
40323749,JBHI,2025,51
40397632,JBHI,2025,55
38843065,JBHI,2025,25
40131743,JBHI,2025,-1
40402700,JBHI,2025,13
41379898,JBHI,2025,-1
40031739,JBHI,2025,85
40030325,JBHI,2025,19
40048331,JBHI,2025,-1
41086070,JBHI,2025,-1
40408219,JBHI,2025,-1
40031867,JBHI,2025,31
38959147,JBHI,2025,-1
41313698,JBHI,2025,-1
41100230,JBHI,2025,5
41359714,JBHI,2025,-1
38483801,JBHI,2025,4
40111773,JBHI,2025,10
40031605,JBHI,2025,-1
40030240,JBHI,2025,10
40030272,JBHI,2025,12
40048335,JBHI,2025,-1
40030727,JBHI,2025,30
40305243,JBHI,2025,19
40031229,JBHI,2025,70
41259167,JBHI,2025,34
40031811,JBHI,2025,-1
41259173,JBHI,2025,85
39012743,JBHI,2025,33
40030242,JBHI,2025,-1
39365723,JBHI,2025,55
33091832,IJMI,2020,14
33091831,IJMI,2020,-1
33091830,IJMI,2020,90
33091829,IJMI,2020,-1
33080505,IJMI,2020,53
33080504,IJMI,2020,-1
33069058,IJMI,2020,-1
33059242,IJMI,2020,23
33049479,IJMI,2020,-1
33017724,IJMI,2020,-1
33010730,IJMI,2020,50
33010729,IJMI,2020,7
32992137,IJMI,2020,17
32992136,IJMI,2020,0
33152653,IJMI,2020,0
32987350,IJMI,2020,-1
32980667,IJMI,2020,-1
32979650,IJMI,2020,28
32979649,IJMI,2020,1
32961505,IJMI,2020,2
32961504,IJMI,2020,-1
32957015,IJMI,2020,2
32950874,IJMI,2020,27
32942224,IJMI,2020,-1
32932143,IJMI,2020,29
32927269,IJMI,2020,14
32927268,IJMI,2020,2
32919345,IJMI,2020,90
32911257,IJMI,2020,0
32905865,IJMI,2020,53
32889387,IJMI,2020,-1
32877853,IJMI,2020,0
32947116,IJMI,2020,87
32947115,IJMI,2020,2
32927229,IJMI,2020,0
32871492,IJMI,2020,92
32871491,IJMI,2020,104
32858339,IJMI,2020,-1
32853975,IJMI,2020,41
32853974,IJMI,2020,-1
32828988,IJMI,2020,-1
32828034,IJMI,2020,-1
32828033,IJMI,2020,38
32771960,IJMI,2020,29
32768994,IJMI,2020,6
32763790,IJMI,2020,96
32739611,IJMI,2020,-1
32739610,IJMI,2020,1
32736330,IJMI,2020,2
32721852,IJMI,2020,-1
32707430,IJMI,2020,-1
32693246,IJMI,2020,-1
32693245,IJMI,2020,16
32688291,IJMI,2020,1
32688290,IJMI,2020,17
32683311,IJMI,2020,0
32682318,IJMI,2020,24
32682317,IJMI,2020,-1
32663739,IJMI,2020,24
32659739,IJMI,2020,26
32645645,IJMI,2020,-1
32623330,IJMI,2020,1
32623329,IJMI,2020,73
32622341,IJMI,2020,-1
32593848,IJMI,2020,-1
32593847,IJMI,2020,-1
32593011,IJMI,2020,1
32593010,IJMI,2020,14
32593009,IJMI,2020,-1
32590229,IJMI,2020,3
32574925,IJMI,2020,9
32574924,IJMI,2020,-1
32570197,IJMI,2020,26
32570196,IJMI,2020,0
32563027,IJMI,2020,78
32559726,IJMI,2020,23
32559725,IJMI,2020,-1
32554239,IJMI,2020,81
32544824,IJMI,2020,-1
32544823,IJMI,2020,-1
32544822,IJMI,2020,45
32540775,IJMI,2020,38
32535186,IJMI,2020,35
32534436,IJMI,2020,20
32531726,IJMI,2020,-1
32531725,IJMI,2020,-1
32531724,IJMI,2020,-1
32526691,IJMI,2020,-1
32521449,IJMI,2020,72
32521448,IJMI,2020,45
32506051,IJMI,2020,-1
32504910,IJMI,2020,-1
32492586,IJMI,2020,-1
32485555,IJMI,2020,41
32485554,IJMI,2020,-1
32485553,IJMI,2020,-1
32480319,IJMI,2020,6
32497853,IJMI,2020,-1
32480360,IJMI,2020,-1
32474393,IJMI,2020,24
32473568,IJMI,2020,2
32473567,IJMI,2020,-1
32460043,IJMI,2020,1
32446158,IJMI,2020,6
32416430,IJMI,2020,-1
32416522,IJMI,2020,-1
32402986,IJMI,2020,2
32388157,IJMI,2020,-1
32387819,IJMI,2020,103
32387818,IJMI,2020,24
32361146,IJMI,2020,71
32361145,IJMI,2020,60
32353752,IJMI,2020,97
32353751,IJMI,2020,-1
32339929,IJMI,2020,5
32334400,IJMI,2020,1
32330853,IJMI,2020,24
32330852,IJMI,2020,-1
32325370,IJMI,2020,50
32325369,IJMI,2020,32
32370950,IJMI,2020,42
32305023,IJMI,2020,15
32305022,IJMI,2020,3
32298972,IJMI,2020,49
32298971,IJMI,2020,-1
32283479,IJMI,2020,6
32278288,IJMI,2020,28
32200295,IJMI,2020,-1
32193089,IJMI,2020,-1
32179256,IJMI,2020,-1
32179255,IJMI,2020,-1
32179254,IJMI,2020,9
32172186,IJMI,2020,3
32172185,IJMI,2020,57
32172184,IJMI,2020,-1
32146373,IJMI,2020,61
32146372,IJMI,2020,1
32126509,IJMI,2020,77
32113970,IJMI,2020,-1
32092667,IJMI,2020,1
32088558,IJMI,2020,-1
32088557,IJMI,2020,11
32088556,IJMI,2020,18
32078918,IJMI,2020,1
32066084,IJMI,2020,-1
32120318,IJMI,2020,-1
32120317,IJMI,2020,-1
32078979,IJMI,2020,-1
32062562,IJMI,2020,-1
32058265,IJMI,2020,-1
32058264,IJMI,2020,-1
32058263,IJMI,2020,-1
32058262,IJMI,2020,14
32045743,IJMI,2020,4
32044698,IJMI,2020,-1
32036321,IJMI,2020,-1
32007730,IJMI,2020,11
32000012,IJMI,2020,64
31981744,IJMI,2020,-1
31978809,IJMI,2020,19
31962281,IJMI,2020,6
31958670,IJMI,2020,96
31955052,IJMI,2020,-1
31926355,IJMI,2020,26
31923822,IJMI,2020,47
31927468,IJMI,2020,-1
31923817,IJMI,2020,-1
31923816,IJMI,2020,5
31918341,IJMI,2020,6
31918340,IJMI,2020,-1
31915117,IJMI,2020,-1
31901707,IJMI,2020,45
31884312,IJMI,2020,-1
31884311,IJMI,2020,-1
31877404,IJMI,2020,-1
31865190,IJMI,2020,-1
31864129,IJMI,2020,-1
31865055,IJMI,2020,38
31865054,IJMI,2020,23
31864097,IJMI,2020,21
31864096,IJMI,2020,-1
31862610,IJMI,2020,81
31855847,IJMI,2020,-1
31838291,IJMI,2020,-1
31837500,IJMI,2020,-1
31835159,IJMI,2020,21
31835158,IJMI,2020,9
31816495,IJMI,2020,78
31790858,IJMI,2020,-1
31790857,IJMI,2020,-1
31630961,IJMI,2020,-1
31785526,IJMI,2020,-1
31783311,IJMI,2020,47
31778886,IJMI,2020,104
31778885,IJMI,2020,-1
31775085,IJMI,2020,2
31765879,IJMI,2020,2
31759245,IJMI,2020,23
31739223,IJMI,2020,-1
31733603,IJMI,2020,-1
31731221,IJMI,2020,1
31726385,IJMI,2020,-1
31715451,IJMI,2020,-1
31707264,IJMI,2020,96
31706231,IJMI,2020,2
31706230,IJMI,2020,-1
31706229,IJMI,2020,14
31706228,IJMI,2020,-1
31704491,IJMI,2020,24
31704490,IJMI,2020,37
31698230,IJMI,2020,2
31683142,IJMI,2020,77
31675540,IJMI,2020,-1
34717179,IJMI,2021,28
34710725,IJMI,2021,-1
34700194,IJMI,2021,-1
34695728,IJMI,2021,0
34688969,IJMI,2021,0
34673309,IJMI,2021,66
34673308,IJMI,2021,2
34662820,IJMI,2021,-1
34653809,IJMI,2021,37
34649113,IJMI,2021,15
34649112,IJMI,2021,84
34649111,IJMI,2021,87
34649110,IJMI,2021,-1
34638012,IJMI,2021,-1
34638011,IJMI,2021,24
34634526,IJMI,2021,40
34628257,IJMI,2021,38
34628256,IJMI,2021,9
34627112,IJMI,2021,95
34624662,IJMI,2021,-1
34624661,IJMI,2021,-1
34619572,IJMI,2021,104
34619571,IJMI,2021,97
34607290,IJMI,2021,-1
34601240,IJMI,2021,0
34601239,IJMI,2021,24
34601238,IJMI,2021,0
34592540,IJMI,2021,0
34592539,IJMI,2021,1
34560490,IJMI,2021,4
34560489,IJMI,2021,2
34555555,IJMI,2021,-1
34547625,IJMI,2021,97
34547624,IJMI,2021,24
34537687,IJMI,2021,2
34537686,IJMI,2021,0
34536808,IJMI,2021,0
34525441,IJMI,2021,-1
34520934,IJMI,2021,1
34509027,IJMI,2021,97
34492483,IJMI,2021,14
34482150,IJMI,2021,49
34481301,IJMI,2021,-1
34481300,IJMI,2021,104
34479094,IJMI,2021,-1
34474310,IJMI,2021,96
34474309,IJMI,2021,38
34464848,IJMI,2021,0
34455119,IJMI,2021,47
34455118,IJMI,2021,0
34438318,IJMI,2021,-1
34425552,IJMI,2021,9
34411951,IJMI,2021,-1
34391017,IJMI,2021,-1
34391016,IJMI,2021,60
34385097,IJMI,2021,56
34358804,IJMI,2021,81
34343957,IJMI,2021,-1
34343956,IJMI,2021,-1
34343955,IJMI,2021,9
34332469,IJMI,2021,96
34332468,IJMI,2021,-1
34332467,IJMI,2021,0
34332466,IJMI,2021,52
34325206,IJMI,2021,-1
34305002,IJMI,2021,24
34303136,IJMI,2021,103
34298425,IJMI,2021,1
34186433,IJMI,2021,4
34171663,IJMI,2021,0
34171662,IJMI,2021,9
34153901,IJMI,2021,-1
34139621,IJMI,2021,90
34139620,IJMI,2021,-1
34119835,IJMI,2021,9
34116363,IJMI,2021,-1
34108105,IJMI,2021,101
34107384,IJMI,2021,-1
34098316,IJMI,2021,0
34091146,IJMI,2021,2
34091145,IJMI,2021,-1
34087547,IJMI,2021,2
34074600,IJMI,2021,17
34058641,IJMI,2021,0
34049051,IJMI,2021,38
34030088,IJMI,2021,84
34020171,IJMI,2021,24
34020170,IJMI,2021,23
34015657,IJMI,2021,-1
34010786,IJMI,2021,-1
34004399,IJMI,2021,1
34004398,IJMI,2021,23
34000481,IJMI,2021,0
33991886,IJMI,2021,-1
33991885,IJMI,2021,0
33984625,IJMI,2021,0
33975266,IJMI,2021,76
33965683,IJMI,2021,-1
33965682,IJMI,2021,0
33964704,IJMI,2021,9
33964703,IJMI,2021,-1
33940479,IJMI,2021,24
33933904,IJMI,2021,-1
33933903,IJMI,2021,-1
33932763,IJMI,2021,33
33932762,IJMI,2021,95
33915421,IJMI,2021,0
33906020,IJMI,2021,-1
33892446,IJMI,2021,-1
33892445,IJMI,2021,-1
33887589,IJMI,2021,0
33878596,IJMI,2021,41
33872824,IJMI,2021,0
33866232,IJMI,2021,-1
33866231,IJMI,2021,-1
33864979,IJMI,2021,100
33862508,IJMI,2021,29
33862507,IJMI,2021,9
33857774,IJMI,2021,-1
33848941,IJMI,2021,9
33838613,IJMI,2021,-1
33823463,IJMI,2021,64
33799055,IJMI,2021,6
33756337,IJMI,2021,28
33752170,IJMI,2021,-1
33735828,IJMI,2021,-1
33730681,IJMI,2021,47
33713915,IJMI,2021,96
33706032,IJMI,2021,-1
33706031,IJMI,2021,-1
33684712,IJMI,2021,90
33684711,IJMI,2021,-1
33677397,IJMI,2021,81
33667930,IJMI,2021,0
33667929,IJMI,2021,0
33652259,IJMI,2021,-1
33647601,IJMI,2021,17
33647600,IJMI,2021,27
33640839,IJMI,2021,64
33640838,IJMI,2021,-1
33639328,IJMI,2021,0
33639327,IJMI,2021,-1
33621793,IJMI,2021,-1
33618191,IJMI,2021,1
33592353,IJMI,2021,2
33588302,IJMI,2021,0
33637406,IJMI,2021,11
33637405,IJMI,2021,-1
33609928,IJMI,2021,4
33609927,IJMI,2021,-1
33601253,IJMI,2021,83
33601252,IJMI,2021,-1
33588216,IJMI,2021,-1
33581476,IJMI,2021,26
33571744,IJMI,2021,21
33571743,IJMI,2021,-1
33540131,IJMI,2021,38
33517102,IJMI,2021,2
33515931,IJMI,2021,1
33503558,IJMI,2021,1
33486356,IJMI,2021,51
33486355,IJMI,2021,2
33485218,IJMI,2021,-1
33485217,IJMI,2021,9
33485216,IJMI,2021,5
33461009,IJMI,2021,47
33461008,IJMI,2021,1
33453635,IJMI,2021,-1
33422761,IJMI,2021,-1
33421688,IJMI,2021,53
33421687,IJMI,2021,-1
33418439,IJMI,2021,-1
33401170,IJMI,2021,6
33401169,IJMI,2021,-1
33401168,IJMI,2021,5
33388481,IJMI,2021,0
33388480,IJMI,2021,4
33373949,IJMI,2021,14
33360791,IJMI,2021,2
33360790,IJMI,2021,0
33360844,IJMI,2021,4
33360117,IJMI,2021,-1
33360116,IJMI,2021,29
33348274,IJMI,2021,-1
33341556,IJMI,2021,1
33310434,IJMI,2021,26
33285357,IJMI,2021,25
33281069,IJMI,2021,-1
33260090,IJMI,2021,-1
33260089,IJMI,2021,-1
33248334,IJMI,2021,-1
33242762,IJMI,2021,0
33242761,IJMI,2021,-1
33232918,IJMI,2021,-1
33232917,IJMI,2021,-1
33221648,IJMI,2021,53
33220573,IJMI,2021,-1
33202372,IJMI,2021,1
33202371,IJMI,2021,-1
33197878,IJMI,2021,24
33188949,IJMI,2021,47
33186790,IJMI,2021,-1
33181447,IJMI,2021,0
33181446,IJMI,2021,-1
33181445,IJMI,2021,2
33161319,IJMI,2021,-1
33160272,IJMI,2021,46
33157342,IJMI,2021,0
33142259,IJMI,2021,47
33129125,IJMI,2021,-1
33129124,IJMI,2021,-1
33129123,IJMI,2021,76
33129122,IJMI,2021,9
33126060,IJMI,2021,24
33126059,IJMI,2021,50
33126058,IJMI,2021,64
33099184,IJMI,2021,24
33099183,IJMI,2021,-1
36335797,IJMI,2022,26
36334465,IJMI,2022,84
36334464,IJMI,2022,0
36332522,IJMI,2022,0
36332521,IJMI,2022,29
36332520,IJMI,2022,28
36332519,IJMI,2022,29
36308867,IJMI,2022,1
36306653,IJMI,2022,-1
36306652,IJMI,2022,24
36279655,IJMI,2022,47
36279654,IJMI,2022,2
36272315,IJMI,2022,18
36265361,IJMI,2022,-1
36252337,IJMI,2022,37
36242855,IJMI,2022,86
36228416,IJMI,2022,0
36228415,IJMI,2022,-1
36209699,IJMI,2022,103
36208533,IJMI,2022,9
36194994,IJMI,2022,9
36194993,IJMI,2022,41
36179600,IJMI,2022,-1
36179599,IJMI,2022,96
36179598,IJMI,2022,103
36174416,IJMI,2022,27
36174415,IJMI,2022,83
36174414,IJMI,2022,-1
36162166,IJMI,2022,0
36148752,IJMI,2022,81
36126353,IJMI,2022,-1
36113383,IJMI,2022,28
36084537,IJMI,2022,-1
36067628,IJMI,2022,14
36037594,IJMI,2022,-1
36037593,IJMI,2022,1
36027798,IJMI,2022,2
36007433,IJMI,2022,0
36001919,IJMI,2022,21
35998421,IJMI,2022,8
35988510,IJMI,2022,0
35981480,IJMI,2022,-1
35981479,IJMI,2022,1
35973365,IJMI,2022,-1
35964384,IJMI,2022,-1
35964383,IJMI,2022,83
35940044,IJMI,2022,-1
35930927,IJMI,2022,86
35930926,IJMI,2022,9
35908372,IJMI,2022,0
35870303,IJMI,2022,32
35870302,IJMI,2022,-1
35868231,IJMI,2022,2
35863206,IJMI,2022,-1
35842978,IJMI,2022,0
35841729,IJMI,2022,103
35810657,IJMI,2022,53
35809542,IJMI,2022,-1
35797921,IJMI,2022,52
35792376,IJMI,2022,-1
35785604,IJMI,2022,0
35780651,IJMI,2022,8
35767912,IJMI,2022,0
35763936,IJMI,2022,-1
35753175,IJMI,2022,14
35738163,IJMI,2022,53
35738162,IJMI,2022,0
35728358,IJMI,2022,83
35714549,IJMI,2022,-1
35700664,IJMI,2022,81
35691260,IJMI,2022,0
35671586,IJMI,2022,-1
35671585,IJMI,2022,0
35653828,IJMI,2022,18
35644052,IJMI,2022,1
35644051,IJMI,2022,-1
35642997,IJMI,2022,66
35605460,IJMI,2022,-1
35598505,IJMI,2022,2
35597101,IJMI,2022,-1
35594810,IJMI,2022,0
35552190,IJMI,2022,-1
35552189,IJMI,2022,13
35533413,IJMI,2022,57
35526508,IJMI,2022,-1
35525127,IJMI,2022,14
35525126,IJMI,2022,14
35512625,IJMI,2022,50
35512624,IJMI,2022,9
35512623,IJMI,2022,1
35512622,IJMI,2022,27
35504130,IJMI,2022,-1
35487076,IJMI,2022,-1
35487075,IJMI,2022,50
35483130,IJMI,2022,53
35461149,IJMI,2022,0
35461148,IJMI,2022,-1
35439671,IJMI,2022,14
35429722,IJMI,2022,-1
35421837,IJMI,2022,-1
35421836,IJMI,2022,-1
35405530,IJMI,2022,18
35398812,IJMI,2022,27
35395475,IJMI,2022,-1
35395474,IJMI,2022,14
35390591,IJMI,2022,0
35390590,IJMI,2022,0
35390589,IJMI,2022,59
35381436,IJMI,2022,14
35358894,IJMI,2022,-1
35358893,IJMI,2022,46
35339888,IJMI,2022,21
35339887,IJMI,2022,0
35325663,IJMI,2022,-1
35325662,IJMI,2022,27
35325661,IJMI,2022,0
35316697,IJMI,2022,5
35305517,IJMI,2022,-1
34968960,IJMI,2022,1
34952282,IJMI,2022,-1
34933173,IJMI,2022,-1
34929546,IJMI,2022,-1
34929545,IJMI,2022,17
34923449,IJMI,2022,0
34923448,IJMI,2022,0
34923447,IJMI,2022,36
34922178,IJMI,2022,14
34915320,IJMI,2022,-1
34915319,IJMI,2022,-1
34890934,IJMI,2022,32
34890933,IJMI,2022,-1
34883386,IJMI,2022,9
34875485,IJMI,2022,0
34839119,IJMI,2022,57
34826757,IJMI,2022,2
35299099,IJMI,2022,-1
35299098,IJMI,2022,8
35287099,IJMI,2022,71
35279551,IJMI,2022,-1
35279550,IJMI,2022,69
35259670,IJMI,2022,0
35240558,IJMI,2022,1
35231719,IJMI,2022,64
35228007,IJMI,2022,56
35228006,IJMI,2022,0
35196600,IJMI,2022,2
35189482,IJMI,2022,76
35183870,IJMI,2022,-1
35183048,IJMI,2022,53
35168091,IJMI,2022,2
35168090,IJMI,2022,24
35168089,IJMI,2022,-1
35158153,IJMI,2022,-1
35151221,IJMI,2022,44
35144102,IJMI,2022,-1
35144101,IJMI,2022,-1
35144100,IJMI,2022,0
35131699,IJMI,2022,-1
35131698,IJMI,2022,-1
35124391,IJMI,2022,53
35121356,IJMI,2022,-1
35121355,IJMI,2022,1
35114522,IJMI,2022,0
35091287,IJMI,2022,21
35078027,IJMI,2022,41
35078026,IJMI,2022,51
35074703,IJMI,2022,-1
35067452,IJMI,2022,0
35066244,IJMI,2022,3
35033982,IJMI,2022,-1
35007925,IJMI,2022,0
35007924,IJMI,2022,-1
34999411,IJMI,2022,-1
34999410,IJMI,2022,-1
34990942,IJMI,2022,-1
34990941,IJMI,2022,2
34990940,IJMI,2022,81
34990939,IJMI,2022,-1
34979436,IJMI,2022,-1
34979435,IJMI,2022,-1
34979434,IJMI,2022,103
34973608,IJMI,2022,-1
34971918,IJMI,2022,97
34971917,IJMI,2022,90
34800847,IJMI,2022,47
34785488,IJMI,2022,-1
34785487,IJMI,2022,-1
34781167,IJMI,2022,-1
34775213,IJMI,2022,-1
34773800,IJMI,2022,-1
34768031,IJMI,2022,0
34763192,IJMI,2022,-1
34753040,IJMI,2022,-1
34741893,IJMI,2022,0
34741892,IJMI,2022,-1
34741891,IJMI,2022,0
34741890,IJMI,2022,60
37672982,IJMI,2023,1
37890203,IJMI,2023,100
37224643,IJMI,2023,13
37301132,IJMI,2023,-1
37392712,IJMI,2023,-1
37595374,IJMI,2023,48
37690224,IJMI,2023,72
37729838,IJMI,2023,60
36603390,IJMI,2023,15
37866276,IJMI,2023,-1
37866277,IJMI,2023,39
37708836,IJMI,2023,14
37406571,IJMI,2023,78
37329765,IJMI,2023,14
37290214,IJMI,2023,88
37121138,IJMI,2023,-1
37922661,IJMI,2023,21
37182411,IJMI,2023,-1
37703798,IJMI,2023,-1
36905746,IJMI,2023,-1
37028259,IJMI,2023,-1
36934609,IJMI,2023,8
37224644,IJMI,2023,-1
37453177,IJMI,2023,-1
37679214,IJMI,2023,17
36347141,IJMI,2023,29
37148868,IJMI,2023,-1
36356432,IJMI,2023,90
36681042,IJMI,2023,-1
36587533,IJMI,2023,-1
37944274,IJMI,2023,78
36787689,IJMI,2023,27
36689840,IJMI,2023,90
37742400,IJMI,2023,-1
36934610,IJMI,2023,23
37422969,IJMI,2023,63
37527596,IJMI,2023,-1
36521421,IJMI,2023,29
37748329,IJMI,2023,-1
37688833,IJMI,2023,9
36787688,IJMI,2023,-1
37531718,IJMI,2023,1
37806176,IJMI,2023,26
37806179,IJMI,2023,-1
37487455,IJMI,2023,64
37806178,IJMI,2023,49
37516037,IJMI,2023,-1
36410127,IJMI,2023,-1
37517906,IJMI,2023,62
36462397,IJMI,2023,-1
37619395,IJMI,2023,-1
36529027,IJMI,2023,-1
37907014,IJMI,2023,14
36893656,IJMI,2023,-1
37354875,IJMI,2023,-1
37257235,IJMI,2023,-1
37776670,IJMI,2023,3
37490831,IJMI,2023,24
37837710,IJMI,2023,37
37220703,IJMI,2023,9
37573637,IJMI,2023,17
37075550,IJMI,2023,-1
37094545,IJMI,2023,47
37516036,IJMI,2023,71
37163956,IJMI,2023,6
37703799,IJMI,2023,2
36921481,IJMI,2023,0
37864949,IJMI,2023,2
36592572,IJMI,2023,-1
37002986,IJMI,2023,1
37672981,IJMI,2023,-1
36780789,IJMI,2023,-1
37586309,IJMI,2023,-1
36638582,IJMI,2023,-1
37666013,IJMI,2023,0
37806177,IJMI,2023,1
36577203,IJMI,2023,-1
36542903,IJMI,2023,1
37364356,IJMI,2023,-1
36870923,IJMI,2023,-1
37506442,IJMI,2023,-1
37741084,IJMI,2023,62
37499442,IJMI,2023,7
37517299,IJMI,2023,24
37688835,IJMI,2023,46
36965405,IJMI,2023,82
37619394,IJMI,2023,0
36502742,IJMI,2023,0
36958225,IJMI,2023,-1
37030145,IJMI,2023,15
37864948,IJMI,2023,-1
37119693,IJMI,2023,8
36868101,IJMI,2023,54
37729839,IJMI,2023,27
37267809,IJMI,2023,14
37657203,IJMI,2023,5
36893655,IJMI,2023,-1
37329766,IJMI,2023,1
36809716,IJMI,2023,53
37611363,IJMI,2023,30
37060639,IJMI,2023,-1
37220702,IJMI,2023,-1
36512987,IJMI,2023,-1
37549499,IJMI,2023,3
37871445,IJMI,2023,40
36774907,IJMI,2023,-1
37918217,IJMI,2023,-1
39491383,IJMI,2023,-1
37467589,IJMI,2023,6
36907027,IJMI,2023,-1
36435014,IJMI,2023,78
37688834,IJMI,2023,1
37172506,IJMI,2023,-1
36918322,IJMI,2023,-1
37099875,IJMI,2023,28
37295138,IJMI,2023,18
37473656,IJMI,2023,-1
36608630,IJMI,2023,53
37769368,IJMI,2023,0
36603388,IJMI,2023,96
37774428,IJMI,2023,0
37651778,IJMI,2023,0
36473408,IJMI,2023,-1
36621078,IJMI,2023,66
37156168,IJMI,2023,-1
37419042,IJMI,2023,-1
36521422,IJMI,2023,28
36708665,IJMI,2023,31
36502741,IJMI,2023,29
37156169,IJMI,2023,-1
37290271,IJMI,2023,0
37295139,IJMI,2023,23
36577202,IJMI,2023,0
36343512,IJMI,2023,8
37797352,IJMI,2023,-1
36563469,IJMI,2023,-1
36529028,IJMI,2023,-1
36542901,IJMI,2023,30
36603389,IJMI,2023,-1
37480595,IJMI,2023,-1
37001474,IJMI,2023,-1
36459835,IJMI,2023,-1
37172507,IJMI,2023,0
37776669,IJMI,2023,0
37302362,IJMI,2023,44
37603940,IJMI,2023,0
37419041,IJMI,2023,-1
37329764,IJMI,2023,1
36525800,IJMI,2023,3
36542902,IJMI,2023,0
36638583,IJMI,2023,94
37037124,IJMI,2023,-1
37137216,IJMI,2023,-1
37393765,IJMI,2023,0
37084673,IJMI,2023,105
36634475,IJMI,2023,12
37774429,IJMI,2023,27
36459836,IJMI,2023,49
37549500,IJMI,2023,92
36948062,IJMI,2023,-1
37148867,IJMI,2023,-1
37757628,IJMI,2023,-1
36565546,IJMI,2023,28
36565547,IJMI,2023,78
37002987,IJMI,2023,-1
37944275,IJMI,2023,24
36495700,IJMI,2023,0
37018897,IJMI,2023,9
37776668,IJMI,2023,78
37647674,IJMI,2023,103
37295137,IJMI,2023,95
37813078,IJMI,2023,42
37473658,IJMI,2023,0
37890202,IJMI,2023,-1
36948060,IJMI,2023,95
37748330,IJMI,2023,6
37549501,IJMI,2023,-1
37369153,IJMI,2023,0
37572386,IJMI,2023,1
36806902,IJMI,2023,-1
37857167,IJMI,2023,-1
36442444,IJMI,2023,-1
37454558,IJMI,2023,-1
36758303,IJMI,2023,73
37104895,IJMI,2023,5
37463558,IJMI,2023,23
37573636,IJMI,2023,8
36965404,IJMI,2023,-1
36963322,IJMI,2023,-1
37939541,IJMI,2023,-1
37285695,IJMI,2023,49
39491382,IJMI,2023,-1
37269609,IJMI,2023,-1
37778057,IJMI,2023,0
37922660,IJMI,2023,-1
36657257,IJMI,2023,0
37595373,IJMI,2023,-1
37907015,IJMI,2023,26
36842361,IJMI,2023,96
36608629,IJMI,2023,-1
36948061,IJMI,2023,-1
37247470,IJMI,2023,-1
37549498,IJMI,2023,32
37657205,IJMI,2023,-1
37820561,IJMI,2023,-1
37473657,IJMI,2023,7
36724729,IJMI,2023,93
37453178,IJMI,2023,90
36870249,IJMI,2023,18
37801807,IJMI,2023,7
37494783,IJMI,2023,-1
37406570,IJMI,2023,2
37703800,IJMI,2023,60
36893657,IJMI,2023,61
36402113,IJMI,2023,38
37267810,IJMI,2023,59
37729837,IJMI,2023,-1
36599260,IJMI,2023,-1
37517300,IJMI,2023,9
37734272,IJMI,2023,-1
37146371,IJMI,2023,-1
36731394,IJMI,2023,41
37267811,IJMI,2023,-1
37544241,IJMI,2023,103
37657204,IJMI,2023,4
36780790,IJMI,2023,-1
36442443,IJMI,2023,-1
37562317,IJMI,2023,41
37925856,IJMI,2023,14
36521423,IJMI,2023,-1
37311293,IJMI,2023,53
36508752,IJMI,2023,-1
36508751,IJMI,2023,76
36347139,IJMI,2023,0
36521420,IJMI,2023,66
36921480,IJMI,2023,30
37276615,IJMI,2023,72
37931432,IJMI,2023,3
37167840,IJMI,2023,4
37562316,IJMI,2023,2
36599261,IJMI,2023,10
37633115,IJMI,2023,-1
37307720,IJMI,2023,103
37783190,IJMI,2023,90
37619396,IJMI,2023,-1
37591010,IJMI,2023,66
36516596,IJMI,2023,52
37307721,IJMI,2023,0
36724730,IJMI,2023,8
36462398,IJMI,2023,-1
37948981,IJMI,2024,2
39096591,IJMI,2024,99
38218129,IJMI,2024,-1
38815316,IJMI,2024,98
37952406,IJMI,2024,-1
38401204,IJMI,2024,-1
38970878,IJMI,2024,-1
39153282,IJMI,2024,59
39151245,IJMI,2024,3
38341999,IJMI,2024,-1
38518675,IJMI,2024,49
38367390,IJMI,2024,1
38395016,IJMI,2024,5
38244479,IJMI,2024,15
39306909,IJMI,2024,86
39142178,IJMI,2024,-1
39293162,IJMI,2024,-1
38417238,IJMI,2024,38
38547627,IJMI,2024,1
39121529,IJMI,2024,24
38781886,IJMI,2024,84
38968689,IJMI,2024,-1
37977054,IJMI,2024,-1
38743997,IJMI,2024,-1
38851133,IJMI,2024,-1
39260049,IJMI,2024,-1
38901268,IJMI,2024,0
39159506,IJMI,2024,-1
39084086,IJMI,2024,37
38824858,IJMI,2024,32
39096595,IJMI,2024,7
38330523,IJMI,2024,-1
38281451,IJMI,2024,103
39326213,IJMI,2024,73
38851134,IJMI,2024,60
38061185,IJMI,2024,-1
37979500,IJMI,2024,52
38350180,IJMI,2024,1
38743994,IJMI,2024,-1
39317033,IJMI,2024,-1
39393124,IJMI,2024,54
38564959,IJMI,2024,8
38743996,IJMI,2024,84
38377725,IJMI,2024,8
39427385,IJMI,2024,2
39317035,IJMI,2024,-1
38479190,IJMI,2024,82
38359683,IJMI,2024,7
39106771,IJMI,2024,0
39222600,IJMI,2024,24
38925023,IJMI,2024,-1
37956643,IJMI,2024,0
38815317,IJMI,2024,-1
39127014,IJMI,2024,-1
38335745,IJMI,2024,0
38935999,IJMI,2024,-1
39368301,IJMI,2024,-1
38310755,IJMI,2024,9
37972483,IJMI,2024,82
39442486,IJMI,2024,-1
38964004,IJMI,2024,66
37952405,IJMI,2024,-1
38442665,IJMI,2024,-1
38290244,IJMI,2024,2
38851131,IJMI,2024,-1
39079318,IJMI,2024,30
38141563,IJMI,2024,-1
38518678,IJMI,2024,-1
38493547,IJMI,2024,42
38377726,IJMI,2024,-1
38733640,IJMI,2024,3
38553323,IJMI,2024,17
38507980,IJMI,2024,82
38325122,IJMI,2024,-1
39232373,IJMI,2024,-1
38088002,IJMI,2024,-1
39079316,IJMI,2024,-1
38061187,IJMI,2024,50
39393122,IJMI,2024,27
38701642,IJMI,2024,-1
38493546,IJMI,2024,61
38290243,IJMI,2024,-1
38219417,IJMI,2024,21
38492407,IJMI,2024,86
39059083,IJMI,2024,27
38452610,IJMI,2024,-1
38199191,IJMI,2024,-1
38692233,IJMI,2024,-1
38815318,IJMI,2024,-1
38776718,IJMI,2024,-1
38754284,IJMI,2024,27
39226635,IJMI,2024,86
38471408,IJMI,2024,1
38761460,IJMI,2024,-1
39321493,IJMI,2024,-1
39154600,IJMI,2024,-1
39357218,IJMI,2024,-1
38653062,IJMI,2024,-1
38518676,IJMI,2024,2
38552265,IJMI,2024,47
38309238,IJMI,2024,-1
38935998,IJMI,2024,69
39305561,IJMI,2024,-1
38719672,IJMI,2024,11
38183787,IJMI,2024,-1
38460463,IJMI,2024,-1
38518677,IJMI,2024,-1
39393126,IJMI,2024,-1
38615509,IJMI,2024,57
38513323,IJMI,2024,-1
38901269,IJMI,2024,17
38492409,IJMI,2024,-1
38723429,IJMI,2024,69
38759477,IJMI,2024,-1
38306850,IJMI,2024,96
39096592,IJMI,2024,82
39133962,IJMI,2024,53
38579660,IJMI,2024,96
39098165,IJMI,2024,-1
38368698,IJMI,2024,-1
38943806,IJMI,2024,98
39288667,IJMI,2024,6
39068894,IJMI,2024,-1
38833841,IJMI,2024,-1
38608423,IJMI,2024,29
39357217,IJMI,2024,40
39427386,IJMI,2024,50
38648684,IJMI,2024,26
38564961,IJMI,2024,1
38266426,IJMI,2024,2
38669733,IJMI,2024,2
38091862,IJMI,2024,0
38184939,IJMI,2024,20
38772276,IJMI,2024,-1
38615510,IJMI,2024,-1
38643700,IJMI,2024,29
39018708,IJMI,2024,28
38395017,IJMI,2024,49
39096596,IJMI,2024,104
39002206,IJMI,2024,103
39084085,IJMI,2024,0
38360443,IJMI,2024,-1
38852288,IJMI,2024,12
39068893,IJMI,2024,1
38678674,IJMI,2024,25
38643701,IJMI,2024,-1
39313408,IJMI,2024,11
39265242,IJMI,2024,82
38218130,IJMI,2024,29
39306907,IJMI,2024,-1
37972481,IJMI,2024,17
39393123,IJMI,2024,-1
38996654,IJMI,2024,0
39084087,IJMI,2024,-1
38211423,IJMI,2024,27
38728812,IJMI,2024,25
39255725,IJMI,2024,-1
38564962,IJMI,2024,49
38428201,IJMI,2024,52
39003790,IJMI,2024,-1
39208536,IJMI,2024,47
38176094,IJMI,2024,96
39032454,IJMI,2024,27
39053345,IJMI,2024,-1
38889535,IJMI,2024,56
38733641,IJMI,2024,60
39096594,IJMI,2024,-1
38467099,IJMI,2024,-1
39293161,IJMI,2024,97
39423651,IJMI,2024,36
39393125,IJMI,2024,-1
38810498,IJMI,2024,3
38552266,IJMI,2024,2
38128198,IJMI,2024,-1
39423652,IJMI,2024,-1
38309237,IJMI,2024,-1
37995386,IJMI,2024,41
38065003,IJMI,2024,-1
39357219,IJMI,2024,3
38905958,IJMI,2024,27
38870885,IJMI,2024,46
38564958,IJMI,2024,-1
38061186,IJMI,2024,-1
39116557,IJMI,2024,1
38330522,IJMI,2024,-1
39018707,IJMI,2024,-1
38325121,IJMI,2024,78
38163394,IJMI,2024,-1
39437512,IJMI,2024,-1
38507979,IJMI,2024,50
39396418,IJMI,2024,63
38461652,IJMI,2024,-1
39089210,IJMI,2024,0
39426239,IJMI,2024,8
37979501,IJMI,2024,52
39079317,IJMI,2024,-1
39003789,IJMI,2024,47
38718670,IJMI,2024,-1
38447318,IJMI,2024,18
37981440,IJMI,2024,-1
38335744,IJMI,2024,-1
38437753,IJMI,2024,-1
38157785,IJMI,2024,57
38761459,IJMI,2024,34
39167884,IJMI,2024,-1
38851132,IJMI,2024,-1
38029700,IJMI,2024,8
38815315,IJMI,2024,6
38743998,IJMI,2024,0
38598905,IJMI,2024,-1
39033723,IJMI,2024,-1
38531256,IJMI,2024,1
38430733,IJMI,2024,9
39321491,IJMI,2024,18
39003788,IJMI,2024,49
38266425,IJMI,2024,-1
39032453,IJMI,2024,-1
38901270,IJMI,2024,34
39047675,IJMI,2024,-1
39321492,IJMI,2024,52
38016404,IJMI,2024,-1
38554589,IJMI,2024,50
39137666,IJMI,2024,82
39097512,IJMI,2024,-1
39106773,IJMI,2024,-1
38564960,IJMI,2024,-1
38471407,IJMI,2024,78
38743995,IJMI,2024,-1
38428200,IJMI,2024,99
39191089,IJMI,2024,46
38286086,IJMI,2024,-1
39317034,IJMI,2024,-1
38761458,IJMI,2024,5
39096593,IJMI,2024,7
38118260,IJMI,2024,32
38492408,IJMI,2024,104
38065002,IJMI,2024,-1
38520907,IJMI,2024,38
38583216,IJMI,2024,-1
39128399,IJMI,2024,-1
39244920,IJMI,2024,21
38531254,IJMI,2024,8
39226634,IJMI,2024,28
38703744,IJMI,2024,-1
39111243,IJMI,2024,-1
37977055,IJMI,2024,-1
38011806,IJMI,2024,-1
37972482,IJMI,2024,-1
39094548,IJMI,2024,-1
39405664,IJMI,2024,2
39993336,IJMI,2025,101
39671852,IJMI,2025,-1
39891985,IJMI,2025,32
39642592,IJMI,2025,8
40073651,IJMI,2025,-1
40795609,IJMI,2025,50
40578015,IJMI,2025,0
40222335,IJMI,2025,-1
40409170,IJMI,2025,-1
39561667,IJMI,2025,55
40220628,IJMI,2025,-1
40753861,IJMI,2025,-1
40582297,IJMI,2025,-1
39546949,IJMI,2025,50
39827570,IJMI,2025,8
40020442,IJMI,2025,-1
40121767,IJMI,2025,47
39826407,IJMI,2025,-1
39671851,IJMI,2025,-1
39481176,IJMI,2025,-1
39914069,IJMI,2025,24
39566348,IJMI,2025,5
40378513,IJMI,2025,-1
40239371,IJMI,2025,-1
40749353,IJMI,2025,-1
39515046,IJMI,2025,25
40882599,IJMI,2025,30
39647291,IJMI,2025,40
39642591,IJMI,2025,49
40359595,IJMI,2025,2
39970491,IJMI,2025,47
39848077,IJMI,2025,2
40680320,IJMI,2025,90
39476744,IJMI,2025,97
39515045,IJMI,2025,-1
40554368,IJMI,2025,8
40153889,IJMI,2025,27
39671853,IJMI,2025,89
40132236,IJMI,2025,-1
39884034,IJMI,2025,24
40101461,IJMI,2025,21
39891983,IJMI,2025,-1
40153891,IJMI,2025,39
39612701,IJMI,2025,49
40540953,IJMI,2025,-1
40367581,IJMI,2025,14
39862566,IJMI,2025,-1
39922064,IJMI,2025,14
40412140,IJMI,2025,34
40147417,IJMI,2025,-1
39889672,IJMI,2025,-1
39546831,IJMI,2025,47
40147416,IJMI,2025,84
40174321,IJMI,2025,-1
40328059,IJMI,2025,-1
39561668,IJMI,2025,-1
40107042,IJMI,2025,71
39742855,IJMI,2025,105
39813967,IJMI,2025,0
39644795,IJMI,2025,9
40319661,IJMI,2025,24
39522406,IJMI,2025,101
39729920,IJMI,2025,1
40424867,IJMI,2025,-1
40633300,IJMI,2025,30
40179622,IJMI,2025,-1
40073649,IJMI,2025,9
40618644,IJMI,2025,3
40286706,IJMI,2025,-1
39581014,IJMI,2025,86
40300486,IJMI,2025,5
40349525,IJMI,2025,4
40482393,IJMI,2025,-1
40840165,IJMI,2025,24
40811898,IJMI,2025,-1
40561685,IJMI,2025,3
39708667,IJMI,2025,-1
40286705,IJMI,2025,8
40147415,IJMI,2025,3
39862564,IJMI,2025,12
39914070,IJMI,2025,-1
40768815,IJMI,2025,13
40300485,IJMI,2025,49
40334344,IJMI,2025,3
39647289,IJMI,2025,27
40121766,IJMI,2025,-1
40157247,IJMI,2025,60
40614485,IJMI,2025,-1
39986122,IJMI,2025,3
39999765,IJMI,2025,60
39626595,IJMI,2025,-1
40252305,IJMI,2025,-1
40347603,IJMI,2025,56
39705917,IJMI,2025,33
40675832,IJMI,2025,11
39591846,IJMI,2025,25
39509952,IJMI,2025,-1
40865411,IJMI,2025,3
39787660,IJMI,2025,3
39933200,IJMI,2025,-1
39644792,IJMI,2025,94
39531902,IJMI,2025,-1
40712447,IJMI,2025,81
39904180,IJMI,2025,47
40328058,IJMI,2025,29
40582296,IJMI,2025,8
40628217,IJMI,2025,84
39891984,IJMI,2025,-1
39644794,IJMI,2025,-1
40228391,IJMI,2025,26
40288016,IJMI,2025,-1
40803036,IJMI,2025,0
40198931,IJMI,2025,50
39571390,IJMI,2025,1
40706196,IJMI,2025,-1
39721113,IJMI,2025,34
40700972,IJMI,2025,0
39793434,IJMI,2025,-1
39708670,IJMI,2025,8
40073650,IJMI,2025,84
39500036,IJMI,2025,-1
40198930,IJMI,2025,8
40153890,IJMI,2025,2
40472562,IJMI,2025,-1
39923294,IJMI,2025,84
40311258,IJMI,2025,-1
39708669,IJMI,2025,3
39983467,IJMI,2025,49
40245723,IJMI,2025,-1
39647290,IJMI,2025,-1
40209320,IJMI,2025,-1
40300487,IJMI,2025,2
40652788,IJMI,2025,6
39951961,IJMI,2025,-1
39708668,IJMI,2025,-1
39674006,IJMI,2025,43
40540952,IJMI,2025,2
39862567,IJMI,2025,-1
40120168,IJMI,2025,-1
40513381,IJMI,2025,50
39481177,IJMI,2025,-1
40273596,IJMI,2025,5
39571389,IJMI,2025,-1
40561686,IJMI,2025,20
39965432,IJMI,2025,-1
40318497,IJMI,2025,24
39504913,IJMI,2025,79
40494218,IJMI,2025,-1
40561687,IJMI,2025,84
40513382,IJMI,2025,18
40435811,IJMI,2025,101
39461253,IJMI,2025,72
40209390,IJMI,2025,-1
40753860,IJMI,2025,72
39541619,IJMI,2025,34
40674858,IJMI,2025,0
39531901,IJMI,2025,-1
39742856,IJMI,2025,1
40664020,IJMI,2025,3
40591983,IJMI,2025,79
40780080,IJMI,2025,8
39721114,IJMI,2025,1
40339529,IJMI,2025,17
40440912,IJMI,2025,-1
40037268,IJMI,2025,-1
40288015,IJMI,2025,3
40107040,IJMI,2025,3
40784142,IJMI,2025,50
40603232,IJMI,2025,101
39643522,IJMI,2025,-1
40367580,IJMI,2025,33
40157245,IJMI,2025,-1
40845522,IJMI,2025,8
39732129,IJMI,2025,-1
39504915,IJMI,2025,84
40286704,IJMI,2025,31
39778467,IJMI,2025,97
40409171,IJMI,2025,49
40479778,IJMI,2025,3
40138741,IJMI,2025,-1
39674005,IJMI,2025,9
40209391,IJMI,2025,-1
40203463,IJMI,2025,24
39504916,IJMI,2025,39
39500035,IJMI,2025,5
40187299,IJMI,2025,-1
39848078,IJMI,2025,60
40318498,IJMI,2025,-1
39603152,IJMI,2025,-1
40840164,IJMI,2025,90
40157246,IJMI,2025,27
39657402,IJMI,2025,24
40347602,IJMI,2025,27
40639122,IJMI,2025,72
40120169,IJMI,2025,-1
40700974,IJMI,2025,-1
39705915,IJMI,2025,52
39556969,IJMI,2025,-1
40234128,IJMI,2025,17
40749354,IJMI,2025,9
39908727,IJMI,2025,84
40774167,IJMI,2025,24
40318499,IJMI,2025,73
39549389,IJMI,2025,22
40743805,IJMI,2025,-1
39823968,IJMI,2025,41
40700973,IJMI,2025,-1
40617017,IJMI,2025,3
40651107,IJMI,2025,84
39817978,IJMI,2025,63
40578016,IJMI,2025,5
39965433,IJMI,2025,24
39657403,IJMI,2025,-1
39579585,IJMI,2025,-1
39986123,IJMI,2025,43
39581013,IJMI,2025,-1
40056845,IJMI,2025,61
40393256,IJMI,2025,90
39657401,IJMI,2025,14
40602219,IJMI,2025,47
39854783,IJMI,2025,102
40252304,IJMI,2025,-1
40816034,IJMI,2025,3
39454327,IJMI,2025,90
40850289,IJMI,2025,-1
40398269,IJMI,2025,2
40203586,IJMI,2025,13
39874615,IJMI,2025,-1
40633299,IJMI,2025,49
40706199,IJMI,2025,18
40446520,IJMI,2025,14
40840163,IJMI,2025,-1
39719743,IJMI,2025,42
39556968,IJMI,2025,6
40845524,IJMI,2025,8
39864108,IJMI,2025,5
40729777,IJMI,2025,98
39642589,IJMI,2025,-1
40479775,IJMI,2025,-1
39986124,IJMI,2025,86
40706197,IJMI,2025,36
39761617,IJMI,2025,49
40107041,IJMI,2025,28
39481175,IJMI,2025,-1
40505248,IJMI,2025,43
39586146,IJMI,2025,-1
39667051,IJMI,2025,-1
39631268,IJMI,2025,3
39454328,IJMI,2025,49
40250167,IJMI,2025,-1
39471700,IJMI,2025,3
40505249,IJMI,2025,-1
40413979,IJMI,2025,-1
39954392,IJMI,2025,-1
40523336,IJMI,2025,27
40729778,IJMI,2025,-1
39546950,IJMI,2025,-1
39864109,IJMI,2025,0
39842185,IJMI,2025,-1
40334345,IJMI,2025,2
40609461,IJMI,2025,-1
40157244,IJMI,2025,-1
39546951,IJMI,2025,1
39970492,IJMI,2025,-1
40494217,IJMI,2025,8
39608231,IJMI,2025,-1
40015152,IJMI,2025,97
39689449,IJMI,2025,37
40795610,IJMI,2025,7
40409169,IJMI,2025,-1
40068250,IJMI,2025,22
40273597,IJMI,2025,1
39893767,IJMI,2025,41
40409168,IJMI,2025,52
40729776,IJMI,2025,-1
40121768,IJMI,2025,2
39919533,IJMI,2025,14
40412141,IJMI,2025,-1
40845523,IJMI,2025,99
40300484,IJMI,2025,5
39631267,IJMI,2025,13
40680319,IJMI,2025,8
39746226,IJMI,2025,0
39753062,IJMI,2025,8
39946995,IJMI,2025,1
40222334,IJMI,2025,-1
39626597,IJMI,2025,27
39891986,IJMI,2025,9
40554367,IJMI,2025,3
40090178,IJMI,2025,-1
40479776,IJMI,2025,1
39740357,IJMI,2025,-1
40220627,IJMI,2025,3
39753061,IJMI,2025,-1
39893766,IJMI,2025,-1
39986125,IJMI,2025,32
39504914,IJMI,2025,-1
39644793,IJMI,2025,-1
40618645,IJMI,2025,66
39608230,IJMI,2025,84
39721115,IJMI,2025,47
40609462,IJMI,2025,98
39492085,IJMI,2025,34
39705916,IJMI,2025,-1
39626596,IJMI,2025,34
40472563,IJMI,2025,4
40449248,IJMI,2025,53
40532430,IJMI,2025,2
40580688,IJMI,2025,63
39862565,IJMI,2025,17
39674007,IJMI,2025,41
39721112,IJMI,2025,0
40706198,IJMI,2025,-1
40403478,IJMI,2025,-1
39277440,IJMI,2025,21
39764931,IJMI,2025,0
39755003,IJMI,2025,-1
39870016,IJMI,2025,-1
39566349,IJMI,2025,-1
39787659,IJMI,2025,33
39733535,IJMI,2025,-1
40273595,IJMI,2025,-1
40819415,IJMI,2025,-1
39893765,IJMI,2025,-1
40479777,IJMI,2025,8
40043515,IJMI,2025,27
39642590,IJMI,2025,0
39884035,IJMI,2025,-1
38531255,IJMI,2024,47
38301520,IJMI,2024,-1
39043059,IJMI,2024,92
38387197,IJMI,2024,8
38640593,IJMI,2024,-1
38402804,IJMI,2024,90
38350181,IJMI,2024,41
38754285,IJMI,2024,1
39413613,IJMI,2024,-1
39236585,IJMI,2024,-1
38972231,IJMI,2024,-1
38295584,IJMI,2024,23
39047674,IJMI,2024,9
38824857,IJMI,2024,-1
39106772,IJMI,2024,2
39068892,IJMI,2024,-1
38878406,IJMI,2024,-1
38552267,IJMI,2024,-1
39059084,IJMI,2024,3
38387198,IJMI,2024,-1
38820647,IJMI,2024,-1
38442664,IJMI,2024,-1
37992559,IJMI,2024,21
38820648,IJMI,2024,-1
39033722,IJMI,2024,46
39306908,IJMI,2024,96
38503251,IJMI,2024,90
36493537,IJMI,2023,82
36630797,IJMI,2023,1
36580821,IJMI,2023,-1
36347140,IJMI,2023,-1
37459703,IJMI,2023,40
37913622,IJMI,2023,-1
36566536,IJMI,2023,-1
36343511,IJMI,2023,-1
36848781,IJMI,2023,39
36525801,IJMI,2023,1
36455477,IJMI,2023,40
37690225,IJMI,2023,32
36395615,IJMI,2023,59
36753843,IJMI,2023,0
36542900,IJMI,2023,-1
36739758,IJMI,2023,29
36898205,IJMI,2023,-1
33378781,ACI,2020,2
33378780,ACI,2020,-1
33368060,ACI,2020,2
33368059,ACI,2020,-1
33327036,ACI,2020,0
33327035,ACI,2020,9
33296919,ACI,2020,53
33296918,ACI,2020,-1
33264803,ACI,2020,0
33264802,ACI,2020,0
33241548,ACI,2020,-1
33241547,ACI,2020,0
33207385,ACI,2020,-1
33207384,ACI,2020,21
33176390,ACI,2020,-1
33176389,ACI,2020,9
33147645,ACI,2020,99
33147644,ACI,2020,0
33113569,ACI,2020,29
33113568,ACI,2020,-1
33086396,ACI,2020,95
33086395,ACI,2020,-1
33058103,ACI,2020,95
33058102,ACI,2020,73
33027835,ACI,2020,53
33027834,ACI,2020,59
32998170,ACI,2020,2
32998169,ACI,2020,100
32969000,ACI,2020,-1
32968999,ACI,2020,40
32937677,ACI,2020,57
32937676,ACI,2020,-1
32906153,ACI,2020,2
32906152,ACI,2020,-1
32877944,ACI,2020,-1
32877943,ACI,2020,97
32851617,ACI,2020,0
32851616,ACI,2020,44
32814353,ACI,2020,14
32814352,ACI,2020,-1
32785904,ACI,2020,95
32757202,ACI,2020,45
32726836,ACI,2020,-1
32698231,ACI,2020,2
32668481,ACI,2020,29
32668480,ACI,2020,-1
32643779,ACI,2020,-1
32643778,ACI,2020,9
32610350,ACI,2020,0
32583389,ACI,2020,-1
32557441,ACI,2020,21
32521556,ACI,2020,72
32521555,ACI,2020,100
32492717,ACI,2020,2
32492716,ACI,2020,59
32462640,ACI,2020,41
32462639,ACI,2020,59
32434225,ACI,2020,17
32434224,ACI,2020,64
32403140,ACI,2020,-1
32403139,ACI,2020,-1
32375195,ACI,2020,9
32375194,ACI,2020,53
32349143,ACI,2020,2
32349142,ACI,2020,-1
32323283,ACI,2020,-1
32323282,ACI,2020,54
32294772,ACI,2020,103
32294771,ACI,2020,-1
32268390,ACI,2020,0
32268389,ACI,2020,2
32236917,ACI,2020,-1
32236916,ACI,2020,-1
32215894,ACI,2020,9
32215893,ACI,2020,-1
32187633,ACI,2020,73
32187632,ACI,2020,59
32162290,ACI,2020,-1
32162289,ACI,2020,2
32162288,ACI,2020,-1
32131117,ACI,2020,44
32131116,ACI,2020,76
32102108,ACI,2020,2
32102107,ACI,2020,-1
32074651,ACI,2020,2
32074650,ACI,2020,9
32052389,ACI,2020,-1
32052388,ACI,2020,2
32023639,ACI,2020,-1
32023638,ACI,2020,95
31995836,ACI,2020,88
31995835,ACI,2020,-1
31968384,ACI,2020,14
31968383,ACI,2020,-1
31940671,ACI,2020,2
31940670,ACI,2020,95
31914472,ACI,2020,-1
31914471,ACI,2020,59
31893559,ACI,2020,2
34965607,ACI,2021,-1
34965606,ACI,2021,-1
34937103,ACI,2021,-1
34937102,ACI,2021,9
34911126,ACI,2021,-1
34911125,ACI,2021,21
34879406,ACI,2021,29
34879405,ACI,2021,0
34852391,ACI,2021,0
34852390,ACI,2021,2
34820790,ACI,2021,2
34820789,ACI,2021,0
34788890,ACI,2021,69
34788889,ACI,2021,0
34758494,ACI,2021,73
34758493,ACI,2021,53
34734403,ACI,2021,0
34734402,ACI,2021,-1
34706395,ACI,2021,9
34706394,ACI,2021,-1
34670293,ACI,2021,-1
34670292,ACI,2021,-1
34644806,ACI,2021,-1
34644805,ACI,2021,0
34614518,ACI,2021,0
34614517,ACI,2021,0
34587638,ACI,2021,86
34587637,ACI,2021,-1
34553360,ACI,2021,-1
34553359,ACI,2021,-1
34528234,ACI,2021,0
34528233,ACI,2021,-1
34496420,ACI,2021,-1
34496419,ACI,2021,0
34496418,ACI,2021,-1
34470057,ACI,2021,-1
34470056,ACI,2021,2
34433219,ACI,2021,-1
34433218,ACI,2021,9
34433217,ACI,2021,40
34407560,ACI,2021,0
34407559,ACI,2021,71
34407558,ACI,2021,-1
34380169,ACI,2021,-1
34380168,ACI,2021,59
34380167,ACI,2021,9
34348410,ACI,2021,20
34348409,ACI,2021,9
34348408,ACI,2021,73
34341981,ACI,2021,53
34341980,ACI,2021,9
34320684,ACI,2021,-1
34320683,ACI,2021,-1
34320682,ACI,2021,95
34289505,ACI,2021,45
34289504,ACI,2021,-1
34261173,ACI,2021,9
34261172,ACI,2021,-1
34261171,ACI,2021,-1
34233369,ACI,2021,9
34233368,ACI,2021,76
34233367,ACI,2021,21
34192774,ACI,2021,-1
34192773,ACI,2021,53
34192772,ACI,2021,-1
34161988,ACI,2021,2
34161987,ACI,2021,9
34161986,ACI,2021,94
34134149,ACI,2021,36
34107543,ACI,2021,64
34107542,ACI,2021,0
34107541,ACI,2021,2
34077973,ACI,2021,59
34077972,ACI,2021,0
34077971,ACI,2021,-1
34041735,ACI,2021,-1
34041734,ACI,2021,-1
34041733,ACI,2021,-1
34010978,ACI,2021,97
34010977,ACI,2021,101
34010976,ACI,2021,0
33979874,ACI,2021,-1
33951742,ACI,2021,-1
33951741,ACI,2021,-1
33910262,ACI,2021,-1
33910261,ACI,2021,-1
33910260,ACI,2021,2
33882586,ACI,2021,9
33882585,ACI,2021,73
33853142,ACI,2021,-1
33853141,ACI,2021,73
33853140,ACI,2021,0
33827143,ACI,2021,1
33827142,ACI,2021,2
33827141,ACI,2021,0
33792010,ACI,2021,0
33792009,ACI,2021,9
33792008,ACI,2021,29
33763847,ACI,2021,0
33763846,ACI,2021,-1
33763845,ACI,2021,-1
33730758,ACI,2021,87
33730757,ACI,2021,2
33694144,ACI,2021,-1
33694143,ACI,2021,2
33694142,ACI,2021,-1
33657635,ACI,2021,-1
33657634,ACI,2021,53
33657633,ACI,2021,9
33638138,ACI,2021,54
33626585,ACI,2021,-1
33626584,ACI,2021,-1
33626583,ACI,2021,-1
33598906,ACI,2021,54
33598905,ACI,2021,-1
33567464,ACI,2021,76
33567463,ACI,2021,99
33535252,ACI,2021,9
33535251,ACI,2021,53
33506478,ACI,2021,59
33506477,ACI,2021,2
33472258,ACI,2021,2
33472257,ACI,2021,21
33440430,ACI,2021,-1
33440429,ACI,2021,-1
33406541,ACI,2021,20
33406540,ACI,2021,33
38499314,ACI,2022,-1
36577503,ACI,2022,2
36577502,ACI,2022,2
36577501,ACI,2022,95
36516970,ACI,2022,-1
36516969,ACI,2022,46
36482261,ACI,2022,53
36384234,ACI,2022,-1
36351558,ACI,2022,9
36351546,ACI,2022,-1
36323335,ACI,2022,-1
36288748,ACI,2022,2
36283418,ACI,2022,-1
36261114,ACI,2022,-1
36261113,ACI,2022,9
36257602,ACI,2022,-1
36252806,ACI,2022,2
36209739,ACI,2022,54
36208622,ACI,2022,-1
36198310,ACI,2022,14
36198309,ACI,2022,9
36167337,ACI,2022,21
36167336,ACI,2022,21
36162434,ACI,2022,-1
36162433,ACI,2022,-1
36122593,ACI,2022,2
36122592,ACI,2022,-1
36104159,ACI,2022,76
36044925,ACI,2022,76
36037835,ACI,2022,0
35977714,ACI,2022,73
36223869,ACI,2022,-1
36223868,ACI,2022,-1
36170882,ACI,2022,2
36170881,ACI,2022,-1
36170880,ACI,2022,99
36130712,ACI,2022,53
36130711,ACI,2022,59
36104154,ACI,2022,9
36070801,ACI,2022,-1
36070800,ACI,2022,-1
36070799,ACI,2022,-1
36044926,ACI,2022,73
36044918,ACI,2022,-1
36044917,ACI,2022,-1
35981548,ACI,2022,9
35913087,ACI,2022,-1
35896508,ACI,2022,99
35896507,ACI,2022,53
35858639,ACI,2022,-1
35790200,ACI,2022,-1
35705186,ACI,2022,0
35952679,ACI,2022,-1
35926839,ACI,2022,-1
35926794,ACI,2022,-1
35896506,ACI,2022,0
35830863,ACI,2022,-1
35793699,ACI,2022,-1
35793698,ACI,2022,21
35768012,ACI,2022,2
35768011,ACI,2022,-1
35732191,ACI,2022,-1
35705183,ACI,2022,-1
35705182,ACI,2022,59
35675839,ACI,2022,0
35675838,ACI,2022,-1
35668677,ACI,2022,9
35649501,ACI,2022,9
35649500,ACI,2022,2
35644141,ACI,2022,24
35617971,ACI,2022,84
35617970,ACI,2022,-1
35613914,ACI,2022,-1
35613913,ACI,2022,2
35613912,ACI,2022,-1
35580621,ACI,2022,-1
35981555,ACI,2022,2
35584790,ACI,2022,29
35584789,ACI,2022,2
35545126,ACI,2022,-1
35545125,ACI,2022,9
35508198,ACI,2022,-1
35508197,ACI,2022,49
35477149,ACI,2022,2
35477148,ACI,2022,2
35445387,ACI,2022,2
35445386,ACI,2022,0
35419788,ACI,2022,21
35388447,ACI,2022,-1
35388446,ACI,2022,-1
35354211,ACI,2022,-1
35354210,ACI,2022,29
35322399,ACI,2022,29
35322398,ACI,2022,-1
35294986,ACI,2022,-1
35294985,ACI,2022,95
35263801,ACI,2022,-1
35263800,ACI,2022,-1
35263799,ACI,2022,-1
35263798,ACI,2022,104
35235995,ACI,2022,29
35235994,ACI,2022,40
35235993,ACI,2022,14
35219280,ACI,2022,29
35196718,ACI,2022,-1
35196717,ACI,2022,21
35172373,ACI,2022,0
35172372,ACI,2022,0
35172371,ACI,2022,-1
35139564,ACI,2022,-1
35139563,ACI,2022,-1
35139562,ACI,2022,21
35108741,ACI,2022,41
35108740,ACI,2022,-1
35108739,ACI,2022,-1
35081656,ACI,2022,45
35081655,ACI,2022,76
35081654,ACI,2022,-1
35045584,ACI,2022,-1
35045583,ACI,2022,-1
35045582,ACI,2022,-1
35021255,ACI,2022,-1
35021254,ACI,2022,2
35021253,ACI,2022,2
34986493,ACI,2022,2
34986492,ACI,2022,9
34986491,ACI,2022,73
38151042,ACI,2023,2
38151041,ACI,2023,-1
38122817,ACI,2023,95
38092360,ACI,2023,53
38092359,ACI,2023,29
38057262,ACI,2023,29
38057261,ACI,2023,2
37967936,ACI,2023,-1
37940130,ACI,2023,44
37940129,ACI,2023,-1
37914157,ACI,2023,-1
37879358,ACI,2023,29
37852249,ACI,2023,2
37802122,ACI,2023,9
37774752,ACI,2023,-1
37726022,ACI,2023,53
37704021,ACI,2023,45
37666277,ACI,2023,-1
37640057,ACI,2023,21
37586416,ACI,2023,14
37553071,ACI,2023,9
37541656,ACI,2023,-1
38295857,ACI,2023,-1
37793618,ACI,2023,-1
37793617,ACI,2023,2
37758227,ACI,2023,95
37729944,ACI,2023,21
37704029,ACI,2023,-1
37673097,ACI,2023,-1
37673096,ACI,2023,2
37648223,ACI,2023,-1
37648222,ACI,2023,95
37611795,ACI,2023,0
37586414,ACI,2023,9
37557889,ACI,2023,0
37541655,ACI,2023,73
37527792,ACI,2023,64
37459888,ACI,2023,-1
37399838,ACI,2023,-1
37339683,ACI,2023,-1
37276886,ACI,2023,99
37201542,ACI,2023,-1
37164328,ACI,2023,-1
37532232,ACI,2023,2
37494971,ACI,2023,0
37494970,ACI,2023,2
37467783,ACI,2023,-1
37437601,ACI,2023,2
37406674,ACI,2023,-1
37164327,ACI,2023,-1
37150179,ACI,2023,-1
37130566,ACI,2023,-1
37105228,ACI,2023,2
37075806,ACI,2023,-1
37075805,ACI,2023,53
37059455,ACI,2023,9
37054983,ACI,2023,-1
37054982,ACI,2023,-1
37015344,ACI,2023,2
37015343,ACI,2023,45
37003266,ACI,2023,81
36990454,ACI,2023,-1
36972687,ACI,2023,-1
36933552,ACI,2023,-1
36918166,ACI,2023,2
36898410,ACI,2023,18
36882152,ACI,2023,-1
37186083,ACI,2023,-1
37164356,ACI,2023,-1
37164355,ACI,2023,9
37137339,ACI,2023,-1
37137338,ACI,2023,59
37075802,ACI,2023,0
37044288,ACI,2023,-1
37019175,ACI,2023,87
36990457,ACI,2023,44
36921596,ACI,2023,9
36822226,ACI,2023,1
36809791,ACI,2023,2
36792057,ACI,2023,2
36787882,ACI,2023,52
36758613,ACI,2023,0
36706791,ACI,2023,9
36669761,ACI,2023,-1
36657471,ACI,2023,21
36652961,ACI,2023,-1
36634698,ACI,2023,2
36634697,ACI,2023,-1
36603838,ACI,2023,73
36599446,ACI,2023,-1
36889340,ACI,2023,76
36889339,ACI,2023,53
36858112,ACI,2023,0
36792056,ACI,2023,-1
36754066,ACI,2023,2
36724883,ACI,2023,73
36696915,ACI,2023,46
36631000,ACI,2023,-1
36630999,ACI,2023,2
36581054,ACI,2023,21
36577495,ACI,2023,-1
36535704,ACI,2023,-1
36535703,ACI,2023,-1
36509108,ACI,2023,77
36473498,ACI,2023,-1
36452981,ACI,2023,-1
36452980,ACI,2023,41
36356593,ACI,2023,-1
36351548,ACI,2023,33
36351547,ACI,2023,0
39721578,ACI,2024,73
39721577,ACI,2024,29
39694069,ACI,2024,2
39694068,ACI,2024,87
39631779,ACI,2024,59
39566558,ACI,2024,6
39566557,ACI,2024,6
39537189,ACI,2024,73
39505009,ACI,2024,54
39505008,ACI,2024,95
39505007,ACI,2024,86
39477247,ACI,2024,29
39442538,ACI,2024,9
39442537,ACI,2024,2
39271105,ACI,2024,29
39255846,ACI,2024,29
39251213,ACI,2024,71
39214146,ACI,2024,-1
39214145,ACI,2024,-1
39209308,ACI,2024,3
39191426,ACI,2024,2
39191425,ACI,2024,2
39178891,ACI,2024,45
39174009,ACI,2024,59
39164001,ACI,2024,29
39164000,ACI,2024,23
39163999,ACI,2024,2
39137904,ACI,2024,45
39137903,ACI,2024,9
39106951,ACI,2024,-1
39102866,ACI,2024,-1
39053616,ACI,2024,28
39053615,ACI,2024,3
39496321,ACI,2024,11
39384322,ACI,2024,29
39357878,ACI,2024,-1
39357877,ACI,2024,-1
39293649,ACI,2024,29
39293648,ACI,2024,-1
39260412,ACI,2024,-1
39231539,ACI,2024,83
39197473,ACI,2024,-1
39168155,ACI,2024,-1
39142641,ACI,2024,-1
39111297,ACI,2024,-1
39038794,ACI,2024,21
39038793,ACI,2024,-1
39019476,ACI,2024,29
39019475,ACI,2024,76
38917865,ACI,2024,2
38897228,ACI,2024,2
38876466,ACI,2024,2
38857881,ACI,2024,2
38848764,ACI,2024,29
38834180,ACI,2024,72
38382633,ACI,2024,-1
38749477,ACI,2024,72
39084615,ACI,2024,2
39048085,ACI,2024,-1
39048084,ACI,2024,2
38960377,ACI,2024,-1
38960376,ACI,2024,44
38925539,ACI,2024,-1
38897231,ACI,2024,-1
38897230,ACI,2024,97
38839064,ACI,2024,29
38839063,ACI,2024,9
38810656,ACI,2024,-1
38788772,ACI,2024,-1
38714212,ACI,2024,-1
38701857,ACI,2024,-1
38657678,ACI,2024,-1
38636542,ACI,2024,-1
38574763,ACI,2024,95
38565189,ACI,2024,46
38560990,ACI,2024,-1
38508580,ACI,2024,99
38350643,ACI,2024,-1
38777326,ACI,2024,73
38754464,ACI,2024,-1
38692282,ACI,2024,2
38657955,ACI,2024,9
38631380,ACI,2024,-1
38599619,ACI,2024,-1
38599618,ACI,2024,-1
38588712,ACI,2024,76
38560989,ACI,2024,2
38508655,ACI,2024,90
38508654,ACI,2024,9
38508581,ACI,2024,46
38458233,ACI,2024,-1
38447965,ACI,2024,18
38442909,ACI,2024,3
38388174,ACI,2024,100
38378044,ACI,2024,2
38359876,ACI,2024,45
38301729,ACI,2024,79
38286429,ACI,2024,0
38232748,ACI,2024,2
37748724,ACI,2024,53
37722603,ACI,2024,9
38447966,ACI,2024,-1
38354838,ACI,2024,76
38354837,ACI,2024,0
38325409,ACI,2024,-1
38325408,ACI,2024,40
38295858,ACI,2024,14
38253337,ACI,2024,0
38216145,ACI,2024,76
38198827,ACI,2024,96
38171383,ACI,2024,29
38171359,ACI,2024,46
38154472,ACI,2024,-1
38086417,ACI,2024,2
38065557,ACI,2024,-1
38029792,ACI,2024,-1
37995743,ACI,2024,2
37989249,ACI,2024,-1
37945000,ACI,2024,96
37923381,ACI,2024,9
37852294,ACI,2024,9
37813382,ACI,2024,-1
41412453,ACI,2025,-1
41412452,ACI,2025,-1
41412451,ACI,2025,2
41412450,ACI,2025,-1
41412449,ACI,2025,-1
41401939,ACI,2025,-1
41386287,ACI,2025,-1
41381045,ACI,2025,-1
41360111,ACI,2025,3
41349583,ACI,2025,9
41338589,ACI,2025,-1
41314641,ACI,2025,53
41285408,ACI,2025,9
41271194,ACI,2025,9
41265889,ACI,2025,100
41265888,ACI,2025,2
41265887,ACI,2025,-1
41265886,ACI,2025,-1
41238200,ACI,2025,2
41238199,ACI,2025,2
41238198,ACI,2025,-1
41202858,ACI,2025,46
41202857,ACI,2025,9
41202856,ACI,2025,-1
41202855,ACI,2025,-1
41202854,ACI,2025,-1
41173033,ACI,2025,29
41167597,ACI,2025,-1
41167596,ACI,2025,86
41167595,ACI,2025,3
41151782,ACI,2025,2
41151781,ACI,2025,-1
41151780,ACI,2025,-1
41135586,ACI,2025,-1
41135585,ACI,2025,2
41135584,ACI,2025,0
41135583,ACI,2025,-1
41130278,ACI,2025,-1
41106393,ACI,2025,9
41056988,ACI,2025,2
41005357,ACI,2025,-1
40997848,ACI,2025,-1
40972892,ACI,2025,0
40953593,ACI,2025,-1
40930500,ACI,2025,9
40873153,ACI,2025,-1
40873012,ACI,2025,2
40588235,ACI,2025,2
40555402,ACI,2025,-1
40523639,ACI,2025,2
40523638,ACI,2025,-1
40480275,ACI,2025,3
40456514,ACI,2025,-1
40456513,ACI,2025,72
40456512,ACI,2025,9
40419255,ACI,2025,2
40419254,ACI,2025,2
40419253,ACI,2025,9
41688087,ACI,2025,11
41688086,ACI,2025,11
41072548,ACI,2025,-1
41062080,ACI,2025,86
41043479,ACI,2025,2
41043478,ACI,2025,81
41043477,ACI,2025,9
41033351,ACI,2025,-1
41033350,ACI,2025,9
41005754,ACI,2025,73
41005753,ACI,2025,41
40973080,ACI,2025,44
40973079,ACI,2025,46
40940030,ACI,2025,-1
40935359,ACI,2025,2
40921196,ACI,2025,73
40912680,ACI,2025,2
40902643,ACI,2025,72
40902642,ACI,2025,-1
40902641,ACI,2025,2
40882959,ACI,2025,-1
40882958,ACI,2025,-1
40865929,ACI,2025,-1
40865928,ACI,2025,-1
40846308,ACI,2025,2
40846307,ACI,2025,-1
40845902,ACI,2025,21
40835228,ACI,2025,2
40835227,ACI,2025,2
40834872,ACI,2025,2
40812382,ACI,2025,73
40812381,ACI,2025,-1
40795950,ACI,2025,29
40795949,ACI,2025,-1
40769173,ACI,2025,-1
40769172,ACI,2025,76
40763805,ACI,2025,-1
40759358,ACI,2025,2
40744093,ACI,2025,2
40675605,ACI,2025,72
40602776,ACI,2025,-1
40602775,ACI,2025,72
40523637,ACI,2025,2
40506025,ACI,2025,2
40494563,ACI,2025,-1
40404141,ACI,2025,-1
40398852,ACI,2025,44
40398851,ACI,2025,-1
40398850,ACI,2025,33
40360000,ACI,2025,2
40355127,ACI,2025,21
40355126,ACI,2025,41
40324463,ACI,2025,-1
40306686,ACI,2025,72
40294634,ACI,2025,9
40294633,ACI,2025,-1
40294632,ACI,2025,-1
40294631,ACI,2025,-1
40280549,ACI,2025,-1
40280548,ACI,2025,2
40267976,ACI,2025,2
40258384,ACI,2025,24
40216403,ACI,2025,2
40216402,ACI,2025,9
40203890,ACI,2025,-1
40199518,ACI,2025,-1
40701779,ACI,2025,-1
40701778,ACI,2025,-1
40669861,ACI,2025,9
40633917,ACI,2025,29
40602801,ACI,2025,8
40533095,ACI,2025,-1
40533094,ACI,2025,56
40467470,ACI,2025,2
40179954,ACI,2025,2
40132987,ACI,2025,-1
40127703,ACI,2025,9
40127702,ACI,2025,-1
40107304,ACI,2025,9
40107303,ACI,2025,9
40107302,ACI,2025,73
40097147,ACI,2025,2
40097146,ACI,2025,72
40074216,ACI,2025,2
40074215,ACI,2025,9
40020741,ACI,2025,29
40020740,ACI,2025,2
40015336,ACI,2025,-1
39965765,ACI,2025,2
39952287,ACI,2025,-1
39933722,ACI,2025,2
39855268,ACI,2025,-1
39837545,ACI,2025,-1
39837544,ACI,2025,26
40398865,ACI,2025,53
40368447,ACI,2025,-1
40368446,ACI,2025,-1
40334698,ACI,2025,2
40306674,ACI,2025,-1
40306673,ACI,2025,-1
40267988,ACI,2025,29
40267987,ACI,2025,-1
40239952,ACI,2025,-1
40204118,ACI,2025,21
40174880,ACI,2025,2
40073859,ACI,2025,29
40073858,ACI,2025,46
39855267,ACI,2025,-1
39814048,ACI,2025,14
39814047,ACI,2025,64
39788549,ACI,2025,9
39778597,ACI,2025,72
39740769,ACI,2025,2
39681131,ACI,2025,0
39608761,ACI,2025,-1
39587019,ACI,2025,29
39572252,ACI,2025,76
39572251,ACI,2025,2
39561976,ACI,2025,76
39510534,ACI,2025,-1
39500346,ACI,2025,72
40010403,ACI,2025,100
39970944,ACI,2025,46
39938875,ACI,2025,-1
39909398,ACI,2025,-1
39842467,ACI,2025,29
39778706,ACI,2025,18
39742871,ACI,2025,-1
39472036,ACI,2025,0
39454643,ACI,2025,2
39454642,ACI,2025,-1
39442543,ACI,2025,29
39419264,ACI,2025,95
39419263,ACI,2025,29
39406373,ACI,2025,-1
39384324,ACI,2025,9
39366661,ACI,2025,9
39362293,ACI,2025,28
39362292,ACI,2025,-1
39362291,ACI,2025,29
39348865,ACI,2025,0
39348864,ACI,2025,-1
39333060,ACI,2025,100
39313211,ACI,2025,7
33124990,JMIR,2020,1
33284782,JMIR,2020,0
32804086,JMIR,2020,-1
32865501,JMIR,2020,38
32915153,JMIR,2020,-1
33006943,JMIR,2020,0
33146627,JMIR,2020,-1
32181742,JMIR,2020,1
33174848,JMIR,2020,1
32130136,JMIR,2020,-1
32543443,JMIR,2020,28
33295292,JMIR,2020,-1
33208302,JMIR,2020,42
33164902,JMIR,2020,21
32903196,JMIR,2020,0
32886066,JMIR,2020,0
32369028,JMIR,2020,1
32130122,JMIR,2020,-1
33306030,JMIR,2020,-1
32213473,JMIR,2020,14
32960176,JMIR,2020,52
32511099,JMIR,2020,0
32924959,JMIR,2020,-1
32490851,JMIR,2020,1
32130138,JMIR,2020,65
32795988,JMIR,2020,38
33296867,JMIR,2020,0
33030435,JMIR,2020,1
32543441,JMIR,2020,21
32720908,JMIR,2020,14
33021487,JMIR,2020,-1
32936079,JMIR,2020,7
32723713,JMIR,2020,8
33164907,JMIR,2020,1
32673221,JMIR,2020,6
33105099,JMIR,2020,-1
32459627,JMIR,2020,1
32540846,JMIR,2020,-1
32049063,JMIR,2020,-1
32821060,JMIR,2020,-1
33270038,JMIR,2020,1
32469317,JMIR,2020,15
32293571,JMIR,2020,1
33090964,JMIR,2020,0
32459626,JMIR,2020,23
33185565,JMIR,2020,105
32238331,JMIR,2020,-1
32784183,JMIR,2020,-1
31922491,JMIR,2020,-1
32012064,JMIR,2020,6
32658860,JMIR,2020,0
32163038,JMIR,2020,26
32969835,JMIR,2020,15
33147163,JMIR,2020,0
33216726,JMIR,2020,0
32687473,JMIR,2020,56
32707537,JMIR,2020,0
33185553,JMIR,2020,38
33108313,JMIR,2020,0
32348292,JMIR,2020,-1
31895045,JMIR,2020,-1
32706698,JMIR,2020,-1
33026353,JMIR,2020,21
32530813,JMIR,2020,0
32706675,JMIR,2020,1
32897869,JMIR,2020,0
32816686,JMIR,2020,11
33151895,JMIR,2020,0
32027311,JMIR,2020,-1
31899451,JMIR,2020,66
33006561,JMIR,2020,6
32297872,JMIR,2020,1
32960773,JMIR,2020,-1
32463372,JMIR,2020,28
32673231,JMIR,2020,8
32812884,JMIR,2020,-1
32224484,JMIR,2020,56
32763889,JMIR,2020,17
33137713,JMIR,2020,-1
33252346,JMIR,2020,56
32902387,JMIR,2020,52
32716895,JMIR,2020,0
32540845,JMIR,2020,0
32750005,JMIR,2020,0
33231552,JMIR,2020,-1
32805703,JMIR,2020,0
32196459,JMIR,2020,-1
32759098,JMIR,2020,2
32936088,JMIR,2020,63
32208358,JMIR,2020,82
32568721,JMIR,2020,0
32469318,JMIR,2020,-1
33074158,JMIR,2020,105
32763892,JMIR,2020,0
32857060,JMIR,2020,-1
32286232,JMIR,2020,23
32822315,JMIR,2020,11
32141834,JMIR,2020,23
32496205,JMIR,2020,0
32141837,JMIR,2020,52
32544071,JMIR,2020,0
32658858,JMIR,2020,0
33090108,JMIR,2020,103
32352924,JMIR,2020,76
32401222,JMIR,2020,-1
33031049,JMIR,2020,0
33048823,JMIR,2020,0
33027037,JMIR,2020,0
33034566,JMIR,2020,-1
31929102,JMIR,2020,1
32946412,JMIR,2020,0
32130160,JMIR,2020,1
33119535,JMIR,2020,0
32672680,JMIR,2020,-1
32673247,JMIR,2020,7
32352385,JMIR,2020,56
32452808,JMIR,2020,-1
32314968,JMIR,2020,45
32852275,JMIR,2020,-1
32234698,JMIR,2020,-1
33337341,JMIR,2020,-1
33001829,JMIR,2020,0
32293569,JMIR,2020,103
32784182,JMIR,2020,5
32519965,JMIR,2020,-1
33030440,JMIR,2020,28
32348288,JMIR,2020,1
33351777,JMIR,2020,0
32821064,JMIR,2020,38
32379048,JMIR,2020,-1
32990635,JMIR,2020,-1
32364511,JMIR,2020,86
33141089,JMIR,2020,1
31934868,JMIR,2020,21
32254041,JMIR,2020,105
32673234,JMIR,2020,9
33026357,JMIR,2020,24
32286231,JMIR,2020,1
32287039,JMIR,2020,0
33382378,JMIR,2020,-1
32130131,JMIR,2020,103
32648850,JMIR,2020,1
32392172,JMIR,2020,0
33320101,JMIR,2020,-1
33124987,JMIR,2020,-1
32459629,JMIR,2020,-1
32773377,JMIR,2020,-1
32833660,JMIR,2020,0
33245287,JMIR,2020,66
32663149,JMIR,2020,-1
33174854,JMIR,2020,-1
32412424,JMIR,2020,-1
33147165,JMIR,2020,0
32301733,JMIR,2020,-1
33107826,JMIR,2020,1
33104011,JMIR,2020,36
32441655,JMIR,2020,6
31983680,JMIR,2020,-1
32976111,JMIR,2020,0
32314971,JMIR,2020,14
32039810,JMIR,2020,52
32501804,JMIR,2020,0
32687477,JMIR,2020,0
32955451,JMIR,2020,6
32442138,JMIR,2020,1
32673242,JMIR,2020,-1
32515740,JMIR,2020,6
32338615,JMIR,2020,1
32484444,JMIR,2020,56
33112248,JMIR,2020,-1
32857057,JMIR,2020,104
32845850,JMIR,2020,0
33112757,JMIR,2020,0
32721924,JMIR,2020,11
33264102,JMIR,2020,0
32130143,JMIR,2020,6
32234697,JMIR,2020,23
32810841,JMIR,2020,0
32130139,JMIR,2020,-1
33301414,JMIR,2020,0
33216002,JMIR,2020,6
31913129,JMIR,2020,-1
33245282,JMIR,2020,-1
32902388,JMIR,2020,-1
33141679,JMIR,2020,0
33295294,JMIR,2020,59
32729838,JMIR,2020,23
32343250,JMIR,2020,14
32876582,JMIR,2020,28
32795986,JMIR,2020,-1
32401210,JMIR,2020,0
32936081,JMIR,2020,1
33095741,JMIR,2020,11
32181750,JMIR,2020,-1
32167477,JMIR,2020,92
32449685,JMIR,2020,56
32790642,JMIR,2020,0
32579126,JMIR,2020,1
32924948,JMIR,2020,0
33095740,JMIR,2020,0
32525483,JMIR,2020,1
32706706,JMIR,2020,-1
32501801,JMIR,2020,0
32573463,JMIR,2020,1
32452811,JMIR,2020,21
33177036,JMIR,2020,-1
33027032,JMIR,2020,0
33197230,JMIR,2020,0
32589152,JMIR,2020,-1
32720911,JMIR,2020,23
33035176,JMIR,2020,-1
32856597,JMIR,2020,-1
32673212,JMIR,2020,6
32348278,JMIR,2020,38
33084583,JMIR,2020,-1
32986000,JMIR,2020,1
32463369,JMIR,2020,1
32716898,JMIR,2020,0
33206052,JMIR,2020,21
32501272,JMIR,2020,-1
32238342,JMIR,2020,-1
33079692,JMIR,2020,0
33258783,JMIR,2020,15
32281939,JMIR,2020,78
33331827,JMIR,2020,-1
32790639,JMIR,2020,0
32697197,JMIR,2020,14
32579128,JMIR,2020,99
32427113,JMIR,2020,14
32936082,JMIR,2020,-1
33001828,JMIR,2020,0
32285802,JMIR,2020,-1
33258785,JMIR,2020,-1
32348265,JMIR,2020,38
32747329,JMIR,2020,0
32478662,JMIR,2020,26
32788152,JMIR,2020,14
32224492,JMIR,2020,86
32412423,JMIR,2020,23
33034562,JMIR,2020,7
32930099,JMIR,2020,0
32784172,JMIR,2020,6
32930665,JMIR,2020,-1
33245285,JMIR,2020,6
32154786,JMIR,2020,1
32271154,JMIR,2020,5
32763872,JMIR,2020,23
33170799,JMIR,2020,0
33258788,JMIR,2020,-1
32141835,JMIR,2020,1
33755028,JMIR,2021,6
33687342,JMIR,2021,1
33620328,JMIR,2021,6
34375298,JMIR,2021,0
34821563,JMIR,2021,6
33666563,JMIR,2021,8
34730544,JMIR,2021,-1
34468329,JMIR,2021,-1
34766913,JMIR,2021,6
33475519,JMIR,2021,1
34766918,JMIR,2021,1
34328438,JMIR,2021,-1
33882021,JMIR,2021,1
34533459,JMIR,2021,0
33465037,JMIR,2021,0
34309576,JMIR,2021,-1
33522977,JMIR,2021,6
33475520,JMIR,2021,6
34878985,JMIR,2021,-1
33410762,JMIR,2021,14
34726612,JMIR,2021,-1
33885373,JMIR,2021,6
33507153,JMIR,2021,-1
33560231,JMIR,2021,6
33629959,JMIR,2021,-1
34125068,JMIR,2021,-1
34260375,JMIR,2021,0
34319240,JMIR,2021,1
34125072,JMIR,2021,-1
34328422,JMIR,2021,1
34255682,JMIR,2021,11
33843592,JMIR,2021,0
34591025,JMIR,2021,1
34152276,JMIR,2021,0
33818392,JMIR,2021,6
34757320,JMIR,2021,1
34806992,JMIR,2021,0
33750739,JMIR,2021,0
33404516,JMIR,2021,0
33481754,JMIR,2021,0
34550899,JMIR,2021,0
34751661,JMIR,2021,52
33529155,JMIR,2021,0
34398799,JMIR,2021,11
33683208,JMIR,2021,-1
34591017,JMIR,2021,-1
33900929,JMIR,2021,0
34313593,JMIR,2021,-1
33900932,JMIR,2021,0
36256828,JMIR,2021,56
34528896,JMIR,2021,6
33729985,JMIR,2021,1
33599621,JMIR,2021,14
34086591,JMIR,2021,0
33439133,JMIR,2021,52
33625362,JMIR,2021,1
34941546,JMIR,2021,9
33591276,JMIR,2021,-1
34152279,JMIR,2021,38
34637393,JMIR,2021,0
34586074,JMIR,2021,52
34081612,JMIR,2021,0
34637396,JMIR,2021,11
34665141,JMIR,2021,6
33591280,JMIR,2021,1
34533469,JMIR,2021,6
34255645,JMIR,2021,1
34255644,JMIR,2021,69
33459597,JMIR,2021,1
34420918,JMIR,2021,-1
34076579,JMIR,2021,-1
34435957,JMIR,2021,69
34259636,JMIR,2021,26
33683209,JMIR,2021,15
33720031,JMIR,2021,1
34287214,JMIR,2021,78
34842543,JMIR,2021,6
34709181,JMIR,2021,21
33844635,JMIR,2021,0
34255692,JMIR,2021,92
34860671,JMIR,2021,-1
36260376,JMIR,2021,78
34086592,JMIR,2021,11
34591029,JMIR,2021,8
34259645,JMIR,2021,63
34524095,JMIR,2021,1
33848255,JMIR,2021,11
33591287,JMIR,2021,-1
33764885,JMIR,2021,0
33565983,JMIR,2021,1
34652275,JMIR,2021,-1
34751654,JMIR,2021,56
34546181,JMIR,2021,-1
33595454,JMIR,2021,0
34889740,JMIR,2021,-1
33512318,JMIR,2021,-1
33591282,JMIR,2021,1
34550072,JMIR,2021,26
33764883,JMIR,2021,0
34403354,JMIR,2021,-1
34870601,JMIR,2021,2
34061761,JMIR,2021,0
33989162,JMIR,2021,0
33989163,JMIR,2021,0
34420919,JMIR,2021,1
34292166,JMIR,2021,-1
34668872,JMIR,2021,-1
34042592,JMIR,2021,-1
33565986,JMIR,2021,26
33872185,JMIR,2021,0
33302250,JMIR,2021,0
34542413,JMIR,2021,-1
34328433,JMIR,2021,-1
34524087,JMIR,2021,51
34494966,JMIR,2021,21
33857008,JMIR,2021,0
34807832,JMIR,2021,0
34313590,JMIR,2021,0
34096868,JMIR,2021,83
33904820,JMIR,2021,-1
34236993,JMIR,2021,0
34255676,JMIR,2021,11
34528889,JMIR,2021,56
34661544,JMIR,2021,21
33983124,JMIR,2021,76
34878988,JMIR,2021,-1
33764306,JMIR,2021,14
34156966,JMIR,2021,0
34236336,JMIR,2021,-1
33792552,JMIR,2021,-1
34047710,JMIR,2021,-1
34142966,JMIR,2021,23
34280116,JMIR,2021,0
34383690,JMIR,2021,6
34914615,JMIR,2021,1
34448714,JMIR,2021,-1
33938808,JMIR,2021,-1
34100765,JMIR,2021,21
34255680,JMIR,2021,82
34762063,JMIR,2021,21
34255679,JMIR,2021,56
34047699,JMIR,2021,84
33617460,JMIR,2021,0
33938806,JMIR,2021,9
33534724,JMIR,2021,0
34096872,JMIR,2021,-1
34898455,JMIR,2021,-1
34491207,JMIR,2021,23
33512329,JMIR,2021,6
34878991,JMIR,2021,-1
34661543,JMIR,2021,1
33475514,JMIR,2021,-1
33857012,JMIR,2021,11
33999833,JMIR,2021,0
34048356,JMIR,2021,0
33856356,JMIR,2021,63
33448935,JMIR,2021,-1
33617459,JMIR,2021,0
33945492,JMIR,2021,0
33347421,JMIR,2021,0
34463638,JMIR,2021,-1
34061758,JMIR,2021,-1
34964718,JMIR,2021,103
33439127,JMIR,2021,1
33503002,JMIR,2021,0
34448704,JMIR,2021,49
33989166,JMIR,2021,0
33861206,JMIR,2021,24
34762061,JMIR,2021,1
34096875,JMIR,2021,1
33404504,JMIR,2021,6
34612825,JMIR,2021,76
34152274,JMIR,2021,-1
33539309,JMIR,2021,0
34132644,JMIR,2021,52
33908894,JMIR,2021,14
34014833,JMIR,2021,0
33929327,JMIR,2021,14
34156960,JMIR,2021,11
34519661,JMIR,2021,-1
34448719,JMIR,2021,90
33844638,JMIR,2021,0
33835034,JMIR,2021,-1
34061760,JMIR,2021,0
33427683,JMIR,2021,21
33481753,JMIR,2021,0
34152272,JMIR,2021,14
33872187,JMIR,2021,0
33595445,JMIR,2021,15
34967760,JMIR,2021,-1
34142974,JMIR,2021,1
34255657,JMIR,2021,1
33477104,JMIR,2021,0
33448933,JMIR,2021,26
34043526,JMIR,2021,0
33779568,JMIR,2021,-1
33847594,JMIR,2021,6
34398791,JMIR,2021,-1
33661121,JMIR,2021,6
33759801,JMIR,2021,6
34505840,JMIR,2021,-1
34714253,JMIR,2021,28
36260382,JMIR,2021,-1
33650980,JMIR,2021,6
34085942,JMIR,2021,-1
34704960,JMIR,2021,1
34132641,JMIR,2021,69
34227995,JMIR,2021,0
34346885,JMIR,2021,0
34550074,JMIR,2021,26
34855614,JMIR,2021,-1
34309581,JMIR,2021,-1
33759792,JMIR,2021,56
33439134,JMIR,2021,-1
34757318,JMIR,2021,-1
33769945,JMIR,2021,0
33857011,JMIR,2021,51
33468449,JMIR,2021,0
34448709,JMIR,2021,56
33978590,JMIR,2021,-1
33709929,JMIR,2021,-1
34313595,JMIR,2021,6
34550073,JMIR,2021,7
34951592,JMIR,2021,100
34665144,JMIR,2021,-1
33877053,JMIR,2021,76
34292866,JMIR,2021,0
34499042,JMIR,2021,-1
33577466,JMIR,2021,0
33780345,JMIR,2021,0
34662291,JMIR,2021,0
33529153,JMIR,2021,0
34259641,JMIR,2021,0
34623313,JMIR,2021,-1
33729984,JMIR,2021,-1
34586079,JMIR,2021,92
33523825,JMIR,2021,0
33475518,JMIR,2021,27
34014831,JMIR,2021,0
33847592,JMIR,2021,-1
33439126,JMIR,2021,21
33646966,JMIR,2021,0
33835930,JMIR,2021,0
33735097,JMIR,2021,0
34528890,JMIR,2021,14
33759793,JMIR,2021,23
33835031,JMIR,2021,-1
34009128,JMIR,2021,27
34309573,JMIR,2021,0
34255691,JMIR,2021,1
35040793,JMIR,2022,1
35015660,JMIR,2022,11
35436237,JMIR,2022,26
35507393,JMIR,2022,-1
35254286,JMIR,2022,14
36044262,JMIR,2022,28
35994313,JMIR,2022,23
35635745,JMIR,2022,-1
36355633,JMIR,2022,6
35099399,JMIR,2022,65
35969435,JMIR,2022,-1
36053565,JMIR,2022,1
35994333,JMIR,2022,1
35857347,JMIR,2022,1
35896015,JMIR,2022,-1
35129456,JMIR,2022,0
36367965,JMIR,2022,0
36279157,JMIR,2022,21
36260379,JMIR,2022,-1
36066939,JMIR,2022,1
35749210,JMIR,2022,1
35119370,JMIR,2022,6
36256827,JMIR,2022,23
35103615,JMIR,2022,1
36099018,JMIR,2022,-1
36427350,JMIR,2022,11
35687389,JMIR,2022,6
35700012,JMIR,2022,1
35839387,JMIR,2022,0
35394440,JMIR,2022,0
35446781,JMIR,2022,0
35687382,JMIR,2022,-1
36445746,JMIR,2022,-1
36121697,JMIR,2022,-1
35675126,JMIR,2022,23
35671409,JMIR,2022,0
35023849,JMIR,2022,28
35319470,JMIR,2022,6
35076408,JMIR,2022,0
36534460,JMIR,2022,-1
35040794,JMIR,2022,-1
35323126,JMIR,2022,23
35759320,JMIR,2022,1
35532966,JMIR,2022,-1
36322788,JMIR,2022,0
35816377,JMIR,2022,104
35943767,JMIR,2022,-1
35049511,JMIR,2022,-1
35653606,JMIR,2022,0
35675658,JMIR,2022,11
35404263,JMIR,2022,6
35072642,JMIR,2022,1
35080505,JMIR,2022,14
35285808,JMIR,2022,0
35171098,JMIR,2022,0
35921685,JMIR,2022,24
35503414,JMIR,2022,23
36074544,JMIR,2022,1
35994331,JMIR,2022,8
35639465,JMIR,2022,56
35503654,JMIR,2022,23
36512392,JMIR,2022,-1
34982040,JMIR,2022,1
35852835,JMIR,2022,-1
35166689,JMIR,2022,-1
35142640,JMIR,2022,-1
35700016,JMIR,2022,6
35089141,JMIR,2022,-1
36191167,JMIR,2022,0
35552166,JMIR,2022,23
36301590,JMIR,2022,6
35258473,JMIR,2022,9
35138265,JMIR,2022,6
36512403,JMIR,2022,1
35723914,JMIR,2022,68
35311677,JMIR,2022,23
35353056,JMIR,2022,1
35171099,JMIR,2022,1
35076405,JMIR,2022,-1
36394923,JMIR,2022,-1
35200148,JMIR,2022,-1
35660657,JMIR,2022,11
36194862,JMIR,2022,0
35576567,JMIR,2022,-1
36178720,JMIR,2022,31
36454620,JMIR,2022,1
36006686,JMIR,2022,-1
35759321,JMIR,2022,-1
35877164,JMIR,2022,-1
36103227,JMIR,2022,-1
35588055,JMIR,2022,1
35877172,JMIR,2022,56
35849442,JMIR,2022,56
35084359,JMIR,2022,104
35831180,JMIR,2022,105
35675120,JMIR,2022,-1
36036967,JMIR,2022,-1
36343184,JMIR,2022,1
35544307,JMIR,2022,-1
36538351,JMIR,2022,-1
35404257,JMIR,2022,-1
36269222,JMIR,2022,26
35679053,JMIR,2022,0
36069840,JMIR,2022,-1
35191847,JMIR,2022,-1
36416882,JMIR,2022,78
35188476,JMIR,2022,1
36383632,JMIR,2022,0
36508245,JMIR,2022,23
36040782,JMIR,2022,6
36129741,JMIR,2022,1
34854814,JMIR,2022,52
35258475,JMIR,2022,1
35006087,JMIR,2022,6
34982716,JMIR,2022,56
36301602,JMIR,2022,-1
35373776,JMIR,2022,82
35166688,JMIR,2022,-1
36322123,JMIR,2022,56
35080501,JMIR,2022,-1
36074558,JMIR,2022,0
35559854,JMIR,2022,6
36018625,JMIR,2022,-1
35776492,JMIR,2022,-1
36114000,JMIR,2022,14
35275082,JMIR,2022,-1
35275078,JMIR,2022,6
35113029,JMIR,2022,-1
36112732,JMIR,2022,0
35916695,JMIR,2022,-1
36342763,JMIR,2022,7
35285811,JMIR,2022,0
36515982,JMIR,2022,1
35904876,JMIR,2022,-1
35023845,JMIR,2022,1
35156934,JMIR,2022,23
35763324,JMIR,2022,56
35714353,JMIR,2022,11
36129745,JMIR,2022,6
36409538,JMIR,2022,7
35080497,JMIR,2022,23
35254278,JMIR,2022,52
36040791,JMIR,2022,15
36350704,JMIR,2022,6
35930315,JMIR,2022,-1
35294369,JMIR,2022,27
36315229,JMIR,2022,-1
35353050,JMIR,2022,-1
36473173,JMIR,2022,11
35830233,JMIR,2022,6
35416778,JMIR,2022,0
35084336,JMIR,2022,15
35171102,JMIR,2022,2
35771613,JMIR,2022,78
35103605,JMIR,2022,6
35468091,JMIR,2022,14
35195528,JMIR,2022,-1
35838764,JMIR,2022,1
36548029,JMIR,2022,30
35014971,JMIR,2022,-1
35476751,JMIR,2022,-1
36346655,JMIR,2022,1
35648477,JMIR,2022,26
35658098,JMIR,2022,-1
35103604,JMIR,2022,-1
35254263,JMIR,2022,0
35107437,JMIR,2022,1
35512269,JMIR,2022,0
36194454,JMIR,2022,1
35436209,JMIR,2022,26
36001364,JMIR,2022,0
35266869,JMIR,2022,-1
35040796,JMIR,2022,1
35507397,JMIR,2022,28
35006086,JMIR,2022,-1
35049508,JMIR,2022,14
35156937,JMIR,2022,-1
36001380,JMIR,2022,-1
35881444,JMIR,2022,-1
36040787,JMIR,2022,-1
36383427,JMIR,2022,-1
35976692,JMIR,2022,21
35612880,JMIR,2022,9
36040790,JMIR,2022,-1
35560107,JMIR,2022,95
35348462,JMIR,2022,-1
35275073,JMIR,2022,6
35089149,JMIR,2022,1
35060911,JMIR,2022,6
34878410,JMIR,2022,0
35482397,JMIR,2022,15
35881432,JMIR,2022,-1
35084349,JMIR,2022,8
35044309,JMIR,2022,6
36103220,JMIR,2022,65
35797104,JMIR,2022,23
36006692,JMIR,2022,8
35838765,JMIR,2022,-1
35976690,JMIR,2022,-1
35297768,JMIR,2022,23
35984690,JMIR,2022,-1
35377329,JMIR,2022,1
36548036,JMIR,2022,56
35442198,JMIR,2022,14
36155409,JMIR,2022,-1
36301673,JMIR,2022,0
36001872,JMIR,2022,0
35700024,JMIR,2022,0
35503247,JMIR,2022,1
35377331,JMIR,2022,-1
36044246,JMIR,2022,1
35532989,JMIR,2022,13
35476637,JMIR,2022,0
35616994,JMIR,2022,23
36454727,JMIR,2022,0
36374547,JMIR,2022,1
35943773,JMIR,2022,78
36074800,JMIR,2022,11
35040798,JMIR,2022,82
35156933,JMIR,2022,1
35921141,JMIR,2022,5
35319479,JMIR,2022,-1
35119376,JMIR,2022,0
35038303,JMIR,2022,0
35384855,JMIR,2022,-1
35416782,JMIR,2022,38
35834301,JMIR,2022,-1
35666563,JMIR,2022,21
35389359,JMIR,2022,-1
35014962,JMIR,2022,23
35029538,JMIR,2022,8
35468083,JMIR,2022,0
35998021,JMIR,2022,-1
35297767,JMIR,2022,90
36040765,JMIR,2022,-1
35006081,JMIR,2022,23
35113021,JMIR,2022,-1
36149745,JMIR,2022,23
35900820,JMIR,2022,-1
36315239,JMIR,2022,65
35412457,JMIR,2022,-1
36173664,JMIR,2022,99
36095295,JMIR,2022,52
36094813,JMIR,2022,6
34932494,JMIR,2022,0
35980735,JMIR,2022,90
35436211,JMIR,2022,23
35972776,JMIR,2022,65
36240461,JMIR,2022,0
36149744,JMIR,2022,-1
37256672,JMIR,2023,-1
37467010,JMIR,2023,1
37594797,JMIR,2023,-1
37862090,JMIR,2023,-1
37682585,JMIR,2023,-1
38133922,JMIR,2023,-1
37099376,JMIR,2023,6
37342085,JMIR,2023,-1
37955960,JMIR,2023,23
37721792,JMIR,2023,-1
38095999,JMIR,2023,1
36645703,JMIR,2023,6
38085562,JMIR,2023,-1
37314842,JMIR,2023,-1
37698902,JMIR,2023,-1
37115608,JMIR,2023,23
36716086,JMIR,2023,31
36607712,JMIR,2023,-1
37195740,JMIR,2023,0
36857115,JMIR,2023,4
37043276,JMIR,2023,6
37402146,JMIR,2023,1
37991819,JMIR,2023,8
36853747,JMIR,2023,76
38145481,JMIR,2023,-1
37279047,JMIR,2023,104
37610972,JMIR,2023,0
37436815,JMIR,2023,36
37428522,JMIR,2023,0
37490317,JMIR,2023,3
37616048,JMIR,2023,28
37862061,JMIR,2023,0
36656629,JMIR,2023,-1
38090786,JMIR,2023,6
37738083,JMIR,2023,56
36603153,JMIR,2023,0
36867440,JMIR,2023,26
37428525,JMIR,2023,-1
37319010,JMIR,2023,-1
36930197,JMIR,2023,105
38055317,JMIR,2023,18
37540544,JMIR,2023,-1
37399062,JMIR,2023,0
38048149,JMIR,2023,-1
37163694,JMIR,2023,-1
37200072,JMIR,2023,-1
37129941,JMIR,2023,-1
38085568,JMIR,2023,-1
37910163,JMIR,2023,-1
37917144,JMIR,2023,0
36951923,JMIR,2023,40
37307045,JMIR,2023,-1
36584303,JMIR,2023,8
37672333,JMIR,2023,-1
38015606,JMIR,2023,73
37751234,JMIR,2023,8
37966876,JMIR,2023,87
37310779,JMIR,2023,1
37027199,JMIR,2023,17
37523226,JMIR,2023,1
37227763,JMIR,2023,54
37252774,JMIR,2023,56
36995757,JMIR,2023,36
37213188,JMIR,2023,1
37792437,JMIR,2023,0
37014691,JMIR,2023,1
37351927,JMIR,2023,41
37578823,JMIR,2023,15
37467026,JMIR,2023,-1
36763409,JMIR,2023,28
37486754,JMIR,2023,-1
37695663,JMIR,2023,14
36877540,JMIR,2023,-1
37256684,JMIR,2023,54
37494107,JMIR,2023,26
37672324,JMIR,2023,78
37289490,JMIR,2023,-1
37213169,JMIR,2023,24
38064253,JMIR,2023,1
37223985,JMIR,2023,87
36943909,JMIR,2023,0
37850906,JMIR,2023,0
37027202,JMIR,2023,15
37824190,JMIR,2023,1
37204828,JMIR,2023,56
37824182,JMIR,2023,26
37728974,JMIR,2023,66
37163341,JMIR,2023,14
38019578,JMIR,2023,14
37906225,JMIR,2023,17
37756051,JMIR,2023,-1
37878362,JMIR,2023,-1
37314848,JMIR,2023,-1
38048148,JMIR,2023,-1
36757759,JMIR,2023,15
38157232,JMIR,2023,15
37531181,JMIR,2023,15
36729569,JMIR,2023,-1
37126398,JMIR,2023,36
37256656,JMIR,2023,-1
37436793,JMIR,2023,0
37698911,JMIR,2023,49
38109188,JMIR,2023,-1
37782541,JMIR,2023,-1
37703081,JMIR,2023,-1
37103987,JMIR,2023,28
37707947,JMIR,2023,-1
37104031,JMIR,2023,-1
36729597,JMIR,2023,1
37467013,JMIR,2023,23
38051555,JMIR,2023,17
37129934,JMIR,2023,105
37773625,JMIR,2023,1
36566450,JMIR,2023,-1
37000478,JMIR,2023,-1
36995756,JMIR,2023,7
36649254,JMIR,2023,0
37256680,JMIR,2023,-1
37163336,JMIR,2023,104
36972537,JMIR,2023,0
37847536,JMIR,2023,-1
37498644,JMIR,2023,86
37971798,JMIR,2023,48
37335593,JMIR,2023,-1
37792443,JMIR,2023,1
37184899,JMIR,2023,1
36652597,JMIR,2023,0
37725801,JMIR,2023,6
36809798,JMIR,2023,0
37930788,JMIR,2023,0
38048156,JMIR,2023,14
36745497,JMIR,2023,6
37902810,JMIR,2023,-1
36995753,JMIR,2023,1
37656506,JMIR,2023,56
37252791,JMIR,2023,1
37052983,JMIR,2023,-1
36927634,JMIR,2023,-1
36745490,JMIR,2023,92
36780228,JMIR,2023,-1
37490320,JMIR,2023,0
37955965,JMIR,2023,50
37440300,JMIR,2023,82
36780203,JMIR,2023,41
36533302,JMIR,2023,1
37115595,JMIR,2023,52
37535409,JMIR,2023,-1
37721800,JMIR,2023,1
37384392,JMIR,2023,6
37338972,JMIR,2023,82
37399055,JMIR,2023,32
37490322,JMIR,2023,-1
38019579,JMIR,2023,-1
37252756,JMIR,2023,104
38096024,JMIR,2023,13
37494086,JMIR,2023,78
37071452,JMIR,2023,23
37647102,JMIR,2023,-1
37227772,JMIR,2023,40
37747766,JMIR,2023,23
38113100,JMIR,2023,-1
37903289,JMIR,2023,105
37788078,JMIR,2023,-1
37145833,JMIR,2023,28
36917148,JMIR,2023,15
37279039,JMIR,2023,26
37256685,JMIR,2023,-1
38127426,JMIR,2023,86
37027195,JMIR,2023,21
37145836,JMIR,2023,1
36662550,JMIR,2023,105
37725422,JMIR,2023,-1
36630301,JMIR,2023,0
38096023,JMIR,2023,-1
36749946,JMIR,2023,11
37043268,JMIR,2023,1
37874638,JMIR,2023,-1
36780208,JMIR,2023,-1
37358900,JMIR,2023,1
37171856,JMIR,2023,-1
37486758,JMIR,2023,0
37713260,JMIR,2023,-1
37862082,JMIR,2023,-1
37266975,JMIR,2023,1
37490331,JMIR,2023,-1
37195746,JMIR,2023,90
36951897,JMIR,2023,-1
36692928,JMIR,2023,-1
36912876,JMIR,2023,-1
36787223,JMIR,2023,0
37610815,JMIR,2023,-1
36763452,JMIR,2023,-1
37639297,JMIR,2023,-1
37647117,JMIR,2023,0
37145844,JMIR,2023,1
37988161,JMIR,2023,21
37902832,JMIR,2023,1
37490633,JMIR,2023,38
37531157,JMIR,2023,68
37126377,JMIR,2023,1
37389909,JMIR,2023,21
36862499,JMIR,2023,-1
37163319,JMIR,2023,1
36689264,JMIR,2023,23
37040629,JMIR,2023,11
37314852,JMIR,2023,0
38100185,JMIR,2023,-1
36598798,JMIR,2023,26
38015589,JMIR,2023,-1
37651167,JMIR,2023,-1
36656625,JMIR,2023,15
37643002,JMIR,2023,-1
37971792,JMIR,2023,-1
37018019,JMIR,2023,8
37535408,JMIR,2023,-1
37368485,JMIR,2023,6
38157233,JMIR,2023,15
37166971,JMIR,2023,56
37335608,JMIR,2023,52
37459159,JMIR,2023,-1
37526967,JMIR,2023,21
36622741,JMIR,2023,1
37856181,JMIR,2023,8
37368465,JMIR,2023,-1
37594793,JMIR,2023,-1
37204858,JMIR,2023,26
36920458,JMIR,2023,1
37389906,JMIR,2023,1
36805536,JMIR,2023,11
36862476,JMIR,2023,0
36976626,JMIR,2023,21
36652291,JMIR,2023,-1
37831495,JMIR,2023,8
37725432,JMIR,2023,0
37318826,JMIR,2023,24
37948118,JMIR,2023,1
37703082,JMIR,2023,-1
36884281,JMIR,2023,71
37115602,JMIR,2023,1
37410526,JMIR,2023,-1
37962927,JMIR,2023,1
38113088,JMIR,2023,28
37200067,JMIR,2023,1
37223987,JMIR,2023,-1
36757763,JMIR,2023,0
37099371,JMIR,2023,0
37906219,JMIR,2023,0
37656498,JMIR,2023,71
37314850,JMIR,2023,-1
36602854,JMIR,2023,6
39088259,JMIR,2024,-1
39288409,JMIR,2024,45
39637380,JMIR,2024,71
39509702,JMIR,2024,1
38546730,JMIR,2024,-1
38376901,JMIR,2024,105
39622042,JMIR,2024,0
39190917,JMIR,2024,-1
38294856,JMIR,2024,0
39612505,JMIR,2024,-1
38935430,JMIR,2024,28
38551639,JMIR,2024,2
39586071,JMIR,2024,21
39150748,JMIR,2024,82
38324769,JMIR,2024,11
38805706,JMIR,2024,38
39442167,JMIR,2024,-1
39009038,JMIR,2024,8
38819891,JMIR,2024,-1
39467283,JMIR,2024,11
39269753,JMIR,2024,39
38551633,JMIR,2024,-1
39167442,JMIR,2024,50
39178413,JMIR,2024,79
39496154,JMIR,2024,1
39197163,JMIR,2024,-1
39088263,JMIR,2024,1
39591608,JMIR,2024,0
39331460,JMIR,2024,1
39546793,JMIR,2024,8
38354043,JMIR,2024,71
39018558,JMIR,2024,100
39141899,JMIR,2024,6
38739445,JMIR,2024,3
38466978,JMIR,2024,-1
39602793,JMIR,2024,6
38502160,JMIR,2024,23
39658010,JMIR,2024,-1
39467274,JMIR,2024,11
38684084,JMIR,2024,-1
38533835,JMIR,2024,-1
38526554,JMIR,2024,-1
39283658,JMIR,2024,1
39388687,JMIR,2024,-1
38324379,JMIR,2024,1
38652534,JMIR,2024,6
39141900,JMIR,2024,-1
39471371,JMIR,2024,6
38593427,JMIR,2024,0
39753226,JMIR,2024,27
39454198,JMIR,2024,0
38776542,JMIR,2024,104
39437381,JMIR,2024,6
38551618,JMIR,2024,1
39042442,JMIR,2024,-1
38861266,JMIR,2024,1
38905628,JMIR,2024,78
39159449,JMIR,2024,26
38502157,JMIR,2024,2
39586089,JMIR,2024,17
39226103,JMIR,2024,-1
39106098,JMIR,2024,-1
39163598,JMIR,2024,3
39382960,JMIR,2024,25
39393066,JMIR,2024,1
37976468,JMIR,2024,0
38696248,JMIR,2024,-1
39102679,JMIR,2024,-1
39348180,JMIR,2024,-1
39197165,JMIR,2024,-1
39418077,JMIR,2024,0
38498021,JMIR,2024,17
39546798,JMIR,2024,-1
38820583,JMIR,2024,-1
39499551,JMIR,2024,-1
39073857,JMIR,2024,-1
38265862,JMIR,2024,-1
39504550,JMIR,2024,86
38526542,JMIR,2024,-1
38669681,JMIR,2024,11
39288399,JMIR,2024,0
39689309,JMIR,2024,28
39422989,JMIR,2024,1
38739913,JMIR,2024,65
39178403,JMIR,2024,-1
38236623,JMIR,2024,-1
38625718,JMIR,2024,37
39331951,JMIR,2024,82
39325515,JMIR,2024,18
38900529,JMIR,2024,-1
38648098,JMIR,2024,3
38306156,JMIR,2024,-1
38764297,JMIR,2024,43
39586084,JMIR,2024,-1
39151163,JMIR,2024,98
39693619,JMIR,2024,-1
39608002,JMIR,2024,0
39141914,JMIR,2024,27
39038285,JMIR,2024,-1
39576963,JMIR,2024,23
38358794,JMIR,2024,23
39631061,JMIR,2024,6
38483451,JMIR,2024,-1
38536236,JMIR,2024,0
39235845,JMIR,2024,1
38441945,JMIR,2024,-1
39116424,JMIR,2024,28
38252469,JMIR,2024,47
39718820,JMIR,2024,101
38801765,JMIR,2024,-1
39602197,JMIR,2024,-1
39288404,JMIR,2024,-1
38498020,JMIR,2024,-1
38916936,JMIR,2024,46
39585738,JMIR,2024,-1
39657168,JMIR,2024,-1
39186368,JMIR,2024,-1
38662419,JMIR,2024,3
39475819,JMIR,2024,-1
39388698,JMIR,2024,83
38976872,JMIR,2024,-1
38833299,JMIR,2024,0
39312296,JMIR,2024,8
38924787,JMIR,2024,-1
39652871,JMIR,2024,-1
38530341,JMIR,2024,17
39405109,JMIR,2024,-1
38335016,JMIR,2024,-1
38865703,JMIR,2024,-1
38512327,JMIR,2024,1
39110493,JMIR,2024,-1
39331953,JMIR,2024,56
39422992,JMIR,2024,-1
38976865,JMIR,2024,3
38805702,JMIR,2024,-1
38713909,JMIR,2024,69
39163096,JMIR,2024,5
39106092,JMIR,2024,1
39693620,JMIR,2024,-1
38986127,JMIR,2024,0
39434474,JMIR,2024,27
39504121,JMIR,2024,1
38963937,JMIR,2024,-1
38842930,JMIR,2024,23
39447167,JMIR,2024,-1
39509695,JMIR,2024,3
38289657,JMIR,2024,-1
39642364,JMIR,2024,15
39250221,JMIR,2024,0
39631067,JMIR,2024,17
38700923,JMIR,2024,37
38963923,JMIR,2024,-1
38819900,JMIR,2024,-1
38457201,JMIR,2024,6
39226552,JMIR,2024,-1
39566062,JMIR,2024,86
38833297,JMIR,2024,1
39437380,JMIR,2024,1
39705075,JMIR,2024,0
39689301,JMIR,2024,-1
39405526,JMIR,2024,28
38635981,JMIR,2024,10
39666971,JMIR,2024,82
39437389,JMIR,2024,-1
39361417,JMIR,2024,-1
39348674,JMIR,2024,-1
39250796,JMIR,2024,6
39589775,JMIR,2024,14
39496149,JMIR,2024,3
39110963,JMIR,2024,-1
39288377,JMIR,2024,0
39078687,JMIR,2024,-1
38848556,JMIR,2024,23
38412028,JMIR,2024,52
39556831,JMIR,2024,-1
39566049,JMIR,2024,23
39561355,JMIR,2024,1
39656510,JMIR,2024,23
39008348,JMIR,2024,0
39331463,JMIR,2024,83
38980719,JMIR,2024,-1
38843521,JMIR,2024,0
39499542,JMIR,2024,-1
39150761,JMIR,2024,14
39047282,JMIR,2024,-1
39602215,JMIR,2024,82
39509151,JMIR,2024,1
38181492,JMIR,2024,0
38959025,JMIR,2024,6
39481096,JMIR,2024,-1
39196637,JMIR,2024,1
39481094,JMIR,2024,14
38888947,JMIR,2024,-1
39753212,JMIR,2024,-1
39190440,JMIR,2024,103
38536228,JMIR,2024,6
38861313,JMIR,2024,15
39094114,JMIR,2024,82
39576987,JMIR,2024,1
39657171,JMIR,2024,-1
39231425,JMIR,2024,41
38345855,JMIR,2024,0
38324367,JMIR,2024,6
38241074,JMIR,2024,3
38954461,JMIR,2024,0
39255486,JMIR,2024,1
38838308,JMIR,2024,0
39481106,JMIR,2024,-1
38457208,JMIR,2024,3
39432900,JMIR,2024,-1
39546341,JMIR,2024,1
39326044,JMIR,2024,-1
38241075,JMIR,2024,27
39626227,JMIR,2024,-1
39499913,JMIR,2024,3
38411999,JMIR,2024,46
38373031,JMIR,2024,1
38568723,JMIR,2024,0
39059003,JMIR,2024,-1
39437385,JMIR,2024,25
38820579,JMIR,2024,86
38684079,JMIR,2024,9
39705703,JMIR,2024,3
38905631,JMIR,2024,-1
39312765,JMIR,2024,-1
39467279,JMIR,2024,-1
39753214,JMIR,2024,1
38412479,JMIR,2024,11
38842920,JMIR,2024,1
38393776,JMIR,2024,0
39680913,JMIR,2024,0
39012659,JMIR,2024,-1
38739911,JMIR,2024,8
39150767,JMIR,2024,1
39356287,JMIR,2024,-1
39509691,JMIR,2024,32
39008845,JMIR,2024,14
39374067,JMIR,2024,6
39515817,JMIR,2024,-1
38959063,JMIR,2024,6
39546795,JMIR,2024,3
38980711,JMIR,2024,-1
38656779,JMIR,2024,6
38749399,JMIR,2024,-1
38801766,JMIR,2024,-1
38214966,JMIR,2024,98
38848558,JMIR,2024,11
39602788,JMIR,2024,105
38742615,JMIR,2024,-1
39631070,JMIR,2024,0
40068142,JMIR,2025,26
40053738,JMIR,2025,-1
41343856,JMIR,2025,6
40729621,JMIR,2025,-1
39778199,JMIR,2025,65
40408762,JMIR,2025,15
41359863,JMIR,2025,8
40153777,JMIR,2025,-1
40586741,JMIR,2025,1
39883928,JMIR,2025,-1
41086004,JMIR,2025,-1
41191793,JMIR,2025,15
40744488,JMIR,2025,25
40690289,JMIR,2025,-1
39847768,JMIR,2025,24
40466102,JMIR,2025,3
40966686,JMIR,2025,0
40924471,JMIR,2025,-1
41086002,JMIR,2025,1
39786850,JMIR,2025,14
40232773,JMIR,2025,46
40577713,JMIR,2025,1
40245397,JMIR,2025,-1
40305092,JMIR,2025,26
40795315,JMIR,2025,46
40986865,JMIR,2025,-1
40811859,JMIR,2025,6
40332991,JMIR,2025,3
39854695,JMIR,2025,41
40644708,JMIR,2025,6
41118243,JMIR,2025,62
40359001,JMIR,2025,-1
41248319,JMIR,2025,15
41057045,JMIR,2025,0
39841985,JMIR,2025,-1
40865090,JMIR,2025,11
39977857,JMIR,2025,-1
39899832,JMIR,2025,11
39983112,JMIR,2025,6
40513033,JMIR,2025,-1
40184612,JMIR,2025,7
39773888,JMIR,2025,48
40522721,JMIR,2025,0
41418287,JMIR,2025,1
40811656,JMIR,2025,-1
40239197,JMIR,2025,-1
41100747,JMIR,2025,17
40392576,JMIR,2025,3
40570326,JMIR,2025,-1
39984165,JMIR,2025,-1
39847421,JMIR,2025,24
39992700,JMIR,2025,78
40811714,JMIR,2025,26
40138690,JMIR,2025,6
40537089,JMIR,2025,23
40053793,JMIR,2025,17
40561471,JMIR,2025,-1
41135053,JMIR,2025,28
39982763,JMIR,2025,0
40854304,JMIR,2025,-1
40354646,JMIR,2025,-1
41370825,JMIR,2025,66
40085840,JMIR,2025,-1
40179386,JMIR,2025,0
40680235,JMIR,2025,84
40101748,JMIR,2025,14
40882182,JMIR,2025,89
40053725,JMIR,2025,103
41270280,JMIR,2025,-1
40063072,JMIR,2025,49
40367512,JMIR,2025,3
39928942,JMIR,2025,1
40737641,JMIR,2025,26
40053813,JMIR,2025,0
40493390,JMIR,2025,-1
41115250,JMIR,2025,-1
41060023,JMIR,2025,-1
41328480,JMIR,2025,-1
41348933,JMIR,2025,8
40737522,JMIR,2025,-1
40323642,JMIR,2025,82
41115270,JMIR,2025,-1
41172290,JMIR,2025,104
40854236,JMIR,2025,3
40233358,JMIR,2025,14
41071587,JMIR,2025,-1
40534180,JMIR,2025,15
40392581,JMIR,2025,105
40561473,JMIR,2025,6
39993304,JMIR,2025,89
39869893,JMIR,2025,0
39946170,JMIR,2025,0
40228240,JMIR,2025,-1
40460318,JMIR,2025,-1
40138680,JMIR,2025,82
39869894,JMIR,2025,6
39890098,JMIR,2025,1
41021272,JMIR,2025,14
40466105,JMIR,2025,6
40053718,JMIR,2025,-1
41166565,JMIR,2025,1
40324167,JMIR,2025,-1
40099801,JMIR,2025,1
40493513,JMIR,2025,52
40778840,JMIR,2025,1
41359934,JMIR,2025,-1
39951717,JMIR,2025,0
40561496,JMIR,2025,-1
40882618,JMIR,2025,0
40403297,JMIR,2025,8
40403294,JMIR,2025,-1
40854181,JMIR,2025,-1
40587851,JMIR,2025,1
41160843,JMIR,2025,11
39965778,JMIR,2025,26
40577044,JMIR,2025,-1
40209213,JMIR,2025,14
40053766,JMIR,2025,1
40601921,JMIR,2025,61
41284986,JMIR,2025,-1
40513001,JMIR,2025,1
40779791,JMIR,2025,6
40939123,JMIR,2025,7
41105866,JMIR,2025,52
41187317,JMIR,2025,1
40009841,JMIR,2025,41
40903000,JMIR,2025,90
40053817,JMIR,2025,-1
40053755,JMIR,2025,-1
40127430,JMIR,2025,6
41397246,JMIR,2025,1
41313804,JMIR,2025,14
39786841,JMIR,2025,-1
40663793,JMIR,2025,-1
40839789,JMIR,2025,1
41092387,JMIR,2025,11
40173444,JMIR,2025,6
40937544,JMIR,2025,1
41259813,JMIR,2025,-1
39819975,JMIR,2025,-1
40194269,JMIR,2025,-1
40911841,JMIR,2025,3
40138684,JMIR,2025,1
40900618,JMIR,2025,6
40855679,JMIR,2025,6
40680189,JMIR,2025,25
39808479,JMIR,2025,105
41043132,JMIR,2025,1
40127434,JMIR,2025,-1
41468574,JMIR,2025,-1
40779759,JMIR,2025,23
41043146,JMIR,2025,1
41086432,JMIR,2025,3
40825233,JMIR,2025,-1
39753217,JMIR,2025,4
40967620,JMIR,2025,-1
41129817,JMIR,2025,0
40053779,JMIR,2025,-1
41370790,JMIR,2025,65
41417575,JMIR,2025,-1
40601922,JMIR,2025,1
39778195,JMIR,2025,-1
39778200,JMIR,2025,1
40844818,JMIR,2025,1
40137051,JMIR,2025,0
40694409,JMIR,2025,1
41406469,JMIR,2025,1
40971544,JMIR,2025,28
40811480,JMIR,2025,27
41309108,JMIR,2025,25
41091545,JMIR,2025,30
39869899,JMIR,2025,72
40459919,JMIR,2025,0
40258598,JMIR,2025,26
41118664,JMIR,2025,1
39854703,JMIR,2025,14
41270261,JMIR,2025,6
40344662,JMIR,2025,14
40397926,JMIR,2025,61
39804697,JMIR,2025,-1
40587895,JMIR,2025,26
40279644,JMIR,2025,-1
40132181,JMIR,2025,10
41134968,JMIR,2025,26
40392590,JMIR,2025,-1
40299494,JMIR,2025,-1
40100249,JMIR,2025,5
41328522,JMIR,2025,0
39889300,JMIR,2025,-1
39787599,JMIR,2025,-1
40053754,JMIR,2025,6
40267476,JMIR,2025,4
40737673,JMIR,2025,-1
40373305,JMIR,2025,-1
40053790,JMIR,2025,42
41359952,JMIR,2025,-1
40338636,JMIR,2025,-1
40504604,JMIR,2025,-1
40446289,JMIR,2025,40
39965203,JMIR,2025,-1
40324164,JMIR,2025,-1
39913913,JMIR,2025,41
41248495,JMIR,2025,52
41218199,JMIR,2025,23
40699894,JMIR,2025,1
40106800,JMIR,2025,86
41042984,JMIR,2025,-1
41268967,JMIR,2025,-1
41092077,JMIR,2025,61
40789146,JMIR,2025,92
40072485,JMIR,2025,27
40063932,JMIR,2025,92
40138688,JMIR,2025,7
40202781,JMIR,2025,-1
40690758,JMIR,2025,8
40126552,JMIR,2025,0
40245400,JMIR,2025,0
40744489,JMIR,2025,0
40294410,JMIR,2025,66
40106816,JMIR,2025,-1
40424619,JMIR,2025,68
39773548,JMIR,2025,86
39928933,JMIR,2025,1
41118643,JMIR,2025,23
40053740,JMIR,2025,56
40053769,JMIR,2025,105
39813672,JMIR,2025,-1
40198108,JMIR,2025,-1
39903508,JMIR,2025,-1
40900638,JMIR,2025,76
40435494,JMIR,2025,89
40396216,JMIR,2025,23
40864894,JMIR,2025,14
40478616,JMIR,2025,14
40644691,JMIR,2025,-1
40392587,JMIR,2025,23
40512996,JMIR,2025,1
40465566,JMIR,2025,26
39888663,JMIR,2025,6
41183242,JMIR,2025,52
40720811,JMIR,2025,6
40446288,JMIR,2025,21
40009438,JMIR,2025,21
40815841,JMIR,2025,26
40553514,JMIR,2025,0
41026980,JMIR,2025,3
39965201,JMIR,2025,1
40354111,JMIR,2025,-1
41264861,JMIR,2025,21
41187328,JMIR,2025,-1
33335250,npjDigitalMed,2020,0
33311567,npjDigitalMed,2020,68
33303889,npjDigitalMed,2020,-1
33293570,npjDigitalMed,2020,4
33299090,npjDigitalMed,2020,0
33299095,npjDigitalMed,2020,0
33299133,npjDigitalMed,2020,11
33299106,npjDigitalMed,2020,-1
33299098,npjDigitalMed,2020,11
33299072,npjDigitalMed,2020,1
33299056,npjDigitalMed,2020,46
33299116,npjDigitalMed,2020,31
33299051,npjDigitalMed,2020,11
33299137,npjDigitalMed,2020,-1
33299100,npjDigitalMed,2020,42
33299071,npjDigitalMed,2020,0
33145441,npjDigitalMed,2020,-1
33145440,npjDigitalMed,2020,-1
33145439,npjDigitalMed,2020,4
33145438,npjDigitalMed,2020,-1
33145437,npjDigitalMed,2020,51
33134557,npjDigitalMed,2020,-1
33134556,npjDigitalMed,2020,-1
33102789,npjDigitalMed,2020,23
33102788,npjDigitalMed,2020,7
33083571,npjDigitalMed,2020,-1
33083570,npjDigitalMed,2020,-1
33083569,npjDigitalMed,2020,8
33083568,npjDigitalMed,2020,6
33083567,npjDigitalMed,2020,7
33083566,npjDigitalMed,2020,31
33083565,npjDigitalMed,2020,0
33083564,npjDigitalMed,2020,0
33083563,npjDigitalMed,2020,0
33083562,npjDigitalMed,2020,7
33043150,npjDigitalMed,2020,8
33043149,npjDigitalMed,2020,27
33043148,npjDigitalMed,2020,6
33043147,npjDigitalMed,2020,4
33024831,npjDigitalMed,2020,7
33015373,npjDigitalMed,2020,17
33015374,npjDigitalMed,2020,0
33015372,npjDigitalMed,2020,36
32984550,npjDigitalMed,2020,8
32964140,npjDigitalMed,2020,14
32964139,npjDigitalMed,2020,13
32964138,npjDigitalMed,2020,32
32923690,npjDigitalMed,2020,-1
32923691,npjDigitalMed,2020,0
32904507,npjDigitalMed,2020,4
32904379,npjDigitalMed,2020,68
32904246,npjDigitalMed,2020,4
32885053,npjDigitalMed,2020,8
32885052,npjDigitalMed,2020,31
32864472,npjDigitalMed,2020,0
32864471,npjDigitalMed,2020,-1
32818154,npjDigitalMed,2020,11
32802969,npjDigitalMed,2020,-1
32802968,npjDigitalMed,2020,-1
32821856,npjDigitalMed,2020,68
32821855,npjDigitalMed,2020,83
32821854,npjDigitalMed,2020,48
32793812,npjDigitalMed,2020,11
32793811,npjDigitalMed,2020,51
32715091,npjDigitalMed,2020,15
32699826,npjDigitalMed,2020,5
32695885,npjDigitalMed,2020,0
32685700,npjDigitalMed,2020,68
32665978,npjDigitalMed,2020,-1
32665977,npjDigitalMed,2020,61
32637656,npjDigitalMed,2020,11
32613085,npjDigitalMed,2020,61
32613084,npjDigitalMed,2020,-1
32596513,npjDigitalMed,2020,20
32577534,npjDigitalMed,2020,-1
32577533,npjDigitalMed,2020,-1
32566763,npjDigitalMed,2020,6
32550652,npjDigitalMed,2020,75
32550644,npjDigitalMed,2020,-1
32529044,npjDigitalMed,2020,0
32529043,npjDigitalMed,2020,48
32529042,npjDigitalMed,2020,7
32509976,npjDigitalMed,2020,-1
32509975,npjDigitalMed,2020,71
32509974,npjDigitalMed,2020,33
32509973,npjDigitalMed,2020,-1
32509972,npjDigitalMed,2020,26
32509971,npjDigitalMed,2020,83
32435701,npjDigitalMed,2020,63
32435700,npjDigitalMed,2020,52
32435699,npjDigitalMed,2020,25
32435698,npjDigitalMed,2020,32
32435697,npjDigitalMed,2020,-1
32411829,npjDigitalMed,2020,68
32411828,npjDigitalMed,2020,40
32411827,npjDigitalMed,2020,84
32377576,npjDigitalMed,2020,0
32377575,npjDigitalMed,2020,0
32377574,npjDigitalMed,2020,22
32377573,npjDigitalMed,2020,61
32352039,npjDigitalMed,2020,32
32352038,npjDigitalMed,2020,-1
32352037,npjDigitalMed,2020,85
32352036,npjDigitalMed,2020,-1
32337372,npjDigitalMed,2020,18
32337371,npjDigitalMed,2020,-1
32285015,npjDigitalMed,2020,11
32285014,npjDigitalMed,2020,43
32285013,npjDigitalMed,2020,8
32285012,npjDigitalMed,2020,97
32285011,npjDigitalMed,2020,68
32258432,npjDigitalMed,2020,11
32258431,npjDigitalMed,2020,61
32258430,npjDigitalMed,2020,4
32258429,npjDigitalMed,2020,8
32258428,npjDigitalMed,2020,-1
32219186,npjDigitalMed,2020,15
32219185,npjDigitalMed,2020,0
32219184,npjDigitalMed,2020,15
32219183,npjDigitalMed,2020,31
32219182,npjDigitalMed,2020,101
32219181,npjDigitalMed,2020,4
32219180,npjDigitalMed,2020,15
32195373,npjDigitalMed,2020,-1
32195372,npjDigitalMed,2020,-1
32195371,npjDigitalMed,2020,15
32195370,npjDigitalMed,2020,105
32195368,npjDigitalMed,2020,-1
32195369,npjDigitalMed,2020,17
32195367,npjDigitalMed,2020,-1
32195366,npjDigitalMed,2020,22
32195365,npjDigitalMed,2020,-1
32195364,npjDigitalMed,2020,-1
32195363,npjDigitalMed,2020,-1
32195362,npjDigitalMed,2020,15
32140569,npjDigitalMed,2020,-1
32140568,npjDigitalMed,2020,69
32140567,npjDigitalMed,2020,-1
32140566,npjDigitalMed,2020,22
32133423,npjDigitalMed,2020,-1
32128451,npjDigitalMed,2020,-1
32128450,npjDigitalMed,2020,82
32128449,npjDigitalMed,2020,-1
32047863,npjDigitalMed,2020,-1
32047862,npjDigitalMed,2020,2
32047861,npjDigitalMed,2020,92
32047860,npjDigitalMed,2020,-1
32025575,npjDigitalMed,2020,-1
32025574,npjDigitalMed,2020,101
32025573,npjDigitalMed,2020,-1
32025572,npjDigitalMed,2020,52
31993508,npjDigitalMed,2020,43
31993507,npjDigitalMed,2020,46
31993506,npjDigitalMed,2020,-1
31993505,npjDigitalMed,2020,-1
31970291,npjDigitalMed,2020,7
31970290,npjDigitalMed,2020,7
31970289,npjDigitalMed,2020,83
31934647,npjDigitalMed,2020,13
31934646,npjDigitalMed,2020,52
31934645,npjDigitalMed,2020,38
34934140,npjDigitalMed,2021,33
34931013,npjDigitalMed,2021,15
34931012,npjDigitalMed,2021,40
34912043,npjDigitalMed,2021,24
34887491,npjDigitalMed,2021,-1
34880410,npjDigitalMed,2021,-1
34880366,npjDigitalMed,2021,0
34862449,npjDigitalMed,2021,14
34857868,npjDigitalMed,2021,7
34848798,npjDigitalMed,2021,-1
34815538,npjDigitalMed,2021,61
34811479,npjDigitalMed,2021,22
34795398,npjDigitalMed,2021,-1
34795356,npjDigitalMed,2021,0
34782696,npjDigitalMed,2021,-1
34773071,npjDigitalMed,2021,-1
34764446,npjDigitalMed,2021,-1
34750499,npjDigitalMed,2021,0
34711955,npjDigitalMed,2021,8
34711924,npjDigitalMed,2021,-1
34707226,npjDigitalMed,2021,5
34707199,npjDigitalMed,2021,0
34671068,npjDigitalMed,2021,-1
34663863,npjDigitalMed,2021,93
34650191,npjDigitalMed,2021,7
34635760,npjDigitalMed,2021,-1
34625656,npjDigitalMed,2021,0
34620993,npjDigitalMed,2021,22
34611287,npjDigitalMed,2021,14
34599270,npjDigitalMed,2021,-1
34593972,npjDigitalMed,2021,31
34561528,npjDigitalMed,2021,42
34548621,npjDigitalMed,2021,8
34535755,npjDigitalMed,2021,14
34526643,npjDigitalMed,2021,31
34526639,npjDigitalMed,2021,43
34526602,npjDigitalMed,2021,51
34521985,npjDigitalMed,2021,11
34504281,npjDigitalMed,2021,50
34504260,npjDigitalMed,2021,41
34493819,npjDigitalMed,2021,-1
34493770,npjDigitalMed,2021,36
34489519,npjDigitalMed,2021,-1
34480109,npjDigitalMed,2021,7
34433875,npjDigitalMed,2021,6
34426629,npjDigitalMed,2021,-1
34417518,npjDigitalMed,2021,-1
34404895,npjDigitalMed,2021,17
34400751,npjDigitalMed,2021,0
34389787,npjDigitalMed,2021,0
34381160,npjDigitalMed,2021,89
34381148,npjDigitalMed,2021,40
34376797,npjDigitalMed,2021,17
34376781,npjDigitalMed,2021,-1
34315995,npjDigitalMed,2021,-1
34315980,npjDigitalMed,2021,0
34302027,npjDigitalMed,2021,20
34294852,npjDigitalMed,2021,14
34285316,npjDigitalMed,2021,0
34272478,npjDigitalMed,2021,11
34267312,npjDigitalMed,2021,0
34267296,npjDigitalMed,2021,83
34262117,npjDigitalMed,2021,0
34262114,npjDigitalMed,2021,33
34262112,npjDigitalMed,2021,-1
34215836,npjDigitalMed,2021,32
34215828,npjDigitalMed,2021,-1
34211109,npjDigitalMed,2021,-1
34211108,npjDigitalMed,2021,-1
34211104,npjDigitalMed,2021,4
34211085,npjDigitalMed,2021,-1
34193959,npjDigitalMed,2021,1
34168269,npjDigitalMed,2021,-1
34127786,npjDigitalMed,2021,-1
34127777,npjDigitalMed,2021,22
34112939,npjDigitalMed,2021,0
34112921,npjDigitalMed,2021,-1
34088961,npjDigitalMed,2021,0
34083743,npjDigitalMed,2021,24
34083734,npjDigitalMed,2021,0
34083724,npjDigitalMed,2021,51
34083689,npjDigitalMed,2021,3
34079049,npjDigitalMed,2021,33
34079043,npjDigitalMed,2021,15
34075194,npjDigitalMed,2021,4
34021235,npjDigitalMed,2021,0
34017034,npjDigitalMed,2021,5
33990692,npjDigitalMed,2021,51
33990682,npjDigitalMed,2021,8
33990671,npjDigitalMed,2021,83
33990663,npjDigitalMed,2021,40
33986465,npjDigitalMed,2021,0
33980980,npjDigitalMed,2021,0
33972676,npjDigitalMed,2021,-1
33963275,npjDigitalMed,2021,-1
33958680,npjDigitalMed,2021,73
33911176,npjDigitalMed,2021,15
33888856,npjDigitalMed,2021,0
33879844,npjDigitalMed,2021,105
33875798,npjDigitalMed,2021,25
33864009,npjDigitalMed,2021,92
33859353,npjDigitalMed,2021,31
33850243,npjDigitalMed,2021,20
33846548,npjDigitalMed,2021,0
33846532,npjDigitalMed,2021,0
33833388,npjDigitalMed,2021,0
33828217,npjDigitalMed,2021,-1
33824428,npjDigitalMed,2021,0
33824407,npjDigitalMed,2021,-1
33824406,npjDigitalMed,2021,-1
33785839,npjDigitalMed,2021,-1
33782526,npjDigitalMed,2021,0
33772095,npjDigitalMed,2021,6
33772087,npjDigitalMed,2021,0
33772070,npjDigitalMed,2021,72
33767377,npjDigitalMed,2021,0
33767336,npjDigitalMed,2021,1
33762672,npjDigitalMed,2021,11
33742085,npjDigitalMed,2021,8
33742069,npjDigitalMed,2021,7
33731887,npjDigitalMed,2021,17
33727636,npjDigitalMed,2021,0
33712693,npjDigitalMed,2021,0
33712676,npjDigitalMed,2021,0
33707736,npjDigitalMed,2021,15
33707616,npjDigitalMed,2021,4
33692488,npjDigitalMed,2021,83
33692479,npjDigitalMed,2021,-1
33686212,npjDigitalMed,2021,4
33674717,npjDigitalMed,2021,-1
33658681,npjDigitalMed,2021,-1
33658610,npjDigitalMed,2021,15
33637859,npjDigitalMed,2021,60
33637842,npjDigitalMed,2021,51
33637833,npjDigitalMed,2021,0
33637822,npjDigitalMed,2021,51
33627777,npjDigitalMed,2021,7
33627748,npjDigitalMed,2021,92
33623135,npjDigitalMed,2021,86
33619361,npjDigitalMed,2021,-1
33608661,npjDigitalMed,2021,-1
33608660,npjDigitalMed,2021,0
33608629,npjDigitalMed,2021,8
33603193,npjDigitalMed,2021,0
33603132,npjDigitalMed,2021,15
33594206,npjDigitalMed,2021,-1
33589706,npjDigitalMed,2021,-1
33589700,npjDigitalMed,2021,32
33580109,npjDigitalMed,2021,27
33574582,npjDigitalMed,2021,0
33574573,npjDigitalMed,2021,6
33574500,npjDigitalMed,2021,66
33574473,npjDigitalMed,2021,1
33564102,npjDigitalMed,2021,0
33564061,npjDigitalMed,2021,0
33558625,npjDigitalMed,2021,26
33558607,npjDigitalMed,2021,0
33542473,npjDigitalMed,2021,0
33531613,npjDigitalMed,2021,25
33514862,npjDigitalMed,2021,32
33514852,npjDigitalMed,2021,0
33514805,npjDigitalMed,2021,0
33479460,npjDigitalMed,2021,39
33446891,npjDigitalMed,2021,0
33420420,npjDigitalMed,2021,0
33420381,npjDigitalMed,2021,-1
33420341,npjDigitalMed,2021,50
33420338,npjDigitalMed,2021,-1
33402680,npjDigitalMed,2021,-1
33398052,npjDigitalMed,2021,28
33398041,npjDigitalMed,2021,-1
33398013,npjDigitalMed,2021,0
36577851,npjDigitalMed,2022,48
36577809,npjDigitalMed,2022,11
36572707,npjDigitalMed,2022,-1
36572766,npjDigitalMed,2022,3
36566288,npjDigitalMed,2022,68
36564550,npjDigitalMed,2022,-1
36813918,npjDigitalMed,2022,-1
36564452,npjDigitalMed,2022,-1
36550288,npjDigitalMed,2022,80
36550271,npjDigitalMed,2022,43
36550203,npjDigitalMed,2022,88
36544046,npjDigitalMed,2022,18
36543920,npjDigitalMed,2022,78
36539473,npjDigitalMed,2022,63
36536039,npjDigitalMed,2022,63
36526692,npjDigitalMed,2022,0
36517582,npjDigitalMed,2022,15
36513808,npjDigitalMed,2022,0
36513770,npjDigitalMed,2022,53
36513729,npjDigitalMed,2022,-1
36463327,npjDigitalMed,2022,60
36460766,npjDigitalMed,2022,-1
36424463,npjDigitalMed,2022,6
36400939,npjDigitalMed,2022,-1
36396808,npjDigitalMed,2022,-1
36380011,npjDigitalMed,2022,8
36352062,npjDigitalMed,2022,-1
36344814,npjDigitalMed,2022,-1
36333514,npjDigitalMed,2022,-1
36333390,npjDigitalMed,2022,48
36329099,npjDigitalMed,2022,80
36329127,npjDigitalMed,2022,-1
36323795,npjDigitalMed,2022,49
36323769,npjDigitalMed,2022,0
36307547,npjDigitalMed,2022,0
36307544,npjDigitalMed,2022,88
36307479,npjDigitalMed,2022,8
36280681,npjDigitalMed,2022,49
36273236,npjDigitalMed,2022,60
36271138,npjDigitalMed,2022,-1
36261469,npjDigitalMed,2022,-1
36261607,npjDigitalMed,2022,-1
36261476,npjDigitalMed,2022,-1
36253530,npjDigitalMed,2022,0
36229593,npjDigitalMed,2022,0
36180724,npjDigitalMed,2022,48
36168038,npjDigitalMed,2022,-1
36138125,npjDigitalMed,2022,65
36127420,npjDigitalMed,2022,86
36127417,npjDigitalMed,2022,-1
36123384,npjDigitalMed,2022,-1
36123367,npjDigitalMed,2022,-1
36109594,npjDigitalMed,2022,103
36109583,npjDigitalMed,2022,6
36104535,npjDigitalMed,2022,8
36104486,npjDigitalMed,2022,50
36085350,npjDigitalMed,2022,7
36085312,npjDigitalMed,2022,0
36085306,npjDigitalMed,2022,6
36085158,npjDigitalMed,2022,0
36076010,npjDigitalMed,2022,-1
36071209,npjDigitalMed,2022,11
36068290,npjDigitalMed,2022,11
36065060,npjDigitalMed,2022,7
36057688,npjDigitalMed,2022,15
36056245,npjDigitalMed,2022,26
36056190,npjDigitalMed,2022,-1
36050460,npjDigitalMed,2022,63
36050372,npjDigitalMed,2022,0
36038708,npjDigitalMed,2022,-1
36038614,npjDigitalMed,2022,-1
36028526,npjDigitalMed,2022,65
35999467,npjDigitalMed,2022,32
35999451,npjDigitalMed,2022,-1
35995825,npjDigitalMed,2022,66
35986075,npjDigitalMed,2022,42
35986059,npjDigitalMed,2022,0
35986056,npjDigitalMed,2022,68
35982146,npjDigitalMed,2022,17
35977992,npjDigitalMed,2022,-1
35974156,npjDigitalMed,2022,15
35974135,npjDigitalMed,2022,11
35974092,npjDigitalMed,2022,24
35974062,npjDigitalMed,2022,0
35948612,npjDigitalMed,2022,8
35948579,npjDigitalMed,2022,-1
35941355,npjDigitalMed,2022,33
35933478,npjDigitalMed,2022,47
35927426,npjDigitalMed,2022,67
35922663,npjDigitalMed,2022,-1
35908091,npjDigitalMed,2022,32
35896817,npjDigitalMed,2022,5
35896726,npjDigitalMed,2022,4
35882903,npjDigitalMed,2022,24
35869179,npjDigitalMed,2022,22
35869169,npjDigitalMed,2022,31
35864312,npjDigitalMed,2022,-1
35854145,npjDigitalMed,2022,-1
35854120,npjDigitalMed,2022,41
35853995,npjDigitalMed,2022,-1
35853936,npjDigitalMed,2022,-1
35851859,npjDigitalMed,2022,7
35851612,npjDigitalMed,2022,-1
35842519,npjDigitalMed,2022,0
35840653,npjDigitalMed,2022,7
35821515,npjDigitalMed,2022,-1
35821064,npjDigitalMed,2022,-1
35817953,npjDigitalMed,2022,49
35817846,npjDigitalMed,2022,10
35817798,npjDigitalMed,2022,-1
35798934,npjDigitalMed,2022,69
35794240,npjDigitalMed,2022,80
35788693,npjDigitalMed,2022,35
35773468,npjDigitalMed,2022,63
35773329,npjDigitalMed,2022,0
35768575,npjDigitalMed,2022,4
35768548,npjDigitalMed,2022,0
35768544,npjDigitalMed,2022,-1
35764796,npjDigitalMed,2022,-1
35760819,npjDigitalMed,2022,33
35701668,npjDigitalMed,2022,36
35701544,npjDigitalMed,2022,5
35701537,npjDigitalMed,2022,0
35697864,npjDigitalMed,2022,7
35697747,npjDigitalMed,2022,0
35681002,npjDigitalMed,2022,8
35676451,npjDigitalMed,2022,-1
35676445,npjDigitalMed,2022,-1
35672368,npjDigitalMed,2022,-1
35668134,npjDigitalMed,2022,27
35654885,npjDigitalMed,2022,-1
35641814,npjDigitalMed,2022,8
35606508,npjDigitalMed,2022,7
35595986,npjDigitalMed,2022,8
35595830,npjDigitalMed,2022,65
35551275,npjDigitalMed,2022,89
35545663,npjDigitalMed,2022,68
35545657,npjDigitalMed,2022,14
35538215,npjDigitalMed,2022,0
35513550,npjDigitalMed,2022,69
35513479,npjDigitalMed,2022,-1
35477979,npjDigitalMed,2022,39
35473961,npjDigitalMed,2022,88
35469045,npjDigitalMed,2022,-1
35462562,npjDigitalMed,2022,11
35459899,npjDigitalMed,2022,0
35459793,npjDigitalMed,2022,-1
35444260,npjDigitalMed,2022,24
35440684,npjDigitalMed,2022,0
35414651,npjDigitalMed,2022,30
35413988,npjDigitalMed,2022,-1
35396454,npjDigitalMed,2022,-1
35396451,npjDigitalMed,2022,15
35396385,npjDigitalMed,2022,7
35379946,npjDigitalMed,2022,46
35361861,npjDigitalMed,2022,-1
35354937,npjDigitalMed,2022,0
35354895,npjDigitalMed,2022,-1
35347222,npjDigitalMed,2022,11
35338248,npjDigitalMed,2022,15
35338241,npjDigitalMed,2022,-1
35338234,npjDigitalMed,2022,68
35322172,npjDigitalMed,2022,-1
35318443,npjDigitalMed,2022,11
35314766,npjDigitalMed,2022,-1
35304579,npjDigitalMed,2022,7
35304561,npjDigitalMed,2022,-1
35277577,npjDigitalMed,2022,14
35260765,npjDigitalMed,2022,-1
35260762,npjDigitalMed,2022,0
35260761,npjDigitalMed,2022,-1
35256730,npjDigitalMed,2022,51
35241790,npjDigitalMed,2022,8
35241760,npjDigitalMed,2022,88
35236921,npjDigitalMed,2022,4
35177772,npjDigitalMed,2022,52
35173263,npjDigitalMed,2022,11
35169217,npjDigitalMed,2022,-1
35165389,npjDigitalMed,2022,0
35149754,npjDigitalMed,2022,0
35145211,npjDigitalMed,2022,11
35091662,npjDigitalMed,2022,0
35087182,npjDigitalMed,2022,71
35087180,npjDigitalMed,2022,72
35087178,npjDigitalMed,2022,-1
35087172,npjDigitalMed,2022,-1
35087160,npjDigitalMed,2022,17
35064182,npjDigitalMed,2022,-1
35058541,npjDigitalMed,2022,0
35046493,npjDigitalMed,2022,-1
35046489,npjDigitalMed,2022,43
35039624,npjDigitalMed,2022,-1
35031687,npjDigitalMed,2022,0
35027658,npjDigitalMed,2022,51
35017634,npjDigitalMed,2022,15
35013569,npjDigitalMed,2022,-1
35013539,npjDigitalMed,2022,0
38135699,npjDigitalMed,2023,0
38129571,npjDigitalMed,2023,15
38123810,npjDigitalMed,2023,61
38114611,npjDigitalMed,2023,84
38114588,npjDigitalMed,2023,52
38110486,npjDigitalMed,2023,-1
38104213,npjDigitalMed,2023,-1
38102323,npjDigitalMed,2023,104
38097771,npjDigitalMed,2023,51
38097719,npjDigitalMed,2023,11
38087028,npjDigitalMed,2023,13
38062115,npjDigitalMed,2023,26
38062079,npjDigitalMed,2023,7
38042919,npjDigitalMed,2023,-1
38042910,npjDigitalMed,2023,3
38036723,npjDigitalMed,2023,-1
38017184,npjDigitalMed,2023,67
38017114,npjDigitalMed,2023,7
38012349,npjDigitalMed,2023,-1
38012221,npjDigitalMed,2023,-1
38012218,npjDigitalMed,2023,-1
38007604,npjDigitalMed,2023,8
38007554,npjDigitalMed,2023,-1
38001287,npjDigitalMed,2023,33
38001154,npjDigitalMed,2023,5
37993540,npjDigitalMed,2023,-1
37990139,npjDigitalMed,2023,90
37990134,npjDigitalMed,2023,71
37978250,npjDigitalMed,2023,-1
37973919,npjDigitalMed,2023,3
37973817,npjDigitalMed,2023,-1
37968567,npjDigitalMed,2023,-1
37968446,npjDigitalMed,2023,-1
37935953,npjDigitalMed,2023,-1
37935901,npjDigitalMed,2023,-1
37925578,npjDigitalMed,2023,42
37919418,npjDigitalMed,2023,17
37903857,npjDigitalMed,2023,6
37898711,npjDigitalMed,2023,43
37884680,npjDigitalMed,2023,14
37884599,npjDigitalMed,2023,47
37880375,npjDigitalMed,2023,34
37880301,npjDigitalMed,2023,27
37864012,npjDigitalMed,2023,3
37857813,npjDigitalMed,2023,-1
37848681,npjDigitalMed,2023,14
37848531,npjDigitalMed,2023,7
37845275,npjDigitalMed,2023,4
37833395,npjDigitalMed,2023,-1
37828119,npjDigitalMed,2023,48
37821584,npjDigitalMed,2023,-1
37816899,npjDigitalMed,2023,82
37816886,npjDigitalMed,2023,-1
37813960,npjDigitalMed,2023,42
37803209,npjDigitalMed,2023,8
37794054,npjDigitalMed,2023,-1
37775624,npjDigitalMed,2023,34
37775533,npjDigitalMed,2023,-1
37775522,npjDigitalMed,2023,-1
37770643,npjDigitalMed,2023,-1
37758829,npjDigitalMed,2023,39
37752327,npjDigitalMed,2023,90
37752181,npjDigitalMed,2023,-1
37749387,npjDigitalMed,2023,14
37749239,npjDigitalMed,2023,-1
37730764,npjDigitalMed,2023,0
37723240,npjDigitalMed,2023,21
37723237,npjDigitalMed,2023,0
37709945,npjDigitalMed,2023,48
37709933,npjDigitalMed,2023,-1
37700032,npjDigitalMed,2023,43
37700029,npjDigitalMed,2023,48
37696899,npjDigitalMed,2023,4
37673955,npjDigitalMed,2023,39
37673925,npjDigitalMed,2023,8
37670135,npjDigitalMed,2023,31
37658233,npjDigitalMed,2023,49
37658119,npjDigitalMed,2023,8
37644090,npjDigitalMed,2023,-1
37626155,npjDigitalMed,2023,-1
37620423,npjDigitalMed,2023,3
37620411,npjDigitalMed,2023,26
37612472,npjDigitalMed,2023,30
37608206,npjDigitalMed,2023,7
37604980,npjDigitalMed,2023,-1
37604895,npjDigitalMed,2023,-1
37598255,npjDigitalMed,2023,-1
37598232,npjDigitalMed,2023,-1
37596488,npjDigitalMed,2023,14
37596324,npjDigitalMed,2023,39
37591989,npjDigitalMed,2023,-1
37587211,npjDigitalMed,2023,-1
37582856,npjDigitalMed,2023,39
37582839,npjDigitalMed,2023,-1
37580595,npjDigitalMed,2023,-1
37580410,npjDigitalMed,2023,-1
37573426,npjDigitalMed,2023,34
37568050,npjDigitalMed,2023,4
37567968,npjDigitalMed,2023,42
37567949,npjDigitalMed,2023,-1
37563201,npjDigitalMed,2023,68
37553423,npjDigitalMed,2023,-1
37543707,npjDigitalMed,2023,-1
37524859,npjDigitalMed,2023,27
37516790,npjDigitalMed,2023,-1
37500721,npjDigitalMed,2023,-1
37491469,npjDigitalMed,2023,53
37479735,npjDigitalMed,2023,20
37468605,npjDigitalMed,2023,69
37468526,npjDigitalMed,2023,-1
37443276,npjDigitalMed,2023,69
37438476,npjDigitalMed,2023,39
37438435,npjDigitalMed,2023,-1
37433964,npjDigitalMed,2023,11
37433963,npjDigitalMed,2023,78
37433874,npjDigitalMed,2023,43
37433859,npjDigitalMed,2023,15
37422507,npjDigitalMed,2023,6
37420107,npjDigitalMed,2023,82
37414860,npjDigitalMed,2023,-1
37407729,npjDigitalMed,2023,102
37353578,npjDigitalMed,2023,52
37353531,npjDigitalMed,2023,8
37344684,npjDigitalMed,2023,-1
37344556,npjDigitalMed,2023,83
37330576,npjDigitalMed,2023,4
37311802,npjDigitalMed,2023,48
37311940,npjDigitalMed,2023,4
37301946,npjDigitalMed,2023,8
37296218,npjDigitalMed,2023,80
37280429,npjDigitalMed,2023,11
37280346,npjDigitalMed,2023,13
37277550,npjDigitalMed,2023,-1
37277525,npjDigitalMed,2023,6
37268734,npjDigitalMed,2023,-1
37268730,npjDigitalMed,2023,13
37258851,npjDigitalMed,2023,-1
37258643,npjDigitalMed,2023,15
37258642,npjDigitalMed,2023,88
37248317,npjDigitalMed,2023,69
37248288,npjDigitalMed,2023,-1
37244963,npjDigitalMed,2023,42
37237022,npjDigitalMed,2023,17
37231110,npjDigitalMed,2023,0
37221303,npjDigitalMed,2023,26
37217779,npjDigitalMed,2023,-1
37217691,npjDigitalMed,2023,-1
37217650,npjDigitalMed,2023,80
37210466,npjDigitalMed,2023,39
37210430,npjDigitalMed,2023,-1
37208468,npjDigitalMed,2023,59
37202443,npjDigitalMed,2023,68
37160996,npjDigitalMed,2023,89
37149704,npjDigitalMed,2023,101
37147462,npjDigitalMed,2023,-1
37147384,npjDigitalMed,2023,15
37127660,npjDigitalMed,2023,-1
37120594,npjDigitalMed,2023,42
37120493,npjDigitalMed,2023,15
37120423,npjDigitalMed,2023,-1
37117458,npjDigitalMed,2023,-1
37106034,npjDigitalMed,2023,-1
37100953,npjDigitalMed,2023,-1
37100924,npjDigitalMed,2023,-1
37100893,npjDigitalMed,2023,15
37100871,npjDigitalMed,2023,-1
37100860,npjDigitalMed,2023,8
37100858,npjDigitalMed,2023,5
37186002,npjDigitalMed,2023,11
37087520,npjDigitalMed,2023,-1
37069432,npjDigitalMed,2023,-1
37069209,npjDigitalMed,2023,80
37055503,npjDigitalMed,2023,14
37055473,npjDigitalMed,2023,-1
37046040,npjDigitalMed,2023,6
37045949,npjDigitalMed,2023,63
37031281,npjDigitalMed,2023,-1
37031252,npjDigitalMed,2023,32
37029272,npjDigitalMed,2023,34
37016152,npjDigitalMed,2023,-1
36997642,npjDigitalMed,2023,88
36997608,npjDigitalMed,2023,80
36991144,npjDigitalMed,2023,-1
36991115,npjDigitalMed,2023,-1
36991116,npjDigitalMed,2023,68
36991077,npjDigitalMed,2023,48
36973403,npjDigitalMed,2023,4
36966184,npjDigitalMed,2023,6
36964203,npjDigitalMed,2023,31
36964179,npjDigitalMed,2023,78
36959382,npjDigitalMed,2023,15
36959268,npjDigitalMed,2023,71
36959234,npjDigitalMed,2023,25
36934194,npjDigitalMed,2023,7
36932167,npjDigitalMed,2023,11
36932150,npjDigitalMed,2023,13
36927996,npjDigitalMed,2023,7
36918730,npjDigitalMed,2023,63
36918625,npjDigitalMed,2023,13
36914728,npjDigitalMed,2023,-1
36914699,npjDigitalMed,2023,33
36899082,npjDigitalMed,2023,42
36899073,npjDigitalMed,2023,68
36894653,npjDigitalMed,2023,-1
36882633,npjDigitalMed,2023,66
36879025,npjDigitalMed,2023,7
36878957,npjDigitalMed,2023,31
36871119,npjDigitalMed,2023,7
36869222,npjDigitalMed,2023,-1
36854964,npjDigitalMed,2023,-1
36823348,npjDigitalMed,2023,93
36823165,npjDigitalMed,2023,24
36813827,npjDigitalMed,2023,11
36810915,npjDigitalMed,2023,101
36806317,npjDigitalMed,2023,-1
36765123,npjDigitalMed,2023,68
36765093,npjDigitalMed,2023,-1
36750629,npjDigitalMed,2023,-1
36747065,npjDigitalMed,2023,43
36737644,npjDigitalMed,2023,-1
36737642,npjDigitalMed,2023,-1
36737624,npjDigitalMed,2023,7
36737496,npjDigitalMed,2023,60
36737475,npjDigitalMed,2023,69
36732671,npjDigitalMed,2023,4
36732666,npjDigitalMed,2023,-1
36732611,npjDigitalMed,2023,-1
36725977,npjDigitalMed,2023,17
36721023,npjDigitalMed,2023,-1
36702920,npjDigitalMed,2023,6
36702915,npjDigitalMed,2023,-1
36702878,npjDigitalMed,2023,4
36690689,npjDigitalMed,2023,-1
36653524,npjDigitalMed,2023,69
36639725,npjDigitalMed,2023,61
36631665,npjDigitalMed,2023,23
36631555,npjDigitalMed,2023,17
36599913,npjDigitalMed,2023,8
36596833,npjDigitalMed,2023,-1
38448651,npjDigitalMed,2024,11
39562825,npjDigitalMed,2024,-1
39715810,npjDigitalMed,2024,14
38200151,npjDigitalMed,2024,44
39271847,npjDigitalMed,2024,-1
39341983,npjDigitalMed,2024,71
39358559,npjDigitalMed,2024,-1
39521895,npjDigitalMed,2024,-1
39572755,npjDigitalMed,2024,-1
38374424,npjDigitalMed,2024,-1
38693205,npjDigitalMed,2024,4
39613828,npjDigitalMed,2024,6
38570554,npjDigitalMed,2024,3
38926552,npjDigitalMed,2024,7
39702641,npjDigitalMed,2024,3
39702672,npjDigitalMed,2024,69
39604549,npjDigitalMed,2024,3
39367112,npjDigitalMed,2024,89
39349949,npjDigitalMed,2024,-1
38760407,npjDigitalMed,2024,-1
38519626,npjDigitalMed,2024,65
39706895,npjDigitalMed,2024,88
38649447,npjDigitalMed,2024,88
39414999,npjDigitalMed,2024,82
38429418,npjDigitalMed,2024,41
38321131,npjDigitalMed,2024,34
38218738,npjDigitalMed,2024,-1
38937643,npjDigitalMed,2024,-1
39363013,npjDigitalMed,2024,32
38890404,npjDigitalMed,2024,68
38575794,npjDigitalMed,2024,31
39261642,npjDigitalMed,2024,8
39733165,npjDigitalMed,2024,61
39468259,npjDigitalMed,2024,94
38238410,npjDigitalMed,2024,25
39138304,npjDigitalMed,2024,-1
38347090,npjDigitalMed,2024,15
39488652,npjDigitalMed,2024,-1
39375513,npjDigitalMed,2024,4
39147783,npjDigitalMed,2024,6
38216626,npjDigitalMed,2024,11
38253738,npjDigitalMed,2024,7
39025937,npjDigitalMed,2024,-1
39587223,npjDigitalMed,2024,8
39095449,npjDigitalMed,2024,-1
39134787,npjDigitalMed,2024,-1
38509224,npjDigitalMed,2024,42
39284871,npjDigitalMed,2024,89
39695316,npjDigitalMed,2024,3
38862627,npjDigitalMed,2024,88
38702474,npjDigitalMed,2024,6
39557985,npjDigitalMed,2024,-1
39030292,npjDigitalMed,2024,3
39616266,npjDigitalMed,2024,20
38678094,npjDigitalMed,2024,-1
39242829,npjDigitalMed,2024,65
38472270,npjDigitalMed,2024,-1
38493216,npjDigitalMed,2024,0
39075240,npjDigitalMed,2024,47
38609435,npjDigitalMed,2024,11
39427044,npjDigitalMed,2024,25
39632973,npjDigitalMed,2024,-1
39695276,npjDigitalMed,2024,-1
39354049,npjDigitalMed,2024,-1
39242810,npjDigitalMed,2024,102
38429434,npjDigitalMed,2024,15
38263436,npjDigitalMed,2024,-1
39572838,npjDigitalMed,2024,-1
38383884,npjDigitalMed,2024,85
38368445,npjDigitalMed,2024,-1
38879663,npjDigitalMed,2024,11
39068241,npjDigitalMed,2024,-1
39462052,npjDigitalMed,2024,32
39043988,npjDigitalMed,2024,-1
39112566,npjDigitalMed,2024,4
39396094,npjDigitalMed,2024,-1
39277683,npjDigitalMed,2024,-1
39627534,npjDigitalMed,2024,8
39443664,npjDigitalMed,2024,3
38704413,npjDigitalMed,2024,-1
38182738,npjDigitalMed,2024,43
38499793,npjDigitalMed,2024,31
38862589,npjDigitalMed,2024,5
38172429,npjDigitalMed,2024,6
39271955,npjDigitalMed,2024,3
38654102,npjDigitalMed,2024,3
38332257,npjDigitalMed,2024,39
39174736,npjDigitalMed,2024,-1
39658561,npjDigitalMed,2024,27
39354125,npjDigitalMed,2024,68
38253682,npjDigitalMed,2024,-1
39181999,npjDigitalMed,2024,-1
38969786,npjDigitalMed,2024,7
39271938,npjDigitalMed,2024,6
39632966,npjDigitalMed,2024,65
39390236,npjDigitalMed,2024,6
38609447,npjDigitalMed,2024,68
38622284,npjDigitalMed,2024,-1
38762669,npjDigitalMed,2024,4
38977771,npjDigitalMed,2024,3
38866915,npjDigitalMed,2024,11
39511374,npjDigitalMed,2024,63
38413767,npjDigitalMed,2024,21
38212607,npjDigitalMed,2024,4
39341936,npjDigitalMed,2024,-1
38702471,npjDigitalMed,2024,4
39284923,npjDigitalMed,2024,-1
38909083,npjDigitalMed,2024,62
38971902,npjDigitalMed,2024,4
38448743,npjDigitalMed,2024,8
38594477,npjDigitalMed,2024,8
39521935,npjDigitalMed,2024,37
38750290,npjDigitalMed,2024,36
38773297,npjDigitalMed,2024,23
39604584,npjDigitalMed,2024,65
39695259,npjDigitalMed,2024,4
39567722,npjDigitalMed,2024,3
39489814,npjDigitalMed,2024,5
38347159,npjDigitalMed,2024,0
38355913,npjDigitalMed,2024,0
39638852,npjDigitalMed,2024,-1
39009773,npjDigitalMed,2024,11
39014060,npjDigitalMed,2024,39
38834756,npjDigitalMed,2024,15
39304709,npjDigitalMed,2024,3
39725693,npjDigitalMed,2024,65
39562681,npjDigitalMed,2024,-1
38273098,npjDigitalMed,2024,-1
38361152,npjDigitalMed,2024,27
38182737,npjDigitalMed,2024,-1
39501092,npjDigitalMed,2024,10
38263386,npjDigitalMed,2024,41
38491126,npjDigitalMed,2024,-1
38448611,npjDigitalMed,2024,7
39741218,npjDigitalMed,2024,24
38789723,npjDigitalMed,2024,11
39090394,npjDigitalMed,2024,-1
38902336,npjDigitalMed,2024,-1
38783037,npjDigitalMed,2024,4
39533053,npjDigitalMed,2024,-1
38704440,npjDigitalMed,2024,4
38744921,npjDigitalMed,2024,-1
39609533,npjDigitalMed,2024,31
39300208,npjDigitalMed,2024,5
38879640,npjDigitalMed,2024,39
39668168,npjDigitalMed,2024,3
38902477,npjDigitalMed,2024,-1
39182008,npjDigitalMed,2024,57
39501083,npjDigitalMed,2024,4
38937550,npjDigitalMed,2024,-1
39181938,npjDigitalMed,2024,4
38824175,npjDigitalMed,2024,31
39227660,npjDigitalMed,2024,88
39580609,npjDigitalMed,2024,32
39616268,npjDigitalMed,2024,7
39427092,npjDigitalMed,2024,42
38796519,npjDigitalMed,2024,7
39616244,npjDigitalMed,2024,-1
38594344,npjDigitalMed,2024,-1
38992097,npjDigitalMed,2024,-1
38429464,npjDigitalMed,2024,67
38778162,npjDigitalMed,2024,8
39237703,npjDigitalMed,2024,-1
39462093,npjDigitalMed,2024,11
38553625,npjDigitalMed,2024,3
39725711,npjDigitalMed,2024,-1
38605089,npjDigitalMed,2024,65
39433945,npjDigitalMed,2024,3
38951666,npjDigitalMed,2024,17
38969775,npjDigitalMed,2024,23
38720011,npjDigitalMed,2024,8
39557997,npjDigitalMed,2024,15
39702673,npjDigitalMed,2024,4
38951560,npjDigitalMed,2024,6
39251870,npjDigitalMed,2024,11
39702364,npjDigitalMed,2024,24
39695319,npjDigitalMed,2024,15
39060511,npjDigitalMed,2024,-1
39343807,npjDigitalMed,2024,26
39702575,npjDigitalMed,2024,60
38341516,npjDigitalMed,2024,39
38760474,npjDigitalMed,2024,84
39014005,npjDigitalMed,2024,65
38729977,npjDigitalMed,2024,-1
38982211,npjDigitalMed,2024,-1
39169161,npjDigitalMed,2024,17
39349692,npjDigitalMed,2024,20
38184701,npjDigitalMed,2024,17
39613928,npjDigitalMed,2024,-1
38789620,npjDigitalMed,2024,68
38783073,npjDigitalMed,2024,7
38499608,npjDigitalMed,2024,2
38291101,npjDigitalMed,2024,-1
39572625,npjDigitalMed,2024,-1
38890480,npjDigitalMed,2024,7
38499729,npjDigitalMed,2024,-1
38409350,npjDigitalMed,2024,-1
38493202,npjDigitalMed,2024,-1
39097662,npjDigitalMed,2024,-1
38368458,npjDigitalMed,2024,7
39414980,npjDigitalMed,2024,36
39152209,npjDigitalMed,2024,4
38600151,npjDigitalMed,2024,22
38332372,npjDigitalMed,2024,7
38424267,npjDigitalMed,2024,-1
39289463,npjDigitalMed,2024,6
39358556,npjDigitalMed,2024,8
39639100,npjDigitalMed,2024,15
38429353,npjDigitalMed,2024,101
38654071,npjDigitalMed,2024,-1
38609437,npjDigitalMed,2024,93
39443677,npjDigitalMed,2024,77
38755349,npjDigitalMed,2024,68
38438477,npjDigitalMed,2024,8
39266716,npjDigitalMed,2024,26
38267608,npjDigitalMed,2024,3
38396034,npjDigitalMed,2024,17
38714751,npjDigitalMed,2024,0
39738998,npjDigitalMed,2024,-1
39702474,npjDigitalMed,2024,63
38637674,npjDigitalMed,2024,-1
38253711,npjDigitalMed,2024,-1
39164391,npjDigitalMed,2024,0
38609458,npjDigitalMed,2024,-1
39715803,npjDigitalMed,2024,8
39455883,npjDigitalMed,2024,22
39179798,npjDigitalMed,2024,11
39289474,npjDigitalMed,2024,-1
39558021,npjDigitalMed,2024,3
38684903,npjDigitalMed,2024,6
38424186,npjDigitalMed,2024,6
39039218,npjDigitalMed,2024,4
39039248,npjDigitalMed,2024,101
38615104,npjDigitalMed,2024,13
39251868,npjDigitalMed,2024,71
39251804,npjDigitalMed,2024,3
38992186,npjDigitalMed,2024,7
39557995,npjDigitalMed,2024,0
38486092,npjDigitalMed,2024,-1
39406888,npjDigitalMed,2024,-1
39592855,npjDigitalMed,2024,-1
38714742,npjDigitalMed,2024,-1
39256546,npjDigitalMed,2024,-1
38216645,npjDigitalMed,2024,79
39443585,npjDigitalMed,2024,4
39033238,npjDigitalMed,2024,0
39402271,npjDigitalMed,2024,11
38491156,npjDigitalMed,2024,-1
38279034,npjDigitalMed,2024,52
39695173,npjDigitalMed,2024,6
41402410,npjDigitalMed,2025,31
40696111,npjDigitalMed,2025,4
40033130,npjDigitalMed,2025,3
40835713,npjDigitalMed,2025,6
39870855,npjDigitalMed,2025,4
41350804,npjDigitalMed,2025,-1
41136754,npjDigitalMed,2025,3
41254208,npjDigitalMed,2025,-1
41254217,npjDigitalMed,2025,33
40467911,npjDigitalMed,2025,-1
40640343,npjDigitalMed,2025,12
41310216,npjDigitalMed,2025,-1
40676147,npjDigitalMed,2025,8
41258399,npjDigitalMed,2025,22
41053272,npjDigitalMed,2025,15
40615692,npjDigitalMed,2025,0
41136708,npjDigitalMed,2025,-1
41390878,npjDigitalMed,2025,8
40640575,npjDigitalMed,2025,37
39856403,npjDigitalMed,2025,4
40442251,npjDigitalMed,2025,-1
41361059,npjDigitalMed,2025,-1
41413170,npjDigitalMed,2025,3
40253547,npjDigitalMed,2025,43
40457016,npjDigitalMed,2025,-1
41454038,npjDigitalMed,2025,-1
41366000,npjDigitalMed,2025,43
39966509,npjDigitalMed,2025,65
41193667,npjDigitalMed,2025,-1
41272096,npjDigitalMed,2025,0
40695991,npjDigitalMed,2025,-1
40588668,npjDigitalMed,2025,-1
40595018,npjDigitalMed,2025,3
41249413,npjDigitalMed,2025,-1
40702312,npjDigitalMed,2025,14
41402520,npjDigitalMed,2025,15
41272171,npjDigitalMed,2025,1
40750826,npjDigitalMed,2025,65
41476119,npjDigitalMed,2025,3
40730644,npjDigitalMed,2025,3
41102258,npjDigitalMed,2025,-1
39894882,npjDigitalMed,2025,4
39894840,npjDigitalMed,2025,3
40629133,npjDigitalMed,2025,-1
41034558,npjDigitalMed,2025,6
40676130,npjDigitalMed,2025,-1
40108310,npjDigitalMed,2025,27
40025255,npjDigitalMed,2025,43
39827300,npjDigitalMed,2025,-1
40425725,npjDigitalMed,2025,-1
40216912,npjDigitalMed,2025,4
40050401,npjDigitalMed,2025,-1
40550856,npjDigitalMed,2025,65
41291038,npjDigitalMed,2025,81
39757250,npjDigitalMed,2025,63
41006898,npjDigitalMed,2025,5
41238784,npjDigitalMed,2025,-1
41402560,npjDigitalMed,2025,-1
40379835,npjDigitalMed,2025,-1
40016503,npjDigitalMed,2025,-1
40450151,npjDigitalMed,2025,5
39747639,npjDigitalMed,2025,4
39984678,npjDigitalMed,2025,-1
40885746,npjDigitalMed,2025,78
41402582,npjDigitalMed,2025,3
39799251,npjDigitalMed,2025,13
40374901,npjDigitalMed,2025,65
40603634,npjDigitalMed,2025,22
40523954,npjDigitalMed,2025,4
40473925,npjDigitalMed,2025,8
41286436,npjDigitalMed,2025,22
39870867,npjDigitalMed,2025,6
40517144,npjDigitalMed,2025,-1
41388138,npjDigitalMed,2025,-1
41254301,npjDigitalMed,2025,43
41398059,npjDigitalMed,2025,7
40360659,npjDigitalMed,2025,8
41398062,npjDigitalMed,2025,40
40189694,npjDigitalMed,2025,41
41198821,npjDigitalMed,2025,3
40696110,npjDigitalMed,2025,6
41339476,npjDigitalMed,2025,6
40399578,npjDigitalMed,2025,87
41139154,npjDigitalMed,2025,8
40379845,npjDigitalMed,2025,41
40360673,npjDigitalMed,2025,52
41422179,npjDigitalMed,2025,25
40320492,npjDigitalMed,2025,3
41387546,npjDigitalMed,2025,6
40676244,npjDigitalMed,2025,5
40229513,npjDigitalMed,2025,-1
40374917,npjDigitalMed,2025,42
40413299,npjDigitalMed,2025,5
40494933,npjDigitalMed,2025,4
40883417,npjDigitalMed,2025,-1
41102392,npjDigitalMed,2025,3
41249472,npjDigitalMed,2025,49
40195396,npjDigitalMed,2025,20
40055532,npjDigitalMed,2025,3
39870920,npjDigitalMed,2025,-1
41184493,npjDigitalMed,2025,-1
39827262,npjDigitalMed,2025,96
40707760,npjDigitalMed,2025,-1
41326644,npjDigitalMed,2025,65
40195521,npjDigitalMed,2025,25
40269253,npjDigitalMed,2025,3
40998989,npjDigitalMed,2025,4
40617985,npjDigitalMed,2025,-1
39934379,npjDigitalMed,2025,-1
39966675,npjDigitalMed,2025,77
41392273,npjDigitalMed,2025,-1
41461915,npjDigitalMed,2025,12
40617964,npjDigitalMed,2025,33
40319185,npjDigitalMed,2025,4
40413360,npjDigitalMed,2025,68
41361015,npjDigitalMed,2025,6
41392270,npjDigitalMed,2025,13
40467886,npjDigitalMed,2025,-1
39820131,npjDigitalMed,2025,66
40517152,npjDigitalMed,2025,101
39953142,npjDigitalMed,2025,15
41315868,npjDigitalMed,2025,50
40819001,npjDigitalMed,2025,-1
39893305,npjDigitalMed,2025,61
41145883,npjDigitalMed,2025,-1
40764679,npjDigitalMed,2025,7
41034564,npjDigitalMed,2025,-1
39885284,npjDigitalMed,2025,11
40652041,npjDigitalMed,2025,-1
40450111,npjDigitalMed,2025,52
40082662,npjDigitalMed,2025,3
40993300,npjDigitalMed,2025,-1
40335647,npjDigitalMed,2025,61
40251342,npjDigitalMed,2025,3
40481271,npjDigitalMed,2025,11
41466129,npjDigitalMed,2025,25
40204803,npjDigitalMed,2025,68
40436998,npjDigitalMed,2025,15
40999038,npjDigitalMed,2025,-1
40210993,npjDigitalMed,2025,0
41353516,npjDigitalMed,2025,3
41315760,npjDigitalMed,2025,-1
41102316,npjDigitalMed,2025,33
41345458,npjDigitalMed,2025,13
41353275,npjDigitalMed,2025,2
40437023,npjDigitalMed,2025,86
41290943,npjDigitalMed,2025,8
41062673,npjDigitalMed,2025,11
41038974,npjDigitalMed,2025,4
40346267,npjDigitalMed,2025,-1
41249440,npjDigitalMed,2025,57
40826224,npjDigitalMed,2025,3
41249473,npjDigitalMed,2025,-1
40133622,npjDigitalMed,2025,13
40307427,npjDigitalMed,2025,39
40050366,npjDigitalMed,2025,3
40517175,npjDigitalMed,2025,-1
40542189,npjDigitalMed,2025,4
41131352,npjDigitalMed,2025,-1
41408450,npjDigitalMed,2025,24
41366098,npjDigitalMed,2025,26
40069447,npjDigitalMed,2025,69
39833503,npjDigitalMed,2025,4
41057559,npjDigitalMed,2025,-1
41419550,npjDigitalMed,2025,50
41469515,npjDigitalMed,2025,34
40849400,npjDigitalMed,2025,28
41326766,npjDigitalMed,2025,7
40301581,npjDigitalMed,2025,6
41102390,npjDigitalMed,2025,67
41272280,npjDigitalMed,2025,10
40646156,npjDigitalMed,2025,3
40437236,npjDigitalMed,2025,-1
40665147,npjDigitalMed,2025,-1
40419669,npjDigitalMed,2025,2
39809874,npjDigitalMed,2025,-1
41350414,npjDigitalMed,2025,17
39789102,npjDigitalMed,2025,-1
41299010,npjDigitalMed,2025,14
40442294,npjDigitalMed,2025,-1
41429891,npjDigitalMed,2025,-1
40016286,npjDigitalMed,2025,-1
40374984,npjDigitalMed,2025,66
40437210,npjDigitalMed,2025,11
41299024,npjDigitalMed,2025,25
40664728,npjDigitalMed,2025,-1
41331050,npjDigitalMed,2025,-1
41420101,npjDigitalMed,2025,4
40897901,npjDigitalMed,2025,12
40775041,npjDigitalMed,2025,25
39915633,npjDigitalMed,2025,102
40797031,npjDigitalMed,2025,55
40065094,npjDigitalMed,2025,3
39779875,npjDigitalMed,2025,-1
40205021,npjDigitalMed,2025,43
41354762,npjDigitalMed,2025,34
40804297,npjDigitalMed,2025,0
40419699,npjDigitalMed,2025,-1
39815013,npjDigitalMed,2025,65
40319154,npjDigitalMed,2025,3
39789235,npjDigitalMed,2025,20
39809918,npjDigitalMed,2025,15
41272279,npjDigitalMed,2025,11
41266539,npjDigitalMed,2025,4
40685437,npjDigitalMed,2025,22
41444425,npjDigitalMed,2025,17
41261169,npjDigitalMed,2025,13
40849351,npjDigitalMed,2025,34
40691277,npjDigitalMed,2025,3
39755754,npjDigitalMed,2025,7
41087591,npjDigitalMed,2025,4
41286075,npjDigitalMed,2025,6
41350807,npjDigitalMed,2025,3
40750656,npjDigitalMed,2025,6
41422356,npjDigitalMed,2025,10
40610586,npjDigitalMed,2025,75
41233490,npjDigitalMed,2025,61
41249542,npjDigitalMed,2025,-1
40617877,npjDigitalMed,2025,15
40818998,npjDigitalMed,2025,42
40993183,npjDigitalMed,2025,-1
41224856,npjDigitalMed,2025,3
41233470,npjDigitalMed,2025,0
41444764,npjDigitalMed,2025,15
41254183,npjDigitalMed,2025,4
40707601,npjDigitalMed,2025,36
40854957,npjDigitalMed,2025,21
39779761,npjDigitalMed,2025,-1
41398057,npjDigitalMed,2025,-1
40295871,npjDigitalMed,2025,41
40817280,npjDigitalMed,2025,8
40517143,npjDigitalMed,2025,6
40707584,npjDigitalMed,2025,41
39757295,npjDigitalMed,2025,4
40849361,npjDigitalMed,2025,-1
41436590,npjDigitalMed,2025,3
40050672,npjDigitalMed,2025,-1
39934312,npjDigitalMed,2025,-1
41266514,npjDigitalMed,2025,-1
40379766,npjDigitalMed,2025,36
39988586,npjDigitalMed,2025,-1
40254642,npjDigitalMed,2025,28
39753924,npjDigitalMed,2025,11
40355575,npjDigitalMed,2025,-1
40659721,npjDigitalMed,2025,4
40825846,npjDigitalMed,2025,3
39953127,npjDigitalMed,2025,3
40653573,npjDigitalMed,2025,4
40341801,npjDigitalMed,2025,67
40514431,npjDigitalMed,2025,7
41272076,npjDigitalMed,2025,88
40461706,npjDigitalMed,2025,8
39870797,npjDigitalMed,2025,15
41057631,npjDigitalMed,2025,-1
40781164,npjDigitalMed,2025,-1
41398461,npjDigitalMed,2025,4
40325165,npjDigitalMed,2025,94
41476122,npjDigitalMed,2025,-1
40038423,npjDigitalMed,2025,3
39966662,npjDigitalMed,2025,8
41038966,npjDigitalMed,2025,3
40514391,npjDigitalMed,2025,-1
40335679,npjDigitalMed,2025,32
41361038,npjDigitalMed,2025,49
40610683,npjDigitalMed,2025,-1
40640522,npjDigitalMed,2025,-1
41261148,npjDigitalMed,2025,14
40670653,npjDigitalMed,2025,11
40074858,npjDigitalMed,2025,22
40652036,npjDigitalMed,2025,8
40379919,npjDigitalMed,2025,44
40615632,npjDigitalMed,2025,-1
40399429,npjDigitalMed,2025,3
40681745,npjDigitalMed,2025,22
39915652,npjDigitalMed,2025,4
41258135,npjDigitalMed,2025,-1
41057566,npjDigitalMed,2025,3
40348936,npjDigitalMed,2025,3
40473916,npjDigitalMed,2025,48
41131344,npjDigitalMed,2025,-1
39885231,npjDigitalMed,2025,-1
40665151,npjDigitalMed,2025,1
40389599,npjDigitalMed,2025,25
39948243,npjDigitalMed,2025,-1
41476131,npjDigitalMed,2025,63
40659838,npjDigitalMed,2025,32
40696002,npjDigitalMed,2025,-1
40993299,npjDigitalMed,2025,97
40341287,npjDigitalMed,2025,7
40628992,npjDigitalMed,2025,6
40240489,npjDigitalMed,2025,-1
40319106,npjDigitalMed,2025,3
39870798,npjDigitalMed,2025,42
40962915,npjDigitalMed,2025,-1
40057621,npjDigitalMed,2025,14
40204848,npjDigitalMed,2025,0
41162596,npjDigitalMed,2025,-1
41331330,npjDigitalMed,2025,68
40707735,npjDigitalMed,2025,50
40044879,npjDigitalMed,2025,68
40604229,npjDigitalMed,2025,-1
41315669,npjDigitalMed,2025,42
40841482,npjDigitalMed,2025,69
40646167,npjDigitalMed,2025,-1
40866555,npjDigitalMed,2025,7
41028914,npjDigitalMed,2025,65
41249434,npjDigitalMed,2025,-1
41429926,npjDigitalMed,2025,39
41398439,npjDigitalMed,2025,-1
40819002,npjDigitalMed,2025,-1
40195470,npjDigitalMed,2025,-1
41353464,npjDigitalMed,2025,-1
40275104,npjDigitalMed,2025,-1
40369180,npjDigitalMed,2025,3
41038984,npjDigitalMed,2025,3
40467758,npjDigitalMed,2025,4
40108444,npjDigitalMed,2025,98
40410408,npjDigitalMed,2025,-1
40819119,npjDigitalMed,2025,15
41249389,npjDigitalMed,2025,-1
41461943,npjDigitalMed,2025,15
41298819,npjDigitalMed,2025,-1
40346344,npjDigitalMed,2025,3
40883427,npjDigitalMed,2025,-1
41120752,npjDigitalMed,2025,38
40038520,npjDigitalMed,2025,8
40247026,npjDigitalMed,2025,0
41392206,npjDigitalMed,2025,-1
40796947,npjDigitalMed,2025,-1
41266569,npjDigitalMed,2025,-1
40275099,npjDigitalMed,2025,61
41254165,npjDigitalMed,2025,-1
39962177,npjDigitalMed,2025,50
39994422,npjDigitalMed,2025,-1
40634659,npjDigitalMed,2025,-1
40316765,npjDigitalMed,2025,3
40082599,npjDigitalMed,2025,4
40346298,npjDigitalMed,2025,26
40316703,npjDigitalMed,2025,-1
41214229,npjDigitalMed,2025,32
39915601,npjDigitalMed,2025,41
40312524,npjDigitalMed,2025,-1
40764752,npjDigitalMed,2025,-1
40804187,npjDigitalMed,2025,50
40730645,npjDigitalMed,2025,-1
40032989,npjDigitalMed,2025,-1
40155703,npjDigitalMed,2025,-1
40830581,npjDigitalMed,2025,0
40731070,npjDigitalMed,2025,-1
40319170,npjDigitalMed,2025,-1
41345783,npjDigitalMed,2025,49
40696098,npjDigitalMed,2025,3
39890986,npjDigitalMed,2025,-1
40745376,npjDigitalMed,2025,7
39885315,npjDigitalMed,2025,-1
40634545,npjDigitalMed,2025,32
41339742,npjDigitalMed,2025,67
41249503,npjDigitalMed,2025,-1
41238742,npjDigitalMed,2025,25
40855169,npjDigitalMed,2025,65
40467762,npjDigitalMed,2025,-1
41233507,npjDigitalMed,2025,25
40897851,npjDigitalMed,2025,-1
41372462,npjDigitalMed,2025,3
39825030,npjDigitalMed,2025,4
40382499,npjDigitalMed,2025,-1
39806194,npjDigitalMed,2025,-1
40234671,npjDigitalMed,2025,-1
40369095,npjDigitalMed,2025,28
41372566,npjDigitalMed,2025,48
41299062,npjDigitalMed,2025,102
40360731,npjDigitalMed,2025,7
39863790,npjDigitalMed,2025,-1
39924572,npjDigitalMed,2025,15
40289217,npjDigitalMed,2025,-1
39748126,npjDigitalMed,2025,67
40681761,npjDigitalMed,2025,36
39875637,npjDigitalMed,2025,10
40537516,npjDigitalMed,2025,-1
41454159,npjDigitalMed,2025,-1
40341689,npjDigitalMed,2025,3
40038415,npjDigitalMed,2025,85
40473767,npjDigitalMed,2025,3
40691317,npjDigitalMed,2025,-1
39753917,npjDigitalMed,2025,42
40025194,npjDigitalMed,2025,-1
41469800,npjDigitalMed,2025,102
40210973,npjDigitalMed,2025,-1
39955463,npjDigitalMed,2025,-1
41249382,npjDigitalMed,2025,30
40490535,npjDigitalMed,2025,46
40108434,npjDigitalMed,2025,-1
39984725,npjDigitalMed,2025,-1
39994433,npjDigitalMed,2025,4
40360694,npjDigitalMed,2025,-1
40998977,npjDigitalMed,2025,-1
40750683,npjDigitalMed,2025,57
40494920,npjDigitalMed,2025,27
40500350,npjDigitalMed,2025,4
40745222,npjDigitalMed,2025,-1
39934366,npjDigitalMed,2025,-1
39843957,npjDigitalMed,2025,42
40312534,npjDigitalMed,2025,7
41286354,npjDigitalMed,2025,10
39934372,npjDigitalMed,2025,57
40097590,npjDigitalMed,2025,69
41254094,npjDigitalMed,2025,49
40885802,npjDigitalMed,2025,38
40825834,npjDigitalMed,2025,11
41449203,npjDigitalMed,2025,63
40189628,npjDigitalMed,2025,59
41162751,npjDigitalMed,2025,-1
40604240,npjDigitalMed,2025,6
40596700,npjDigitalMed,2025,8
40410547,npjDigitalMed,2025,4
41028413,npjDigitalMed,2025,3
40517140,npjDigitalMed,2025,5
41339473,npjDigitalMed,2025,25
39828791,npjDigitalMed,2025,10
40847126,npjDigitalMed,2025,-1
40082585,npjDigitalMed,2025,63
40646157,npjDigitalMed,2025,3
40750663,npjDigitalMed,2025,17
41454006,npjDigitalMed,2025,3
39789117,npjDigitalMed,2025,4
40676253,npjDigitalMed,2025,8
40715566,npjDigitalMed,2025,51
40610592,npjDigitalMed,2025,4
40316659,npjDigitalMed,2025,-1
41402452,npjDigitalMed,2025,-1
39865143,npjDigitalMed,2025,3
40075149,npjDigitalMed,2025,6
41361520,npjDigitalMed,2025,-1
40329052,npjDigitalMed,2025,33
40065130,npjDigitalMed,2025,8
41315854,npjDigitalMed,2025,3
39910290,npjDigitalMed,2025,8
41254234,npjDigitalMed,2025,-1
40025285,npjDigitalMed,2025,3
41198914,npjDigitalMed,2025,48
41298840,npjDigitalMed,2025,30
40866452,npjDigitalMed,2025,-1
39799267,npjDigitalMed,2025,-1
40269244,npjDigitalMed,2025,8
40473915,npjDigitalMed,2025,-1
40335620,npjDigitalMed,2025,-1
41249487,npjDigitalMed,2025,-1
40188283,npjDigitalMed,2025,27
40097720,npjDigitalMed,2025,3
40108342,npjDigitalMed,2025,-1
41258389,npjDigitalMed,2025,7
40011639,npjDigitalMed,2025,8
41407822,npjDigitalMed,2025,8
40044878,npjDigitalMed,2025,25
41455812,npjDigitalMed,2025,3
40494886,npjDigitalMed,2025,8
40750660,npjDigitalMed,2025,68
41429919,npjDigitalMed,2025,11
41131097,npjDigitalMed,2025,3
41272220,npjDigitalMed,2025,82
40615665,npjDigitalMed,2025,105
41413254,npjDigitalMed,2025,-1
40442323,npjDigitalMed,2025,43
40615666,npjDigitalMed,2025,4
41437146,npjDigitalMed,2025,3
40481318,npjDigitalMed,2025,84
41444833,npjDigitalMed,2025,72
41261160,npjDigitalMed,2025,-1
41310039,npjDigitalMed,2025,-1
40121370,npjDigitalMed,2025,3
40229460,npjDigitalMed,2025,23
41350404,npjDigitalMed,2025,3
41266739,npjDigitalMed,2025,-1
41372518,npjDigitalMed,2025,34
40835721,npjDigitalMed,2025,-1
40275055,npjDigitalMed,2025,-1
41381856,npjDigitalMed,2025,15
40316762,npjDigitalMed,2025,-1
41286495,npjDigitalMed,2025,-1
40849403,npjDigitalMed,2025,-1
40537524,npjDigitalMed,2025,11
33345811,LancetDigitalHealth,2020,58
33328030,LancetDigitalHealth,2020,-1
33328029,LancetDigitalHealth,2020,-1
33328028,LancetDigitalHealth,2020,62
33328027,LancetDigitalHealth,2020,-1
33163951,LancetDigitalHealth,2020,0
33078140,LancetDigitalHealth,2020,0
33078139,LancetDigitalHealth,2020,0
32984792,LancetDigitalHealth,2020,0
32959030,LancetDigitalHealth,2020,0
33328086,LancetDigitalHealth,2020,32
33328085,LancetDigitalHealth,2020,-1
33328084,LancetDigitalHealth,2020,-1
33328083,LancetDigitalHealth,2020,52
33163952,LancetDigitalHealth,2020,25
33103097,LancetDigitalHealth,2020,6
33103096,LancetDigitalHealth,2020,17
33103095,LancetDigitalHealth,2020,-1
33103094,LancetDigitalHealth,2020,17
33015597,LancetDigitalHealth,2020,0
32905027,LancetDigitalHealth,2020,0
32839755,LancetDigitalHealth,2020,0
33328049,LancetDigitalHealth,2020,8
33328048,LancetDigitalHealth,2020,8
33328047,LancetDigitalHealth,2020,4
33328046,LancetDigitalHealth,2020,62
32984797,LancetDigitalHealth,2020,0
32984796,LancetDigitalHealth,2020,0
32984795,LancetDigitalHealth,2020,0
32984794,LancetDigitalHealth,2020,0
32984793,LancetDigitalHealth,2020,0
32838253,LancetDigitalHealth,2020,-1
32838252,LancetDigitalHealth,2020,0
32838251,LancetDigitalHealth,2020,0
33345809,LancetDigitalHealth,2020,11
33328116,LancetDigitalHealth,2020,67
33328115,LancetDigitalHealth,2020,78
33328114,LancetDigitalHealth,2020,67
33328113,LancetDigitalHealth,2020,11
33328112,LancetDigitalHealth,2020,-1
33328111,LancetDigitalHealth,2020,-1
33328110,LancetDigitalHealth,2020,62
33328109,LancetDigitalHealth,2020,-1
32954244,LancetDigitalHealth,2020,-1
32864600,LancetDigitalHealth,2020,-1
32864599,LancetDigitalHealth,2020,-1
32838250,LancetDigitalHealth,2020,-1
32838249,LancetDigitalHealth,2020,0
33328045,LancetDigitalHealth,2020,22
33328044,LancetDigitalHealth,2020,6
33328043,LancetDigitalHealth,2020,0
33328042,LancetDigitalHealth,2020,67
33328041,LancetDigitalHealth,2020,6
32835201,LancetDigitalHealth,2020,0
32835200,LancetDigitalHealth,2020,0
32835199,LancetDigitalHealth,2020,0
32835198,LancetDigitalHealth,2020,0
32835197,LancetDigitalHealth,2020,0
32835196,LancetDigitalHealth,2020,0
32835195,LancetDigitalHealth,2020,0
32835194,LancetDigitalHealth,2020,-1
33328096,LancetDigitalHealth,2020,8
33328095,LancetDigitalHealth,2020,43
33328094,LancetDigitalHealth,2020,13
33328093,LancetDigitalHealth,2020,62
33328092,LancetDigitalHealth,2020,-1
33328091,LancetDigitalHealth,2020,43
33328090,LancetDigitalHealth,2020,43
33328089,LancetDigitalHealth,2020,43
32835193,LancetDigitalHealth,2020,0
32835192,LancetDigitalHealth,2020,0
32835191,LancetDigitalHealth,2020,0
32617525,LancetDigitalHealth,2020,-1
33328125,LancetDigitalHealth,2020,34
33328124,LancetDigitalHealth,2020,-1
33328123,LancetDigitalHealth,2020,4
33328122,LancetDigitalHealth,2020,11
33328121,LancetDigitalHealth,2020,17
33328120,LancetDigitalHealth,2020,-1
33328119,LancetDigitalHealth,2020,43
33328118,LancetDigitalHealth,2020,-1
33328117,LancetDigitalHealth,2020,4
32501440,LancetDigitalHealth,2020,0
32501439,LancetDigitalHealth,2020,0
32501438,LancetDigitalHealth,2020,0
32501437,LancetDigitalHealth,2020,0
32382724,LancetDigitalHealth,2020,-1
32363333,LancetDigitalHealth,2020,0
32346671,LancetDigitalHealth,2020,0
32322814,LancetDigitalHealth,2020,0
33345805,LancetDigitalHealth,2020,11
33328058,LancetDigitalHealth,2020,32
33328057,LancetDigitalHealth,2020,-1
33328056,LancetDigitalHealth,2020,4
33328055,LancetDigitalHealth,2020,5
33328054,LancetDigitalHealth,2020,48
33328053,LancetDigitalHealth,2020,32
33328052,LancetDigitalHealth,2020,-1
33328051,LancetDigitalHealth,2020,4
33328050,LancetDigitalHealth,2020,15
32518898,LancetDigitalHealth,2020,-1
32373787,LancetDigitalHealth,2020,62
32373786,LancetDigitalHealth,2020,0
32373785,LancetDigitalHealth,2020,0
32373784,LancetDigitalHealth,2020,17
33334505,LancetDigitalHealth,2020,6
33334504,LancetDigitalHealth,2020,-1
33328078,LancetDigitalHealth,2020,50
33328077,LancetDigitalHealth,2020,17
33328076,LancetDigitalHealth,2020,17
33328075,LancetDigitalHealth,2020,17
33328074,LancetDigitalHealth,2020,67
33328073,LancetDigitalHealth,2020,-1
33328072,LancetDigitalHealth,2020,54
32864598,LancetDigitalHealth,2020,4
32309796,LancetDigitalHealth,2020,0
32296776,LancetDigitalHealth,2020,-1
32289116,LancetDigitalHealth,2020,0
33334578,LancetDigitalHealth,2020,67
33334577,LancetDigitalHealth,2020,39
33334576,LancetDigitalHealth,2020,25
33334575,LancetDigitalHealth,2020,11
33334574,LancetDigitalHealth,2020,67
33334573,LancetDigitalHealth,2020,39
33334572,LancetDigitalHealth,2020,-1
33328081,LancetDigitalHealth,2020,62
33328080,LancetDigitalHealth,2020,17
33328079,LancetDigitalHealth,2020,-1
32123864,LancetDigitalHealth,2020,25
33334566,LancetDigitalHealth,2020,-1
33334565,LancetDigitalHealth,2020,0
33334564,LancetDigitalHealth,2020,6
33334563,LancetDigitalHealth,2020,-1
33334562,LancetDigitalHealth,2020,-1
33334561,LancetDigitalHealth,2020,-1
33334560,LancetDigitalHealth,2020,-1
33334559,LancetDigitalHealth,2020,0
33334558,LancetDigitalHealth,2020,6
33334557,LancetDigitalHealth,2020,33
33334556,LancetDigitalHealth,2020,-1
32864597,LancetDigitalHealth,2020,33
33328040,LancetDigitalHealth,2020,4
33328039,LancetDigitalHealth,2020,-1
33328038,LancetDigitalHealth,2020,6
33328037,LancetDigitalHealth,2020,6
33328036,LancetDigitalHealth,2020,14
33328035,LancetDigitalHealth,2020,14
33328034,LancetDigitalHealth,2020,11
33328033,LancetDigitalHealth,2020,28
33328032,LancetDigitalHealth,2020,-1
32133440,LancetDigitalHealth,2020,-1
34823706,LancetDigitalHealth,2021,0
34823705,LancetDigitalHealth,2021,38
34823704,LancetDigitalHealth,2021,0
34823703,LancetDigitalHealth,2021,0
34823702,LancetDigitalHealth,2021,-1
34756569,LancetDigitalHealth,2021,49
34688602,LancetDigitalHealth,2021,-1
34688601,LancetDigitalHealth,2021,-1
34686475,LancetDigitalHealth,2021,22
34686474,LancetDigitalHealth,2021,25
34654686,LancetDigitalHealth,2021,0
34625399,LancetDigitalHealth,2021,4
34625398,LancetDigitalHealth,2021,4
34598906,LancetDigitalHealth,2021,-1
34711379,LancetDigitalHealth,2021,8
34711378,LancetDigitalHealth,2021,32
34711377,LancetDigitalHealth,2021,-1
34711376,LancetDigitalHealth,2021,58
34711375,LancetDigitalHealth,2021,58
34711374,LancetDigitalHealth,2021,32
34711373,LancetDigitalHealth,2021,83
34711372,LancetDigitalHealth,2021,17
34580055,LancetDigitalHealth,2021,33
34580054,LancetDigitalHealth,2021,33
34561202,LancetDigitalHealth,2021,62
34538737,LancetDigitalHealth,2021,63
34538736,LancetDigitalHealth,2021,63
34456179,LancetDigitalHealth,2021,0
34556290,LancetDigitalHealth,2021,0
34556289,LancetDigitalHealth,2021,-1
34509423,LancetDigitalHealth,2021,4
34509422,LancetDigitalHealth,2021,4
34481769,LancetDigitalHealth,2021,-1
34481768,LancetDigitalHealth,2021,-1
34481767,LancetDigitalHealth,2021,-1
34481766,LancetDigitalHealth,2021,-1
34479825,LancetDigitalHealth,2021,0
34452874,LancetDigitalHealth,2021,-1
34420908,LancetDigitalHealth,2021,58
34417147,LancetDigitalHealth,2021,-1
34446266,LancetDigitalHealth,2021,8
34446265,LancetDigitalHealth,2021,32
34446264,LancetDigitalHealth,2021,58
34446263,LancetDigitalHealth,2021,32
34446262,LancetDigitalHealth,2021,13
34384736,LancetDigitalHealth,2021,0
34334334,LancetDigitalHealth,2021,7
34334333,LancetDigitalHealth,2021,0
34332931,LancetDigitalHealth,2021,47
34305035,LancetDigitalHealth,2021,0
34303644,LancetDigitalHealth,2021,0
34325855,LancetDigitalHealth,2021,-1
34325854,LancetDigitalHealth,2021,-1
34325853,LancetDigitalHealth,2021,4
34325852,LancetDigitalHealth,2021,62
34325851,LancetDigitalHealth,2021,-1
34325850,LancetDigitalHealth,2021,4
34325849,LancetDigitalHealth,2021,-1
34238721,LancetDigitalHealth,2021,0
34219054,LancetDigitalHealth,2021,32
34215564,LancetDigitalHealth,2021,50
34167765,LancetDigitalHealth,2021,-1
34167764,LancetDigitalHealth,2021,27
34167763,LancetDigitalHealth,2021,-1
34167762,LancetDigitalHealth,2021,-1
34120887,LancetDigitalHealth,2021,-1
34120886,LancetDigitalHealth,2021,-1
34120885,LancetDigitalHealth,2021,-1
34119451,LancetDigitalHealth,2021,58
34119450,LancetDigitalHealth,2021,58
34052209,LancetDigitalHealth,2021,58
34049834,LancetDigitalHealth,2021,0
34020933,LancetDigitalHealth,2021,17
34045004,LancetDigitalHealth,2021,66
34045003,LancetDigitalHealth,2021,-1
34045002,LancetDigitalHealth,2021,0
34045001,LancetDigitalHealth,2021,0
34045000,LancetDigitalHealth,2021,-1
34044999,LancetDigitalHealth,2021,28
34044998,LancetDigitalHealth,2021,0
34044997,LancetDigitalHealth,2021,66
33967002,LancetDigitalHealth,2021,-1
33933404,LancetDigitalHealth,2021,-1
33893070,LancetDigitalHealth,2021,32
33890579,LancetDigitalHealth,2021,4
33890578,LancetDigitalHealth,2021,4
33890577,LancetDigitalHealth,2021,67
33858816,LancetDigitalHealth,2021,-1
33858815,LancetDigitalHealth,2021,49
33836980,LancetDigitalHealth,2021,-1
33814326,LancetDigitalHealth,2021,0
33812915,LancetDigitalHealth,2021,58
33773969,LancetDigitalHealth,2021,0
33642239,LancetDigitalHealth,2021,0
33840633,LancetDigitalHealth,2021,-1
33766289,LancetDigitalHealth,2021,-1
33766288,LancetDigitalHealth,2021,-1
33766287,LancetDigitalHealth,2021,-1
33766286,LancetDigitalHealth,2021,-1
33766285,LancetDigitalHealth,2021,-1
33766284,LancetDigitalHealth,2021,-1
33678589,LancetDigitalHealth,2021,17
33640307,LancetDigitalHealth,2021,-1
33640306,LancetDigitalHealth,2021,-1
33612431,LancetDigitalHealth,2021,0
33612430,LancetDigitalHealth,2021,0
33610488,LancetDigitalHealth,2021,17
33574001,LancetDigitalHealth,2021,62
33574000,LancetDigitalHealth,2021,0
33573999,LancetDigitalHealth,2021,0
33549514,LancetDigitalHealth,2021,47
33549513,LancetDigitalHealth,2021,17
33549512,LancetDigitalHealth,2021,47
33518503,LancetDigitalHealth,2021,0
33516653,LancetDigitalHealth,2021,17
33516652,LancetDigitalHealth,2021,58
33483278,LancetDigitalHealth,2021,0
33483277,LancetDigitalHealth,2021,0
33478929,LancetDigitalHealth,2021,8
33509389,LancetDigitalHealth,2021,4
33509388,LancetDigitalHealth,2021,0
33509387,LancetDigitalHealth,2021,0
33509386,LancetDigitalHealth,2021,1
33509385,LancetDigitalHealth,2021,4
33509384,LancetDigitalHealth,2021,0
33509383,LancetDigitalHealth,2021,0
33358138,LancetDigitalHealth,2021,8
33342754,LancetDigitalHealth,2021,0
33342753,LancetDigitalHealth,2021,0
33735071,LancetDigitalHealth,2021,58
33735070,LancetDigitalHealth,2021,0
33735069,LancetDigitalHealth,2021,4
33735068,LancetDigitalHealth,2021,0
33735067,LancetDigitalHealth,2021,0
33735066,LancetDigitalHealth,2021,4
33735065,LancetDigitalHealth,2021,43
33735064,LancetDigitalHealth,2021,4
33735063,LancetDigitalHealth,2021,4
33735062,LancetDigitalHealth,2021,0
36427951,LancetDigitalHealth,2022,67
36427950,LancetDigitalHealth,2022,-1
36427949,LancetDigitalHealth,2022,14
36427948,LancetDigitalHealth,2022,-1
36427947,LancetDigitalHealth,2022,-1
36371371,LancetDigitalHealth,2022,58
36335031,LancetDigitalHealth,2022,17
36333179,LancetDigitalHealth,2022,32
36307370,LancetDigitalHealth,2022,58
36270956,LancetDigitalHealth,2022,89
36270955,LancetDigitalHealth,2022,-1
36154811,LancetDigitalHealth,2022,40
36307193,LancetDigitalHealth,2022,-1
36307192,LancetDigitalHealth,2022,25
36307191,LancetDigitalHealth,2022,17
36307190,LancetDigitalHealth,2022,0
36307189,LancetDigitalHealth,2022,-1
36229346,LancetDigitalHealth,2022,69
36229345,LancetDigitalHealth,2022,69
36229344,LancetDigitalHealth,2022,-1
36192349,LancetDigitalHealth,2022,4
36192348,LancetDigitalHealth,2022,30
36182633,LancetDigitalHealth,2022,25
36154810,LancetDigitalHealth,2022,0
36266227,LancetDigitalHealth,2022,17
36150783,LancetDigitalHealth,2022,0
36150782,LancetDigitalHealth,2022,0
36150781,LancetDigitalHealth,2022,-1
36150780,LancetDigitalHealth,2022,-1
36150779,LancetDigitalHealth,2022,0
36150778,LancetDigitalHealth,2022,0
36057526,LancetDigitalHealth,2022,0
36050271,LancetDigitalHealth,2022,-1
36038496,LancetDigitalHealth,2022,0
36028290,LancetDigitalHealth,2022,14
36028289,LancetDigitalHealth,2022,-1
36028288,LancetDigitalHealth,2022,-1
36028287,LancetDigitalHealth,2022,-1
35963743,LancetDigitalHealth,2022,-1
35961858,LancetDigitalHealth,2022,0
35909059,LancetDigitalHealth,2022,0
35909058,LancetDigitalHealth,2022,0
35906132,LancetDigitalHealth,2022,-1
35835712,LancetDigitalHealth,2022,0
35868813,LancetDigitalHealth,2022,23
35868812,LancetDigitalHealth,2022,0
35868811,LancetDigitalHealth,2022,79
35811295,LancetDigitalHealth,2022,-1
35811294,LancetDigitalHealth,2022,0
35803894,LancetDigitalHealth,2022,6
35786541,LancetDigitalHealth,2022,58
35780037,LancetDigitalHealth,2022,20
35725824,LancetDigitalHealth,2022,-1
35750402,LancetDigitalHealth,2022,67
35750401,LancetDigitalHealth,2022,50
35750400,LancetDigitalHealth,2022,67
35750399,LancetDigitalHealth,2022,-1
35750398,LancetDigitalHealth,2022,67
35750397,LancetDigitalHealth,2022,0
35690576,LancetDigitalHealth,2022,0
35599143,LancetDigitalHealth,2022,-1
35595677,LancetDigitalHealth,2022,-1
35589549,LancetDigitalHealth,2022,0
35623799,LancetDigitalHealth,2022,39
35623798,LancetDigitalHealth,2022,66
35623797,LancetDigitalHealth,2022,66
35623796,LancetDigitalHealth,2022,66
35623795,LancetDigitalHealth,2022,-1
35623794,LancetDigitalHealth,2022,66
35568691,LancetDigitalHealth,2022,-1
35568690,LancetDigitalHealth,2022,-1
35562273,LancetDigitalHealth,2022,-1
35466080,LancetDigitalHealth,2022,58
35466079,LancetDigitalHealth,2022,0
35430151,LancetDigitalHealth,2022,63
35461692,LancetDigitalHealth,2022,0
35461691,LancetDigitalHealth,2022,25
35461690,LancetDigitalHealth,2022,39
35461689,LancetDigitalHealth,2022,84
35461688,LancetDigitalHealth,2022,-1
35461687,LancetDigitalHealth,2022,-1
35461686,LancetDigitalHealth,2022,67
35461685,LancetDigitalHealth,2022,-1
35396184,LancetDigitalHealth,2022,-1
35396183,LancetDigitalHealth,2022,8
35396182,LancetDigitalHealth,2022,62
35379593,LancetDigitalHealth,2022,6
35370106,LancetDigitalHealth,2022,58
35367192,LancetDigitalHealth,2022,86
35341713,LancetDigitalHealth,2022,25
35341712,LancetDigitalHealth,2022,-1
35337644,LancetDigitalHealth,2022,0
35337643,LancetDigitalHealth,2022,4
35337642,LancetDigitalHealth,2022,0
35337641,LancetDigitalHealth,2022,17
35337640,LancetDigitalHealth,2022,62
35337639,LancetDigitalHealth,2022,62
35337638,LancetDigitalHealth,2022,-1
35337637,LancetDigitalHealth,2022,-1
35279399,LancetDigitalHealth,2022,0
35279398,LancetDigitalHealth,2022,0
35272973,LancetDigitalHealth,2022,4
35272972,LancetDigitalHealth,2022,4
35272971,LancetDigitalHealth,2022,33
35216754,LancetDigitalHealth,2022,68
35216753,LancetDigitalHealth,2022,49
35216752,LancetDigitalHealth,2022,-1
35216751,LancetDigitalHealth,2022,-1
35216750,LancetDigitalHealth,2022,33
35216748,LancetDigitalHealth,2022,49
35216747,LancetDigitalHealth,2022,-1
35216746,LancetDigitalHealth,2022,-1
35090679,LancetDigitalHealth,2022,27
35090678,LancetDigitalHealth,2022,58
35090677,LancetDigitalHealth,2022,-1
35090676,LancetDigitalHealth,2022,0
35090675,LancetDigitalHealth,2022,78
35090674,LancetDigitalHealth,2022,14
35034864,LancetDigitalHealth,2022,0
35034863,LancetDigitalHealth,2022,0
34998740,LancetDigitalHealth,2022,43
34998739,LancetDigitalHealth,2022,43
34836823,LancetDigitalHealth,2022,-1
34952679,LancetDigitalHealth,2022,25
34952678,LancetDigitalHealth,2022,0
34952677,LancetDigitalHealth,2022,32
34952676,LancetDigitalHealth,2022,27
34952675,LancetDigitalHealth,2022,27
34952674,LancetDigitalHealth,2022,84
34952673,LancetDigitalHealth,2022,-1
34863649,LancetDigitalHealth,2022,43
34794931,LancetDigitalHealth,2022,22
34794930,LancetDigitalHealth,2022,-1
34772649,LancetDigitalHealth,2022,39
34740555,LancetDigitalHealth,2022,0
38000876,LancetDigitalHealth,2023,6
38000875,LancetDigitalHealth,2023,-1
38000874,LancetDigitalHealth,2023,63
38000873,LancetDigitalHealth,2023,-1
38000872,LancetDigitalHealth,2023,32
38000871,LancetDigitalHealth,2023,-1
38000870,LancetDigitalHealth,2023,22
38000869,LancetDigitalHealth,2023,-1
38000868,LancetDigitalHealth,2023,-1
38000867,LancetDigitalHealth,2023,89
37940490,LancetDigitalHealth,2023,-1
37940489,LancetDigitalHealth,2023,-1
37890905,LancetDigitalHealth,2023,45
37890904,LancetDigitalHealth,2023,-1
37890903,LancetDigitalHealth,2023,78
37890902,LancetDigitalHealth,2023,-1
37890901,LancetDigitalHealth,2023,-1
37890900,LancetDigitalHealth,2023,-1
37890899,LancetDigitalHealth,2023,-1
37775472,LancetDigitalHealth,2023,63
37770336,LancetDigitalHealth,2023,-1
37770335,LancetDigitalHealth,2023,-1
37741765,LancetDigitalHealth,2023,28
37640599,LancetDigitalHealth,2023,-1
39492289,LancetDigitalHealth,2023,-1
37775190,LancetDigitalHealth,2023,28
37775189,LancetDigitalHealth,2023,0
37775188,LancetDigitalHealth,2023,39
37775187,LancetDigitalHealth,2023,6
37775186,LancetDigitalHealth,2023,58
37775185,LancetDigitalHealth,2023,39
37775184,LancetDigitalHealth,2023,6
37775183,LancetDigitalHealth,2023,6
37726187,LancetDigitalHealth,2023,17
37690911,LancetDigitalHealth,2023,67
37690910,LancetDigitalHealth,2023,67
37652841,LancetDigitalHealth,2023,-1
37599148,LancetDigitalHealth,2023,-1
37599147,LancetDigitalHealth,2023,50
37567794,LancetDigitalHealth,2023,-1
37567793,LancetDigitalHealth,2023,-1
37625897,LancetDigitalHealth,2023,0
37625896,LancetDigitalHealth,2023,8
37625895,LancetDigitalHealth,2023,-1
37625894,LancetDigitalHealth,2023,-1
37625893,LancetDigitalHealth,2023,67
37558555,LancetDigitalHealth,2023,58
37543513,LancetDigitalHealth,2023,33
37543512,LancetDigitalHealth,2023,33
37537122,LancetDigitalHealth,2023,-1
37537121,LancetDigitalHealth,2023,0
37516557,LancetDigitalHealth,2023,0
37474439,LancetDigitalHealth,2023,47
37507197,LancetDigitalHealth,2023,-1
37507196,LancetDigitalHealth,2023,-1
37507195,LancetDigitalHealth,2023,58
37507194,LancetDigitalHealth,2023,17
37422342,LancetDigitalHealth,2023,32
37419844,LancetDigitalHealth,2023,-1
37419843,LancetDigitalHealth,2023,-1
37393162,LancetDigitalHealth,2023,25
37393161,LancetDigitalHealth,2023,-1
37295972,LancetDigitalHealth,2023,-1
37295971,LancetDigitalHealth,2023,-1
37391266,LancetDigitalHealth,2023,-1
37391265,LancetDigitalHealth,2023,0
37391264,LancetDigitalHealth,2023,58
37391263,LancetDigitalHealth,2023,67
37391262,LancetDigitalHealth,2023,17
37268451,LancetDigitalHealth,2023,25
37268450,LancetDigitalHealth,2023,-1
37211455,LancetDigitalHealth,2023,-1
37210230,LancetDigitalHealth,2023,49
37210229,LancetDigitalHealth,2023,49
37202336,LancetDigitalHealth,2023,0
37236698,LancetDigitalHealth,2023,-1
37236697,LancetDigitalHealth,2023,-1
37236696,LancetDigitalHealth,2023,41
37236695,LancetDigitalHealth,2023,-1
37236694,LancetDigitalHealth,2023,-1
37179158,LancetDigitalHealth,2023,1
37120418,LancetDigitalHealth,2023,-1
37105800,LancetDigitalHealth,2023,-1
37088692,LancetDigitalHealth,2023,4
37087370,LancetDigitalHealth,2023,-1
37061351,LancetDigitalHealth,2023,-1
37061350,LancetDigitalHealth,2023,-1
37100545,LancetDigitalHealth,2023,-1
37100544,LancetDigitalHealth,2023,-1
37100543,LancetDigitalHealth,2023,-1
37100542,LancetDigitalHealth,2023,-1
37100541,LancetDigitalHealth,2023,-1
37100540,LancetDigitalHealth,2023,65
37032201,LancetDigitalHealth,2023,-1
37032200,LancetDigitalHealth,2023,6
36966119,LancetDigitalHealth,2023,4
36966118,LancetDigitalHealth,2023,4
36963911,LancetDigitalHealth,2023,-1
36963910,LancetDigitalHealth,2023,0
36963909,LancetDigitalHealth,2023,0
36963908,LancetDigitalHealth,2023,-1
36963907,LancetDigitalHealth,2023,0
36963906,LancetDigitalHealth,2023,-1
36963905,LancetDigitalHealth,2023,-1
36894409,LancetDigitalHealth,2023,3
36872190,LancetDigitalHealth,2023,-1
36872189,LancetDigitalHealth,2023,-1
36797124,LancetDigitalHealth,2023,-1
36828609,LancetDigitalHealth,2023,8
36828608,LancetDigitalHealth,2023,-1
36828607,LancetDigitalHealth,2023,14
36828606,LancetDigitalHealth,2023,14
36828605,LancetDigitalHealth,2023,78
36828604,LancetDigitalHealth,2023,32
36828602,LancetDigitalHealth,2023,0
36828601,LancetDigitalHealth,2023,78
36754725,LancetDigitalHealth,2023,3
36754724,LancetDigitalHealth,2023,-1
36754723,LancetDigitalHealth,2023,3
36707190,LancetDigitalHealth,2023,28
36707189,LancetDigitalHealth,2023,32
36707188,LancetDigitalHealth,2023,0
36707187,LancetDigitalHealth,2023,0
36707186,LancetDigitalHealth,2023,32
36707185,LancetDigitalHealth,2023,17
36528543,LancetDigitalHealth,2023,58
36528542,LancetDigitalHealth,2023,-1
36528541,LancetDigitalHealth,2023,7
36496303,LancetDigitalHealth,2023,25
36543476,LancetDigitalHealth,2023,58
36543475,LancetDigitalHealth,2023,67
36543474,LancetDigitalHealth,2023,-1
36517410,LancetDigitalHealth,2023,-1
36460578,LancetDigitalHealth,2023,5
36424338,LancetDigitalHealth,2023,-1
36424337,LancetDigitalHealth,2023,92
39613374,LancetDigitalHealth,2024,58
39613373,LancetDigitalHealth,2024,32
39613372,LancetDigitalHealth,2024,32
39547914,LancetDigitalHealth,2024,68
39547913,LancetDigitalHealth,2024,-1
39547912,LancetDigitalHealth,2024,-1
39547911,LancetDigitalHealth,2024,17
39419729,LancetDigitalHealth,2024,-1
39368871,LancetDigitalHealth,2024,6
39368870,LancetDigitalHealth,2024,6
39455195,LancetDigitalHealth,2024,0
39455194,LancetDigitalHealth,2024,-1
39455193,LancetDigitalHealth,2024,67
39455192,LancetDigitalHealth,2024,43
39455191,LancetDigitalHealth,2024,0
39455190,LancetDigitalHealth,2024,-1
39455189,LancetDigitalHealth,2024,-1
39455188,LancetDigitalHealth,2024,17
39384452,LancetDigitalHealth,2024,58
39379267,LancetDigitalHealth,2024,1
39358064,LancetDigitalHealth,2024,-1
39332937,LancetDigitalHealth,2024,14
39294061,LancetDigitalHealth,2024,3
39332855,LancetDigitalHealth,2024,-1
39332854,LancetDigitalHealth,2024,-1
39332853,LancetDigitalHealth,2024,0
39332852,LancetDigitalHealth,2024,-1
39332851,LancetDigitalHealth,2024,58
39332850,LancetDigitalHealth,2024,58
39332849,LancetDigitalHealth,2024,58
39232986,LancetDigitalHealth,2024,58
39214764,LancetDigitalHealth,2024,-1
39214763,LancetDigitalHealth,2024,-1
39214762,LancetDigitalHealth,2024,48
39214761,LancetDigitalHealth,2024,17
39214760,LancetDigitalHealth,2024,43
39214759,LancetDigitalHealth,2024,43
39214758,LancetDigitalHealth,2024,17
39179311,LancetDigitalHealth,2024,3
39179310,LancetDigitalHealth,2024,-1
39179309,LancetDigitalHealth,2024,58
39179308,LancetDigitalHealth,2024,62
39179307,LancetDigitalHealth,2024,62
39138096,LancetDigitalHealth,2024,0
39138095,LancetDigitalHealth,2024,-1
39112110,LancetDigitalHealth,2024,23
39033067,LancetDigitalHealth,2024,32
39059890,LancetDigitalHealth,2024,8
39059889,LancetDigitalHealth,2024,0
39059888,LancetDigitalHealth,2024,-1
39059887,LancetDigitalHealth,2024,0
39059886,LancetDigitalHealth,2024,58
39059885,LancetDigitalHealth,2024,0
39059884,LancetDigitalHealth,2024,-1
39059883,LancetDigitalHealth,2024,-1
39059882,LancetDigitalHealth,2024,-1
38987117,LancetDigitalHealth,2024,-1
38987116,LancetDigitalHealth,2024,25
38981834,LancetDigitalHealth,2024,32
38926009,LancetDigitalHealth,2024,62
38906618,LancetDigitalHealth,2024,-1
38906617,LancetDigitalHealth,2024,17
38906616,LancetDigitalHealth,2024,50
38906615,LancetDigitalHealth,2024,92
38906614,LancetDigitalHealth,2024,33
38906613,LancetDigitalHealth,2024,84
38906612,LancetDigitalHealth,2024,-1
38906611,LancetDigitalHealth,2024,6
38906610,LancetDigitalHealth,2024,58
38906609,LancetDigitalHealth,2024,58
38906608,LancetDigitalHealth,2024,-1
38906607,LancetDigitalHealth,2024,-1
38906606,LancetDigitalHealth,2024,65
38906605,LancetDigitalHealth,2024,-1
38906604,LancetDigitalHealth,2024,17
38849291,LancetDigitalHealth,2024,-1
38816299,LancetDigitalHealth,2024,62
38789142,LancetDigitalHealth,2024,6
38789141,LancetDigitalHealth,2024,43
38789140,LancetDigitalHealth,2024,-1
38789139,LancetDigitalHealth,2024,27
38789138,LancetDigitalHealth,2024,17
38789137,LancetDigitalHealth,2024,-1
38789136,LancetDigitalHealth,2024,-1
38789135,LancetDigitalHealth,2024,27
38670902,LancetDigitalHealth,2024,58
38664108,LancetDigitalHealth,2024,-1
38658283,LancetDigitalHealth,2024,3
38670745,LancetDigitalHealth,2024,-1
38670744,LancetDigitalHealth,2024,0
38670743,LancetDigitalHealth,2024,63
38670742,LancetDigitalHealth,2024,6
38670741,LancetDigitalHealth,2024,-1
38670740,LancetDigitalHealth,2024,0
38670739,LancetDigitalHealth,2024,-1
38670738,LancetDigitalHealth,2024,62
38670737,LancetDigitalHealth,2024,48
38670736,LancetDigitalHealth,2024,-1
38670735,LancetDigitalHealth,2024,11
38519155,LancetDigitalHealth,2024,5
38519154,LancetDigitalHealth,2024,34
38519153,LancetDigitalHealth,2024,43
38519152,LancetDigitalHealth,2024,27
38519151,LancetDigitalHealth,2024,17
38519150,LancetDigitalHealth,2024,-1
38519149,LancetDigitalHealth,2024,43
38519148,LancetDigitalHealth,2024,-1
38443309,LancetDigitalHealth,2024,33
38402128,LancetDigitalHealth,2024,68
38395542,LancetDigitalHealth,2024,68
38395541,LancetDigitalHealth,2024,30
38395540,LancetDigitalHealth,2024,-1
38395539,LancetDigitalHealth,2024,56
38395538,LancetDigitalHealth,2024,-1
38395537,LancetDigitalHealth,2024,63
38395536,LancetDigitalHealth,2024,58
38395535,LancetDigitalHealth,2024,47
38395534,LancetDigitalHealth,2024,47
38395532,LancetDigitalHealth,2024,-1
38395531,LancetDigitalHealth,2024,56
38395530,LancetDigitalHealth,2024,67
38262801,LancetDigitalHealth,2024,41
38212232,LancetDigitalHealth,2024,-1
38278619,LancetDigitalHealth,2024,0
38278618,LancetDigitalHealth,2024,17
38278617,LancetDigitalHealth,2024,36
38278616,LancetDigitalHealth,2024,-1
38278615,LancetDigitalHealth,2024,-1
38278614,LancetDigitalHealth,2024,48
38278613,LancetDigitalHealth,2024,99
38135556,LancetDigitalHealth,2024,-1
38123256,LancetDigitalHealth,2024,-1
38123255,LancetDigitalHealth,2024,-1
38123254,LancetDigitalHealth,2024,25
38123253,LancetDigitalHealth,2024,-1
38123252,LancetDigitalHealth,2024,-1
38123251,LancetDigitalHealth,2024,-1
38123250,LancetDigitalHealth,2024,32
38123249,LancetDigitalHealth,2024,-1
38071118,LancetDigitalHealth,2024,32
38065779,LancetDigitalHealth,2024,43
38065778,LancetDigitalHealth,2024,-1
37996339,LancetDigitalHealth,2024,22
37977999,LancetDigitalHealth,2024,-1
37968170,LancetDigitalHealth,2024,-1
41444071,LancetDigitalHealth,2025,79
41436327,LancetDigitalHealth,2025,-1
41421913,LancetDigitalHealth,2025,6
41419365,LancetDigitalHealth,2025,-1
41407582,LancetDigitalHealth,2025,-1
41391983,LancetDigitalHealth,2025,101
41387134,LancetDigitalHealth,2025,8
41339157,LancetDigitalHealth,2025,-1
41330821,LancetDigitalHealth,2025,62
41309428,LancetDigitalHealth,2025,32
41381302,LancetDigitalHealth,2025,-1
41381301,LancetDigitalHealth,2025,67
41381300,LancetDigitalHealth,2025,62
41381299,LancetDigitalHealth,2025,62
41372053,LancetDigitalHealth,2025,-1
41330822,LancetDigitalHealth,2025,42
41318283,LancetDigitalHealth,2025,-1
41290454,LancetDigitalHealth,2025,6
41290453,LancetDigitalHealth,2025,4
41276431,LancetDigitalHealth,2025,-1
41274833,LancetDigitalHealth,2025,13
41207814,LancetDigitalHealth,2025,36
41107202,LancetDigitalHealth,2025,7
41073188,LancetDigitalHealth,2025,62
41344797,LancetDigitalHealth,2025,-1
41241583,LancetDigitalHealth,2025,17
41241582,LancetDigitalHealth,2025,67
41241581,LancetDigitalHealth,2025,-1
41238507,LancetDigitalHealth,2025,49
41238506,LancetDigitalHealth,2025,49
41238505,LancetDigitalHealth,2025,62
41206261,LancetDigitalHealth,2025,-1
41206260,LancetDigitalHealth,2025,-1
41188115,LancetDigitalHealth,2025,33
41107201,LancetDigitalHealth,2025,84
41047321,LancetDigitalHealth,2025,3
41027822,LancetDigitalHealth,2025,-1
40998651,LancetDigitalHealth,2025,-1
40930926,LancetDigitalHealth,2025,-1
40866284,LancetDigitalHealth,2025,32
40866282,LancetDigitalHealth,2025,-1
40816978,LancetDigitalHealth,2025,42
40783350,LancetDigitalHealth,2025,-1
40866283,LancetDigitalHealth,2025,0
40858480,LancetDigitalHealth,2025,0
40829965,LancetDigitalHealth,2025,25
40816977,LancetDigitalHealth,2025,67
40803944,LancetDigitalHealth,2025,-1
40769794,LancetDigitalHealth,2025,43
40769793,LancetDigitalHealth,2025,43
40707334,LancetDigitalHealth,2025,62
40695651,LancetDigitalHealth,2025,50
40610362,LancetDigitalHealth,2025,6
40769792,LancetDigitalHealth,2025,39
40752990,LancetDigitalHealth,2025,62
40681372,LancetDigitalHealth,2025,62
40610361,LancetDigitalHealth,2025,0
40518342,LancetDigitalHealth,2025,65
40467357,LancetDigitalHealth,2025,-1
40414783,LancetDigitalHealth,2025,86
40404544,LancetDigitalHealth,2025,28
40544083,LancetDigitalHealth,2025,-1
40523833,LancetDigitalHealth,2025,17
40523832,LancetDigitalHealth,2025,-1
40483215,LancetDigitalHealth,2025,-1
40461350,LancetDigitalHealth,2025,-1
40461349,LancetDigitalHealth,2025,27
40368744,LancetDigitalHealth,2025,17
40345937,LancetDigitalHealth,2025,-1
40382274,LancetDigitalHealth,2025,4
40382273,LancetDigitalHealth,2025,17
40374487,LancetDigitalHealth,2025,-1
40374486,LancetDigitalHealth,2025,14
40360351,LancetDigitalHealth,2025,65
40312169,LancetDigitalHealth,2025,4
40204580,LancetDigitalHealth,2025,58
40204579,LancetDigitalHealth,2025,0
40185647,LancetDigitalHealth,2025,4
40148011,LancetDigitalHealth,2025,48
40148010,LancetDigitalHealth,2025,43
40148009,LancetDigitalHealth,2025,43
40148008,LancetDigitalHealth,2025,58
40148007,LancetDigitalHealth,2025,1
40148006,LancetDigitalHealth,2025,-1
40023729,LancetDigitalHealth,2025,14
39984419,LancetDigitalHealth,2025,42
39779452,LancetDigitalHealth,2025,3
39709282,LancetDigitalHealth,2025,0
40015765,LancetDigitalHealth,2025,41
40015764,LancetDigitalHealth,2025,-1
40015763,LancetDigitalHealth,2025,43
40015762,LancetDigitalHealth,2025,15
40015761,LancetDigitalHealth,2025,-1
40015760,LancetDigitalHealth,2025,-1
39904653,LancetDigitalHealth,2025,67
39904652,LancetDigitalHealth,2025,67
39794174,LancetDigitalHealth,2025,-1
39672737,LancetDigitalHealth,2025,-1
39890245,LancetDigitalHealth,2025,0
39890244,LancetDigitalHealth,2025,2
39890243,LancetDigitalHealth,2025,24
39890242,LancetDigitalHealth,2025,43
39890240,LancetDigitalHealth,2025,62
39890239,LancetDigitalHealth,2025,24
39890238,LancetDigitalHealth,2025,62
39890237,LancetDigitalHealth,2025,40
39709281,LancetDigitalHealth,2025,0
39603900,LancetDigitalHealth,2025,42
39722254,LancetDigitalHealth,2025,-1
39722253,LancetDigitalHealth,2025,43
39722252,LancetDigitalHealth,2025,-1
39722251,LancetDigitalHealth,2025,3
39722250,LancetDigitalHealth,2025,-1
39722249,LancetDigitalHealth,2025,-1
39722248,LancetDigitalHealth,2025,-1
39701920,LancetDigitalHealth,2025,-1
39701919,LancetDigitalHealth,2025,48
39665944,LancetDigitalHealth,2025,39
39572283,LancetDigitalHealth,2025,0
39550312,LancetDigitalHealth,2025,52
39550311,LancetDigitalHealth,2025,6
