pmid,journal_key,year,topic
33059366,JAMIA,2020,-1
32521006,JAMIA,2020,19
31943019,JAMIA,2020,-1
32935131,JAMIA,2020,34
32651588,JAMIA,2020,3
32951036,JAMIA,2020,34
32940694,JAMIA,2020,54
32208481,JAMIA,2020,37
32324855,JAMIA,2020,26
32692845,JAMIA,2020,26
32377676,JAMIA,2020,10
31889178,JAMIA,2020,21
33166397,JAMIA,2020,6
32100012,JAMIA,2020,-1
32016407,JAMIA,2020,1
32951031,JAMIA,2020,24
32196092,JAMIA,2020,30
32470974,JAMIA,2020,-1
31592532,JAMIA,2020,-1
32968785,JAMIA,2020,-1
32516374,JAMIA,2020,37
32090265,JAMIA,2020,-1
33202020,JAMIA,2020,43
32979046,JAMIA,2020,-1
31591641,JAMIA,2020,42
32458963,JAMIA,2020,-1
32374376,JAMIA,2020,8
32766692,JAMIA,2020,-1
31633756,JAMIA,2020,7
32134447,JAMIA,2020,10
32569358,JAMIA,2020,-1
32311036,JAMIA,2020,37
32772089,JAMIA,2020,3
32142114,JAMIA,2020,-1
32337561,JAMIA,2020,1
32392280,JAMIA,2020,-1
32885818,JAMIA,2020,56
32866249,JAMIA,2020,26
31889182,JAMIA,2020,2
33029642,JAMIA,2020,4
32068839,JAMIA,2020,42
32827027,JAMIA,2020,-1
33202021,JAMIA,2020,43
31722414,JAMIA,2020,1
32618999,JAMIA,2020,-1
32940711,JAMIA,2020,26
32683453,JAMIA,2020,-1
32442266,JAMIA,2020,37
32719838,JAMIA,2020,4
32232432,JAMIA,2020,-1
32835358,JAMIA,2020,37
32940673,JAMIA,2020,6
32343813,JAMIA,2020,-1
32940707,JAMIA,2020,6
32568392,JAMIA,2020,-1
32090259,JAMIA,2020,-1
32302395,JAMIA,2020,26
31841150,JAMIA,2020,42
32594122,JAMIA,2020,18
32940710,JAMIA,2020,6
32044989,JAMIA,2020,4
33043370,JAMIA,2020,27
32930712,JAMIA,2020,4
31913479,JAMIA,2020,-1
31592524,JAMIA,2020,6
32421829,JAMIA,2020,24
31605490,JAMIA,2020,4
32989446,JAMIA,2020,3
32940692,JAMIA,2020,-1
31943009,JAMIA,2020,46
32374378,JAMIA,2020,15
32240303,JAMIA,2020,37
32521001,JAMIA,2020,-1
31197355,JAMIA,2020,42
33067630,JAMIA,2020,2
31697326,JAMIA,2020,-1
32364234,JAMIA,2020,-1
32442252,JAMIA,2020,-1
31769835,JAMIA,2020,42
32472120,JAMIA,2020,4
33001156,JAMIA,2020,37
31999316,JAMIA,2020,-1
32620948,JAMIA,2020,1
32049282,JAMIA,2020,19
32761211,JAMIA,2020,-1
31592529,JAMIA,2020,3
31633755,JAMIA,2020,-1
32548638,JAMIA,2020,-1
32364233,JAMIA,2020,6
32279080,JAMIA,2020,6
32274495,JAMIA,2020,-1
32483629,JAMIA,2020,-1
32531066,JAMIA,2020,-1
32929494,JAMIA,2020,15
32377679,JAMIA,2020,-1
31841146,JAMIA,2020,49
32909034,JAMIA,2020,55
32106285,JAMIA,2020,39
31578546,JAMIA,2020,-1
31977041,JAMIA,2020,27
33202019,JAMIA,2020,55
32374408,JAMIA,2020,40
31794016,JAMIA,2020,4
33106874,JAMIA,2020,1
32055863,JAMIA,2020,55
31626294,JAMIA,2020,1
31584645,JAMIA,2020,7
32719859,JAMIA,2020,3
32548636,JAMIA,2020,11
31816040,JAMIA,2020,-1
32935124,JAMIA,2020,-1
31682267,JAMIA,2020,3
33120430,JAMIA,2020,1
32176802,JAMIA,2020,24
32176801,JAMIA,2020,55
33020847,JAMIA,2020,24
31334805,JAMIA,2020,42
32027357,JAMIA,2020,1
31943012,JAMIA,2020,42
33001154,JAMIA,2020,37
32918476,JAMIA,2020,-1
31710668,JAMIA,2020,0
32885823,JAMIA,2020,-1
31591640,JAMIA,2020,6
31722396,JAMIA,2020,40
31794030,JAMIA,2020,-1
32910823,JAMIA,2020,4
32483587,JAMIA,2020,3
33325524,JAMIA,2021,26
34549294,JAMIA,2021,43
33792724,JAMIA,2021,12
34343285,JAMIA,2021,11
34338763,JAMIA,2021,-1
33484128,JAMIA,2021,-1
34423364,JAMIA,2021,-1
34350942,JAMIA,2021,-1
33355350,JAMIA,2021,-1
33120411,JAMIA,2021,1
34664640,JAMIA,2021,8
33236109,JAMIA,2021,8
34313750,JAMIA,2021,-1
34086902,JAMIA,2021,-1
34338781,JAMIA,2021,-1
33706378,JAMIA,2021,-1
34963144,JAMIA,2021,-1
34151986,JAMIA,2021,11
33479727,JAMIA,2021,11
34022045,JAMIA,2021,26
33164065,JAMIA,2021,6
33566093,JAMIA,2021,-1
34383925,JAMIA,2021,34
33150354,JAMIA,2021,6
34623426,JAMIA,2021,37
32866264,JAMIA,2021,26
34010385,JAMIA,2021,-1
33712828,JAMIA,2021,-1
34383912,JAMIA,2021,-1
33043366,JAMIA,2021,-1
33211862,JAMIA,2021,3
34338801,JAMIA,2021,4
34664664,JAMIA,2021,1
34695190,JAMIA,2021,-1
34363654,JAMIA,2021,55
32894772,JAMIA,2021,26
34498059,JAMIA,2021,41
33185672,JAMIA,2021,11
34180527,JAMIA,2021,8
33587750,JAMIA,2021,55
34665246,JAMIA,2021,51
33186458,JAMIA,2021,17
33325514,JAMIA,2021,14
33575787,JAMIA,2021,3
34151988,JAMIA,2021,35
34333623,JAMIA,2021,-1
33029643,JAMIA,2021,3
34270710,JAMIA,2021,-1
33566082,JAMIA,2021,11
34100950,JAMIA,2021,27
33313899,JAMIA,2021,40
33338231,JAMIA,2021,14
33484123,JAMIA,2021,-1
33313867,JAMIA,2021,3
33576377,JAMIA,2021,37
33247720,JAMIA,2021,37
33215194,JAMIA,2021,0
34198342,JAMIA,2021,3
33340404,JAMIA,2021,20
33125032,JAMIA,2021,26
34472597,JAMIA,2021,35
34390582,JAMIA,2021,22
33260204,JAMIA,2021,-1
34261133,JAMIA,2021,37
33355351,JAMIA,2021,4
33063087,JAMIA,2021,3
33150369,JAMIA,2021,-1
34480569,JAMIA,2021,-1
33497439,JAMIA,2021,1
33175154,JAMIA,2021,3
33180917,JAMIA,2021,10
34725693,JAMIA,2021,20
34664647,JAMIA,2021,10
34459475,JAMIA,2021,-1
34963145,JAMIA,2021,-1
33027509,JAMIA,2021,-1
33316057,JAMIA,2021,-1
33484133,JAMIA,2021,7
33893511,JAMIA,2021,3
34142141,JAMIA,2021,13
34963143,JAMIA,2021,-1
34643710,JAMIA,2021,35
34672323,JAMIA,2021,22
33987667,JAMIA,2021,-1
33674830,JAMIA,2021,-1
34339500,JAMIA,2021,49
33713139,JAMIA,2021,-1
33550392,JAMIA,2021,3
33367831,JAMIA,2021,3
34741512,JAMIA,2021,-1
34387686,JAMIA,2021,1
33164082,JAMIA,2021,34
33319904,JAMIA,2021,4
33596593,JAMIA,2021,24
33871017,JAMIA,2021,47
34486675,JAMIA,2021,-1
34389848,JAMIA,2021,8
33164105,JAMIA,2021,13
33150404,JAMIA,2021,-1
33367815,JAMIA,2021,3
34010406,JAMIA,2021,50
33712850,JAMIA,2021,-1
34498063,JAMIA,2021,1
33355353,JAMIA,2021,7
34586386,JAMIA,2021,4
34333606,JAMIA,2021,6
33164063,JAMIA,2021,-1
33713131,JAMIA,2021,37
33120412,JAMIA,2021,1
33712836,JAMIA,2021,-1
33677514,JAMIA,2021,-1
33895824,JAMIA,2021,20
33260207,JAMIA,2021,37
33249472,JAMIA,2021,-1
34637521,JAMIA,2021,-1
34270701,JAMIA,2021,42
34486044,JAMIA,2021,13
34505903,JAMIA,2021,54
34529084,JAMIA,2021,32
33712848,JAMIA,2021,-1
33164054,JAMIA,2021,-1
33164058,JAMIA,2021,1
34695193,JAMIA,2021,3
33150942,JAMIA,2021,42
33150394,JAMIA,2021,-1
34151980,JAMIA,2021,-1
33930132,JAMIA,2021,51
33164077,JAMIA,2021,17
34472609,JAMIA,2021,16
33682004,JAMIA,2021,-1
33895839,JAMIA,2021,-1
33537756,JAMIA,2021,3
33835183,JAMIA,2021,1
33463691,JAMIA,2021,-1
34536285,JAMIA,2021,13
33164061,JAMIA,2021,6
34010425,JAMIA,2021,34
34569596,JAMIA,2021,6
34472611,JAMIA,2021,-1
33871016,JAMIA,2021,3
33355359,JAMIA,2021,4
33260201,JAMIA,2021,-1
33956981,JAMIA,2021,-1
34010404,JAMIA,2021,17
34613410,JAMIA,2022,-1
35380666,JAMIA,2022,-1
35311903,JAMIA,2022,18
35438796,JAMIA,2022,-1
36040190,JAMIA,2022,-1
35652167,JAMIA,2022,1
35139533,JAMIA,2022,40
35864720,JAMIA,2022,-1
35396996,JAMIA,2022,34
36514931,JAMIA,2022,3
35022741,JAMIA,2022,3
35713633,JAMIA,2022,6
36029243,JAMIA,2022,-1
35595301,JAMIA,2022,46
35015861,JAMIA,2022,-1
34897469,JAMIA,2022,36
35171985,JAMIA,2022,6
36164820,JAMIA,2022,46
35290460,JAMIA,2022,-1
35594902,JAMIA,2022,18
35301538,JAMIA,2022,-1
35869954,JAMIA,2022,36
36173361,JAMIA,2022,3
34405856,JAMIA,2022,-1
34888680,JAMIA,2022,26
36102131,JAMIA,2022,55
35985279,JAMIA,2022,-1
34472616,JAMIA,2022,-1
36063414,JAMIA,2022,49
36287916,JAMIA,2022,30
36264258,JAMIA,2022,1
36083212,JAMIA,2022,4
35137107,JAMIA,2022,22
35799373,JAMIA,2022,3
35333345,JAMIA,2022,2
35475536,JAMIA,2022,-1
36069887,JAMIA,2022,43
35190834,JAMIA,2022,58
34559880,JAMIA,2022,-1
35822556,JAMIA,2022,55
35417018,JAMIA,2022,3
36048014,JAMIA,2022,17
35773963,JAMIA,2022,24
36130409,JAMIA,2022,-1
35652172,JAMIA,2022,3
36040207,JAMIA,2022,1
36305781,JAMIA,2022,-1
36240449,JAMIA,2022,1
34918101,JAMIA,2022,-1
35271723,JAMIA,2022,3
35579334,JAMIA,2022,-1
35552418,JAMIA,2022,14
35920306,JAMIA,2022,0
35773948,JAMIA,2022,-1
35485600,JAMIA,2022,6
36166717,JAMIA,2022,8
35699571,JAMIA,2022,17
36036358,JAMIA,2022,14
35187571,JAMIA,2022,-1
35582885,JAMIA,2022,9
36217861,JAMIA,2022,4
35713640,JAMIA,2022,3
34850917,JAMIA,2022,6
35985294,JAMIA,2022,-1
34664656,JAMIA,2022,-1
35568993,JAMIA,2022,-1
36214629,JAMIA,2022,11
36228127,JAMIA,2022,0
36173371,JAMIA,2022,6
35822400,JAMIA,2022,13
34915552,JAMIA,2022,19
36169596,JAMIA,2022,13
34850890,JAMIA,2022,-1
35799370,JAMIA,2022,6
35666140,JAMIA,2022,-1
35641123,JAMIA,2022,39
35289369,JAMIA,2022,6
34864995,JAMIA,2022,54
35211742,JAMIA,2022,34
35994003,JAMIA,2022,14
35689652,JAMIA,2022,1
35751441,JAMIA,2022,0
35426943,JAMIA,2022,-1
34849972,JAMIA,2022,18
36474431,JAMIA,2022,-1
35380677,JAMIA,2022,13
34927681,JAMIA,2022,13
34927692,JAMIA,2022,-1
35048976,JAMIA,2022,6
34741505,JAMIA,2022,49
35187569,JAMIA,2022,3
35575780,JAMIA,2022,1
34897493,JAMIA,2022,3
34966930,JAMIA,2022,-1
35927964,JAMIA,2022,-1
35678579,JAMIA,2022,-1
36269091,JAMIA,2022,18
34741516,JAMIA,2022,6
35165743,JAMIA,2022,-1
36164826,JAMIA,2022,-1
35960171,JAMIA,2022,13
35595236,JAMIA,2022,26
35923088,JAMIA,2022,4
35864736,JAMIA,2022,26
34151976,JAMIA,2022,0
36308771,JAMIA,2022,10
36149257,JAMIA,2022,15
35751440,JAMIA,2022,14
36287639,JAMIA,2022,-1
35927972,JAMIA,2022,1
35640013,JAMIA,2022,3
34964467,JAMIA,2022,-1
35224632,JAMIA,2022,6
35182149,JAMIA,2022,-1
35831954,JAMIA,2022,3
35357470,JAMIA,2022,-1
35534996,JAMIA,2022,1
36040195,JAMIA,2022,0
36219786,JAMIA,2022,13
36382380,JAMIA,2022,13
35348688,JAMIA,2022,3
35923089,JAMIA,2022,25
35190832,JAMIA,2022,-1
36018731,JAMIA,2022,1
35137149,JAMIA,2022,11
35045179,JAMIA,2022,-1
36173351,JAMIA,2022,3
36125018,JAMIA,2022,1
35196369,JAMIA,2022,-1
36173364,JAMIA,2022,-1
36099154,JAMIA,2022,3
35442438,JAMIA,2022,3
35640010,JAMIA,2022,3
34613388,JAMIA,2022,-1
34559221,JAMIA,2022,21
35818340,JAMIA,2022,6
35167675,JAMIA,2022,54
38134400,JAMIA,2023,55
37952118,JAMIA,2023,6
37949101,JAMIA,2023,25
37934728,JAMIA,2023,-1
37903375,JAMIA,2023,-1
37885303,JAMIA,2023,54
37875066,JAMIA,2023,1
37847669,JAMIA,2023,12
37847668,JAMIA,2023,40
37847666,JAMIA,2023,0
37847653,JAMIA,2023,42
37846147,JAMIA,2023,29
37812784,JAMIA,2023,47
37812771,JAMIA,2023,-1
37769328,JAMIA,2023,-1
37725927,JAMIA,2023,4
37669138,JAMIA,2023,-1
37647884,JAMIA,2023,36
37812769,JAMIA,2023,1
37682264,JAMIA,2023,-1
37672004,JAMIA,2023,45
37669158,JAMIA,2023,9
37654094,JAMIA,2023,6
37647865,JAMIA,2023,1
37643734,JAMIA,2023,-1
37639629,JAMIA,2023,30
37639624,JAMIA,2023,2
37632234,JAMIA,2023,-1
37595575,JAMIA,2023,49
37587084,JAMIA,2023,-1
37572310,JAMIA,2023,-1
37555837,JAMIA,2023,-1
37550244,JAMIA,2023,-1
37550242,JAMIA,2023,-1
37535812,JAMIA,2023,-1
37558235,JAMIA,2023,13
37528051,JAMIA,2023,1
37507147,JAMIA,2023,35
37494964,JAMIA,2023,43
37494963,JAMIA,2023,43
37428893,JAMIA,2023,6
37352394,JAMIA,2023,3
37339524,JAMIA,2023,-1
37328444,JAMIA,2023,43
37187156,JAMIA,2023,43
37561535,JAMIA,2023,0
37475168,JAMIA,2023,3
37468440,JAMIA,2023,-1
37451682,JAMIA,2023,2
37433582,JAMIA,2023,1
37433577,JAMIA,2023,-1
37428897,JAMIA,2023,1
37414539,JAMIA,2023,6
37407272,JAMIA,2023,35
37390812,JAMIA,2023,6
37386768,JAMIA,2023,24
37381076,JAMIA,2023,-1
37369006,JAMIA,2023,-1
37364017,JAMIA,2023,6
37352404,JAMIA,2023,1
37335851,JAMIA,2023,2
37301740,JAMIA,2023,-1
37257883,JAMIA,2023,-1
37178155,JAMIA,2023,4
37100768,JAMIA,2023,43
37080559,JAMIA,2023,43
37040620,JAMIA,2023,43
37002953,JAMIA,2023,43
37337923,JAMIA,2023,53
37337922,JAMIA,2023,-1
37187160,JAMIA,2023,1
37172264,JAMIA,2023,36
37164621,JAMIA,2023,-1
37130346,JAMIA,2023,-1
37080563,JAMIA,2023,6
37087110,JAMIA,2023,-1
37043748,JAMIA,2023,-1
37029919,JAMIA,2023,-1
37027831,JAMIA,2023,36
36972263,JAMIA,2023,1
36970849,JAMIA,2023,-1
36928508,JAMIA,2023,12
36921287,JAMIA,2023,-1
36916740,JAMIA,2023,46
37146228,JAMIA,2023,24
37011638,JAMIA,2023,3
36905605,JAMIA,2023,23
36888891,JAMIA,2023,-1
36847736,JAMIA,2023,18
36809561,JAMIA,2023,20
36809550,JAMIA,2023,54
36806929,JAMIA,2023,-1
36795074,JAMIA,2023,-1
36795062,JAMIA,2023,49
36779911,JAMIA,2023,1
36924133,JAMIA,2023,55
36869748,JAMIA,2023,-1
36749093,JAMIA,2023,-1
36575995,JAMIA,2023,11
36259962,JAMIA,2023,17
36562638,JAMIA,2023,51
36548217,JAMIA,2023,6
36545752,JAMIA,2023,43
36545751,JAMIA,2023,24
36539234,JAMIA,2023,35
36512578,JAMIA,2023,1
36508503,JAMIA,2023,-1
36495567,JAMIA,2023,18
36478460,JAMIA,2023,3
36478240,JAMIA,2023,-1
36474423,JAMIA,2023,40
36451264,JAMIA,2023,-1
36651578,JAMIA,2023,40
36451262,JAMIA,2023,49
36451257,JAMIA,2023,-1
36323282,JAMIA,2023,3
36308445,JAMIA,2023,11
36255273,JAMIA,2023,11
36083213,JAMIA,2023,35
39078283,JAMIA,2024,-1
37964658,JAMIA,2024,-1
39052991,JAMIA,2024,7
38700253,JAMIA,2024,4
38078843,JAMIA,2024,-1
38164994,JAMIA,2024,-1
38722233,JAMIA,2024,-1
38308819,JAMIA,2024,-1
39081222,JAMIA,2024,-1
38990654,JAMIA,2024,-1
39026503,JAMIA,2024,-1
38263490,JAMIA,2024,54
38300790,JAMIA,2024,24
38412331,JAMIA,2024,-1
38109889,JAMIA,2024,2
39259920,JAMIA,2024,3
38934288,JAMIA,2024,30
38349850,JAMIA,2024,-1
38630580,JAMIA,2024,2
38302616,JAMIA,2024,-1
38193340,JAMIA,2024,19
38767857,JAMIA,2024,34
38244997,JAMIA,2024,-1
38879443,JAMIA,2024,-1
38679906,JAMIA,2024,-1
38422367,JAMIA,2024,-1
38926131,JAMIA,2024,19
38934289,JAMIA,2024,2
38796834,JAMIA,2024,-1
38558013,JAMIA,2024,6
37812770,JAMIA,2024,14
38078841,JAMIA,2024,1
37218375,JAMIA,2024,-1
38718216,JAMIA,2024,-1
37990631,JAMIA,2024,-1
38960731,JAMIA,2024,2
37952206,JAMIA,2024,-1
38900193,JAMIA,2024,34
38900207,JAMIA,2024,2
38366906,JAMIA,2024,55
38146986,JAMIA,2024,4
39001795,JAMIA,2024,15
38128118,JAMIA,2024,40
39018490,JAMIA,2024,-1
38726710,JAMIA,2024,46
38070173,JAMIA,2024,44
38894629,JAMIA,2024,54
39208311,JAMIA,2024,4
38366879,JAMIA,2024,-1
38516861,JAMIA,2024,18
39158361,JAMIA,2024,12
38216127,JAMIA,2024,43
38099504,JAMIA,2024,20
38412328,JAMIA,2024,-1
38894620,JAMIA,2024,3
38981117,JAMIA,2024,54
38269644,JAMIA,2024,2
38281124,JAMIA,2024,-1
38917428,JAMIA,2024,49
39401251,JAMIA,2024,43
38128123,JAMIA,2024,6
38733114,JAMIA,2024,54
39172387,JAMIA,2024,54
39208319,JAMIA,2024,4
38768444,JAMIA,2024,2
38598532,JAMIA,2024,16
38781289,JAMIA,2024,1
38981110,JAMIA,2024,54
38907738,JAMIA,2024,1
38531679,JAMIA,2024,-1
37352392,JAMIA,2024,-1
39078280,JAMIA,2024,54
39018498,JAMIA,2024,2
38641330,JAMIA,2024,55
39074173,JAMIA,2024,-1
38758666,JAMIA,2024,35
38917441,JAMIA,2024,2
38573195,JAMIA,2024,4
39047294,JAMIA,2024,-1
38471120,JAMIA,2024,-1
38065694,JAMIA,2024,-1
38917444,JAMIA,2024,2
38412333,JAMIA,2024,4
37475179,JAMIA,2024,-1
38777805,JAMIA,2024,4
38781312,JAMIA,2024,2
39110920,JAMIA,2024,6
37847667,JAMIA,2024,-1
38497958,JAMIA,2024,2
37847651,JAMIA,2024,-1
39058572,JAMIA,2024,-1
39301656,JAMIA,2024,14
38218723,JAMIA,2024,-1
38031453,JAMIA,2024,0
39058629,JAMIA,2024,54
38719204,JAMIA,2024,-1
38733117,JAMIA,2024,43
39325508,JAMIA,2024,20
38269618,JAMIA,2024,25
38273739,JAMIA,2024,2
39001791,JAMIA,2024,3
38833265,JAMIA,2024,-1
38481027,JAMIA,2024,58
38742457,JAMIA,2024,54
38037171,JAMIA,2024,-1
38622899,JAMIA,2024,54
39042516,JAMIA,2024,2
37665746,JAMIA,2024,44
38400744,JAMIA,2024,6
38383050,JAMIA,2024,39
38092686,JAMIA,2024,4
37279890,JAMIA,2024,-1
39429003,JAMIA,2024,-1
38796835,JAMIA,2024,1
38758655,JAMIA,2024,2
39231067,JAMIA,2024,54
38860534,JAMIA,2024,18
38134954,JAMIA,2024,10
38287641,JAMIA,2024,3
37354553,JAMIA,2024,-1
38055635,JAMIA,2024,24
38748991,JAMIA,2024,40
39180335,JAMIA,2024,-1
38916911,JAMIA,2024,4
38758667,JAMIA,2024,2
38511501,JAMIA,2024,2
38867279,JAMIA,2024,35
38563821,JAMIA,2024,-1
39301630,JAMIA,2024,-1
38713006,JAMIA,2024,34
38452289,JAMIA,2024,-1
38916922,JAMIA,2024,-1
37468448,JAMIA,2024,-1
38269642,JAMIA,2024,40
38960729,JAMIA,2024,-1
41289523,JAMIA,2025,-1
41069048,JAMIA,2025,56
41069025,JAMIA,2025,2
40990064,JAMIA,2025,34
40985459,JAMIA,2025,-1
40977375,JAMIA,2025,-1
41252585,JAMIA,2025,53
41093301,JAMIA,2025,20
41003645,JAMIA,2025,-1
40966445,JAMIA,2025,-1
40901703,JAMIA,2025,0
40886713,JAMIA,2025,36
40886699,JAMIA,2025,2
40848279,JAMIA,2025,-1
40981527,JAMIA,2025,-1
40981526,JAMIA,2025,52
40901706,JAMIA,2025,-1
40720634,JAMIA,2025,20
40694817,JAMIA,2025,36
40680297,JAMIA,2025,6
40668938,JAMIA,2025,-1
40680299,JAMIA,2025,2
40581801,JAMIA,2025,-1
40576211,JAMIA,2025,-1
40577098,JAMIA,2025,-1
40576265,JAMIA,2025,18
40574698,JAMIA,2025,2
40523007,JAMIA,2025,-1
40517328,JAMIA,2025,34
40498469,JAMIA,2025,34
40471670,JAMIA,2025,-1
40434406,JAMIA,2025,-1
40434395,JAMIA,2025,3
40207992,JAMIA,2025,-1
40538337,JAMIA,2025,55
40538336,JAMIA,2025,-1
40493528,JAMIA,2025,-1
40471674,JAMIA,2025,-1
40460029,JAMIA,2025,-1
40378254,JAMIA,2025,35
40359576,JAMIA,2025,6
40290063,JAMIA,2025,57
40390622,JAMIA,2025,2
40332983,JAMIA,2025,2
40298903,JAMIA,2025,3
40261908,JAMIA,2025,-1
40233206,JAMIA,2025,-1
40220286,JAMIA,2025,2
40190132,JAMIA,2025,2
40156924,JAMIA,2025,40
40152137,JAMIA,2025,-1
39950243,JAMIA,2025,48
40260457,JAMIA,2025,55
40119675,JAMIA,2025,2
40112188,JAMIA,2025,29
40085013,JAMIA,2025,43
40085006,JAMIA,2025,43
40079834,JAMIA,2025,6
40079825,JAMIA,2025,13
40079820,JAMIA,2025,34
40073213,JAMIA,2025,-1
40063704,JAMIA,2025,2
40056436,JAMIA,2025,-1
40036986,JAMIA,2025,17
39960735,JAMIA,2025,18
39946172,JAMIA,2025,13
39936843,JAMIA,2025,13
39936849,JAMIA,2025,24
39903169,JAMIA,2025,17
39883531,JAMIA,2025,-1
39873685,JAMIA,2025,14
39864407,JAMIA,2025,-1
39812777,JAMIA,2025,2
39963970,JAMIA,2025,13
39963969,JAMIA,2025,-1
39836496,JAMIA,2025,2
39832294,JAMIA,2025,43
39823371,JAMIA,2025,-1
39812778,JAMIA,2025,2
39798153,JAMIA,2025,-1
39798152,JAMIA,2025,-1
39789670,JAMIA,2025,6
39786898,JAMIA,2025,4
39775871,JAMIA,2025,39
39749875,JAMIA,2025,-1
39731515,JAMIA,2025,-1
39724913,JAMIA,2025,-1
39723811,JAMIA,2025,19
39715481,JAMIA,2025,54
39688513,JAMIA,2025,3
39836895,JAMIA,2025,53
39724921,JAMIA,2025,3
39724920,JAMIA,2025,4
39703187,JAMIA,2025,2
39688515,JAMIA,2025,-1
39671451,JAMIA,2025,6
39667364,JAMIA,2025,-1
39658328,JAMIA,2025,20
39657021,JAMIA,2025,-1
39656836,JAMIA,2025,2
39602813,JAMIA,2025,4
39569464,JAMIA,2025,1
39569431,JAMIA,2025,4
39560363,JAMIA,2025,-1
39579365,JAMIA,2025,24
39535891,JAMIA,2025,2
39530748,JAMIA,2025,4
39530740,JAMIA,2025,36
39520712,JAMIA,2025,15
39520711,JAMIA,2025,35
39504476,JAMIA,2025,25
39504474,JAMIA,2025,43
39499794,JAMIA,2025,2
39455061,JAMIA,2025,30
39413440,JAMIA,2025,3
39413438,JAMIA,2025,18
39401253,JAMIA,2025,23
39401245,JAMIA,2025,1
39396184,JAMIA,2025,2
39394736,JAMIA,2025,55
39394724,JAMIA,2025,-1
39340474,JAMIA,2025,-1
39172649,JAMIA,2025,-1
38946554,JAMIA,2025,21
34389867,JAMIA,2021,6
33779728,JAMIA,2021,-1
34100942,JAMIA,2021,-1
34260720,JAMIA,2021,0
33313792,JAMIA,2021,0
34597383,JAMIA,2021,6
33260212,JAMIA,2021,5
34406413,JAMIA,2021,-1
33175157,JAMIA,2021,1
33164100,JAMIA,2021,-1
33822095,JAMIA,2021,3
33367819,JAMIA,2021,3
33404593,JAMIA,2021,-1
33787894,JAMIA,2021,8
34725689,JAMIA,2021,-1
33197613,JBI,2020,21
33188907,JBI,2020,32
33137470,JBI,2020,23
33132138,JBI,2020,4
33127447,JBI,2020,19
33122119,JBI,2020,4
33096244,JBI,2020,32
33091572,JBI,2020,50
33080397,JBI,2020,46
33059047,JBI,2020,2
33035705,JBI,2020,-1
33035704,JBI,2020,-1
33011296,JBI,2020,29
33010425,JBI,2020,4
32992022,JBI,2020,10
32976990,JBI,2020,-1
32961308,JBI,2020,32
32961306,JBI,2020,-1
32971274,JBI,2020,-1
32961309,JBI,2020,-1
32943350,JBI,2020,18
32937215,JBI,2020,3
32927058,JBI,2020,-1
32919043,JBI,2020,0
32916305,JBI,2020,-1
32911081,JBI,2020,-1
32882394,JBI,2020,0
32860883,JBI,2020,16
32858168,JBI,2020,-1
32818667,JBI,2020,19
32818665,JBI,2020,42
32814201,JBI,2020,4
32882395,JBI,2020,-1
32818666,JBI,2020,-1
32814200,JBI,2020,36
32791237,JBI,2020,-1
32783923,JBI,2020,4
32783922,JBI,2020,-1
32777484,JBI,2020,0
32771540,JBI,2020,56
32771539,JBI,2020,4
32721582,JBI,2020,19
32717327,JBI,2020,35
32712156,JBI,2020,9
32711124,JBI,2020,15
32702521,JBI,2020,-1
32687984,JBI,2020,29
32682828,JBI,2020,38
32673791,JBI,2020,4
32673789,JBI,2020,19
32645382,JBI,2020,-1
32629044,JBI,2020,-1
32621884,JBI,2020,-1
32619692,JBI,2020,-1
32615159,JBI,2020,16
32603793,JBI,2020,20
32593693,JBI,2020,4
32574794,JBI,2020,6
32512210,JBI,2020,0
32562897,JBI,2020,29
32562896,JBI,2020,15
32562894,JBI,2020,9
32561445,JBI,2020,14
32535270,JBI,2020,32
32526280,JBI,2020,-1
32525020,JBI,2020,32
32512209,JBI,2020,-1
32504669,JBI,2020,44
32497685,JBI,2020,32
32470694,JBI,2020,6
32445856,JBI,2020,-1
32439479,JBI,2020,4
32407878,JBI,2020,6
32348850,JBI,2020,14
32454243,JBI,2020,42
32417444,JBI,2020,1
32339747,JBI,2020,19
32335226,JBI,2020,30
32298846,JBI,2020,-1
32278089,JBI,2020,-1
32234546,JBI,2020,15
32169670,JBI,2020,-1
32156641,JBI,2020,39
32151769,JBI,2020,-1
32147441,JBI,2020,4
32113005,JBI,2020,9
32113004,JBI,2020,14
32113003,JBI,2020,19
32087296,JBI,2020,-1
32068034,JBI,2020,16
32004641,JBI,2020,4
32001390,JBI,2020,-1
32001389,JBI,2020,-1
32001388,JBI,2020,-1
31917253,JBI,2020,17
31904428,JBI,2020,19
31901507,JBI,2020,4
31893527,JBI,2020,32
31891765,JBI,2020,19
31857202,JBI,2020,38
31622802,JBI,2020,44
34417011,JBI,2020,6
34417009,JBI,2020,-1
34417004,JBI,2020,55
31864851,JBI,2020,-1
31838211,JBI,2020,-1
31821887,JBI,2020,3
31756495,JBI,2020,-1
31711972,JBI,2020,4
34798158,JBI,2021,29
34781009,JBI,2021,6
34695581,JBI,2021,4
34699990,JBI,2021,9
34670175,JBI,2021,19
34666185,JBI,2021,23
34628062,JBI,2021,19
34628061,JBI,2021,-1
34607012,JBI,2021,-1
34601140,JBI,2021,11
34600144,JBI,2021,-1
34563692,JBI,2021,1
34560275,JBI,2021,-1
34534697,JBI,2021,19
34509637,JBI,2021,3
34506960,JBI,2021,6
34487888,JBI,2021,27
34481921,JBI,2021,38
34481057,JBI,2021,-1
34481056,JBI,2021,41
34474189,JBI,2021,41
34474188,JBI,2021,-1
34455090,JBI,2021,4
34411708,JBI,2021,-1
34411707,JBI,2021,4
34329789,JBI,2021,40
34325020,JBI,2021,4
34298155,JBI,2021,6
34245913,JBI,2021,-1
34229062,JBI,2021,22
34298154,JBI,2021,32
34284118,JBI,2021,-1
34237438,JBI,2021,32
34216803,JBI,2021,12
34192573,JBI,2021,-1
34171485,JBI,2021,-1
34153432,JBI,2021,22
34146717,JBI,2021,29
34139331,JBI,2021,19
34119692,JBI,2021,4
34119690,JBI,2021,19
34139330,JBI,2021,10
34120842,JBI,2021,-1
34119691,JBI,2021,16
34111555,JBI,2021,42
34087428,JBI,2021,14
34052441,JBI,2021,16
34044157,JBI,2021,4
34022422,JBI,2021,46
34022420,JBI,2021,11
33965640,JBI,2021,11
33965641,JBI,2021,22
33965639,JBI,2021,15
33965636,JBI,2021,41
33915272,JBI,2021,11
33887457,JBI,2021,-1
33862229,JBI,2021,19
33839303,JBI,2021,6
33838341,JBI,2021,-1
33831537,JBI,2021,-1
33831536,JBI,2021,-1
33831535,JBI,2021,32
33813030,JBI,2021,-1
33811986,JBI,2021,-1
33798715,JBI,2021,-1
33774204,JBI,2021,-1
33774203,JBI,2021,11
33753268,JBI,2021,11
33746080,JBI,2021,40
33737208,JBI,2021,16
33737205,JBI,2021,-1
33716168,JBI,2021,-1
33711544,JBI,2021,-1
33711538,JBI,2021,46
33617985,JBI,2021,-1
33610882,JBI,2021,-1
33737207,JBI,2021,4
33711542,JBI,2021,-1
33711541,JBI,2021,-1
33647519,JBI,2021,4
33640536,JBI,2021,38
33631382,JBI,2021,29
33610880,JBI,2021,-1
33610878,JBI,2021,37
33582296,JBI,2021,4
33640535,JBI,2021,-1
33581323,JBI,2021,19
33571675,JBI,2021,16
33545332,JBI,2021,0
33545331,JBI,2021,32
33497811,JBI,2021,39
33217541,JBI,2021,1
33378704,JBI,2021,29
33359548,JBI,2021,6
33352331,JBI,2021,16
33326867,JBI,2021,32
33359113,JBI,2021,-1
33359112,JBI,2021,19
33341543,JBI,2021,-1
33321199,JBI,2021,-1
33316421,JBI,2021,4
33290879,JBI,2021,19
33290878,JBI,2021,43
33276113,JBI,2021,-1
33271341,JBI,2021,0
33271340,JBI,2021,-1
33253896,JBI,2021,3
33232839,JBI,2021,-1
33220494,JBI,2021,34
36400329,JBI,2022,4
36375772,JBI,2022,43
36372346,JBI,2022,-1
36368631,JBI,2022,35
36309196,JBI,2022,38
36283580,JBI,2022,11
36280089,JBI,2022,12
36257482,JBI,2022,-1
36244612,JBI,2022,16
36243337,JBI,2022,19
36229001,JBI,2022,-1
36220544,JBI,2022,40
36184069,JBI,2022,42
36182054,JBI,2022,-1
35995107,JBI,2022,40
36122879,JBI,2022,-1
36113758,JBI,2022,-1
36100164,JBI,2022,46
36100163,JBI,2022,-1
36089199,JBI,2022,6
36089198,JBI,2022,4
36084801,JBI,2022,32
36064111,JBI,2022,40
36055638,JBI,2022,19
36038066,JBI,2022,2
35987449,JBI,2022,19
35998815,JBI,2022,0
35998813,JBI,2022,-1
35995106,JBI,2022,50
35985622,JBI,2022,4
35908625,JBI,2022,-1
35878824,JBI,2022,-1
35872266,JBI,2022,-1
35872265,JBI,2022,-1
35842217,JBI,2022,4
35840060,JBI,2022,16
35835438,JBI,2022,41
35835437,JBI,2022,7
35811025,JBI,2022,4
35781036,JBI,2022,47
35753606,JBI,2022,-1
35750261,JBI,2022,0
35690350,JBI,2022,46
35688332,JBI,2022,14
35660521,JBI,2022,40
35714819,JBI,2022,-1
35690351,JBI,2022,9
35671939,JBI,2022,47
35533991,JBI,2022,19
35533990,JBI,2022,4
35525400,JBI,2022,-1
35508272,JBI,2022,32
35504544,JBI,2022,-1
35490964,JBI,2022,15
35489596,JBI,2022,11
35452866,JBI,2022,9
35413440,JBI,2022,4
35429677,JBI,2022,35
35367654,JBI,2022,23
35367653,JBI,2022,-1
35351638,JBI,2022,40
35337944,JBI,2022,-1
35337943,JBI,2022,32
35318149,JBI,2022,-1
35318148,JBI,2022,-1
35181495,JBI,2022,-1
35301142,JBI,2022,-1
35283266,JBI,2022,32
35259544,JBI,2022,-1
35248796,JBI,2022,-1
35231649,JBI,2022,-1
35219883,JBI,2022,9
35202843,JBI,2022,-1
35183765,JBI,2022,21
35167976,JBI,2022,0
35181493,JBI,2022,-1
35176451,JBI,2022,19
35167978,JBI,2022,46
35167977,JBI,2022,-1
35158071,JBI,2022,1
35151869,JBI,2022,19
35144000,JBI,2022,-1
35134568,JBI,2022,3
35104643,JBI,2022,0
35104642,JBI,2022,-1
35085813,JBI,2022,-1
35085812,JBI,2022,39
35077901,JBI,2022,6
35077900,JBI,2022,-1
35007754,JBI,2022,43
35063668,JBI,2022,15
35051618,JBI,2022,32
35026414,JBI,2022,22
35007752,JBI,2022,-1
34995810,JBI,2022,38
34990838,JBI,2022,4
34974190,JBI,2022,-1
34906736,JBI,2022,-1
34920127,JBI,2022,4
34920125,JBI,2022,56
34906737,JBI,2022,7
34902551,JBI,2022,-1
34879250,JBI,2022,4
34875386,JBI,2022,19
34871807,JBI,2022,42
34839017,JBI,2022,32
34823030,JBI,2022,-1
34793972,JBI,2022,32
38048895,JBI,2023,23
37984548,JBI,2023,35
37984547,JBI,2023,47
37984546,JBI,2023,-1
37981107,JBI,2023,20
37956729,JBI,2023,41
37926392,JBI,2023,15
37918622,JBI,2023,6
37866640,JBI,2023,-1
37858852,JBI,2023,16
37852346,JBI,2023,14
37844677,JBI,2023,34
37838288,JBI,2023,9
37827477,JBI,2023,6
37827476,JBI,2023,-1
37813326,JBI,2023,19
37777164,JBI,2023,4
37769829,JBI,2023,-1
37722445,JBI,2023,-1
37704104,JBI,2023,-1
37678485,JBI,2023,-1
37657712,JBI,2023,-1
36283583,JBI,2023,-1
37648101,JBI,2023,10
37634557,JBI,2023,38
37604272,JBI,2023,47
37598737,JBI,2023,30
37595770,JBI,2023,25
37572825,JBI,2023,16
37549722,JBI,2023,-1
37531999,JBI,2023,4
37516375,JBI,2023,-1
37481052,JBI,2023,16
37488025,JBI,2023,0
37488024,JBI,2023,32
37488023,JBI,2023,4
37467836,JBI,2023,-1
37467834,JBI,2023,21
37455008,JBI,2023,51
37451495,JBI,2023,56
37451494,JBI,2023,-1
37437682,JBI,2023,-1
37429512,JBI,2023,15
37419375,JBI,2023,7
37380061,JBI,2023,19
37356640,JBI,2023,42
37355025,JBI,2023,-1
37352899,JBI,2023,19
37331495,JBI,2023,19
37315831,JBI,2023,32
37301528,JBI,2023,10
37385326,JBI,2023,4
37339714,JBI,2023,-1
37308034,JBI,2023,-1
37290540,JBI,2023,4
37276949,JBI,2023,4
37276948,JBI,2023,20
37270143,JBI,2023,-1
37257630,JBI,2023,32
37230406,JBI,2023,-1
37230405,JBI,2023,16
37225066,JBI,2023,19
37217028,JBI,2023,0
37211196,JBI,2023,42
37211195,JBI,2023,-1
37146741,JBI,2023,-1
37209976,JBI,2023,-1
37196989,JBI,2023,-1
37187321,JBI,2023,-1
37178780,JBI,2023,-1
37172634,JBI,2023,-1
37169058,JBI,2023,-1
37149275,JBI,2023,47
37105510,JBI,2023,40
37100106,JBI,2023,42
37088456,JBI,2023,-1
37086959,JBI,2023,-1
37086958,JBI,2023,0
37061012,JBI,2023,4
36935011,JBI,2023,4
37062419,JBI,2023,0
37061013,JBI,2023,41
37031755,JBI,2023,9
37023846,JBI,2023,4
37023845,JBI,2023,55
37023844,JBI,2023,-1
37023842,JBI,2023,0
37015304,JBI,2023,3
36963450,JBI,2023,21
36958462,JBI,2023,21
36958461,JBI,2023,4
36940896,JBI,2023,-1
36933632,JBI,2023,16
36893995,JBI,2023,-1
36804374,JBI,2023,4
36813154,JBI,2023,4
36806327,JBI,2023,-1
36791900,JBI,2023,-1
36791899,JBI,2023,-1
36781035,JBI,2023,4
36738871,JBI,2023,6
36738870,JBI,2023,-1
36736449,JBI,2023,57
36736447,JBI,2023,0
36736446,JBI,2023,47
36716983,JBI,2023,-1
36356933,JBI,2023,19
36309197,JBI,2023,42
36706848,JBI,2023,-1
36638935,JBI,2023,-1
36632861,JBI,2023,50
36632860,JBI,2023,42
36566954,JBI,2023,-1
36563828,JBI,2023,-1
36539106,JBI,2023,4
36535604,JBI,2023,-1
36528329,JBI,2023,4
36455806,JBI,2023,34
36403757,JBI,2023,-1
36400330,JBI,2023,35
39631488,JBI,2024,-1
39557209,JBI,2024,-1
39536999,JBI,2024,42
39510367,JBI,2024,6
39490610,JBI,2024,4
39486471,JBI,2024,-1
39476994,JBI,2024,19
39454703,JBI,2024,-1
39368529,JBI,2024,4
39368528,JBI,2024,4
39326691,JBI,2024,-1
39306314,JBI,2024,32
39299565,JBI,2024,6
39277154,JBI,2024,2
39187169,JBI,2024,55
39233209,JBI,2024,2
39182632,JBI,2024,40
39142598,JBI,2024,2
39121932,JBI,2024,-1
39079607,JBI,2024,17
39047932,JBI,2024,-1
39029770,JBI,2024,33
39019302,JBI,2024,-1
39019301,JBI,2024,-1
39009174,JBI,2024,34
39004109,JBI,2024,19
38880237,JBI,2024,7
39002866,JBI,2024,21
38960273,JBI,2024,39
38944260,JBI,2024,-1
38936566,JBI,2024,38
38936565,JBI,2024,46
38880235,JBI,2024,17
38876452,JBI,2024,40
38876451,JBI,2024,4
38852777,JBI,2024,-1
38851413,JBI,2024,34
38838949,JBI,2024,-1
38848886,JBI,2024,34
38788889,JBI,2024,54
38782169,JBI,2024,4
38754531,JBI,2024,-1
38734158,JBI,2024,13
38718897,JBI,2024,-1
38703936,JBI,2024,2
38701887,JBI,2024,-1
38697494,JBI,2024,-1
38692465,JBI,2024,6
38631462,JBI,2024,38
38631461,JBI,2024,19
38608915,JBI,2024,-1
38583580,JBI,2024,-1
38458578,JBI,2024,30
38447600,JBI,2024,42
38423266,JBI,2024,-1
38431151,JBI,2024,4
38423267,JBI,2024,19
38423265,JBI,2024,-1
38395099,JBI,2024,-1
38360080,JBI,2024,4
38346530,JBI,2024,-1
38331081,JBI,2024,42
38307358,JBI,2024,41
38086443,JBI,2024,32
38331082,JBI,2024,19
38272433,JBI,2024,4
38244956,JBI,2024,6
38199300,JBI,2024,0
38191012,JBI,2024,39
38191011,JBI,2024,-1
38163514,JBI,2024,2
38122841,JBI,2024,4
38101690,JBI,2024,-1
38101689,JBI,2024,2
38101688,JBI,2024,-1
38096945,JBI,2024,0
38081566,JBI,2024,-1
38081565,JBI,2024,1
38081564,JBI,2024,54
38056702,JBI,2024,4
41276241,JBI,2025,32
41260045,JBI,2025,16
41242669,JBI,2025,4
41237920,JBI,2025,-1
41232786,JBI,2025,-1
41205690,JBI,2025,56
41177245,JBI,2025,2
41177243,JBI,2025,2
41161557,JBI,2025,0
41161556,JBI,2025,25
41138952,JBI,2025,12
41135780,JBI,2025,-1
41138954,JBI,2025,0
41120049,JBI,2025,40
41110740,JBI,2025,4
41110738,JBI,2025,-1
41110737,JBI,2025,15
41101426,JBI,2025,50
41093122,JBI,2025,2
41067296,JBI,2025,16
41038297,JBI,2025,16
41022360,JBI,2025,6
41016623,JBI,2025,6
41015223,JBI,2025,-1
40998279,JBI,2025,-1
40972780,JBI,2025,-1
40953714,JBI,2025,16
40945670,JBI,2025,-1
40939950,JBI,2025,6
40907847,JBI,2025,54
40886813,JBI,2025,-1
40885281,JBI,2025,42
40876698,JBI,2025,34
40849054,JBI,2025,-1
40849052,JBI,2025,4
40849053,JBI,2025,2
40835041,JBI,2025,4
40835040,JBI,2025,-1
40818492,JBI,2025,-1
40796442,JBI,2025,-1
40744316,JBI,2025,-1
40730293,JBI,2025,-1
40730292,JBI,2025,4
40720988,JBI,2025,2
40712809,JBI,2025,-1
40701259,JBI,2025,-1
40680806,JBI,2025,2
40675403,JBI,2025,16
40664278,JBI,2025,19
40639555,JBI,2025,-1
40623578,JBI,2025,-1
40639554,JBI,2025,2
40484188,JBI,2025,0
40482691,JBI,2025,34
40456502,JBI,2025,-1
40447171,JBI,2025,2
40409423,JBI,2025,-1
40381869,JBI,2025,4
40360137,JBI,2025,-1
40360136,JBI,2025,-1
40345356,JBI,2025,6
40339968,JBI,2025,15
40339967,JBI,2025,21
40324665,JBI,2025,19
40316004,JBI,2025,40
40306353,JBI,2025,-1
40274037,JBI,2025,-1
40274036,JBI,2025,-1
40216371,JBI,2025,32
40209919,JBI,2025,-1
40209918,JBI,2025,0
40185299,JBI,2025,42
40164439,JBI,2025,46
40154721,JBI,2025,32
40139623,JBI,2025,16
40122480,JBI,2025,16
40122479,JBI,2025,-1
40058479,JBI,2025,2
40054590,JBI,2025,30
40049504,JBI,2025,0
39993588,JBI,2025,11
39971225,JBI,2025,-1
39961540,JBI,2025,6
39956346,JBI,2025,-1
39952627,JBI,2025,6
39923968,JBI,2025,42
39864718,JBI,2025,-1
39832607,JBI,2025,50
39832606,JBI,2025,22
39755324,JBI,2025,19
39746432,JBI,2025,-1
39746431,JBI,2025,14
39732354,JBI,2025,6
39722399,JBI,2025,-1
39674292,JBI,2025,16
39667602,JBI,2025,12
39631489,JBI,2025,-1
39622400,JBI,2025,4
30892255,JBHI,2020,-1
32750971,JBHI,2020,12
32142462,JBHI,2020,16
32340967,JBHI,2020,23
31059460,JBHI,2020,12
31478878,JBHI,2020,38
32031956,JBHI,2020,12
31329136,JBHI,2020,0
30990201,JBHI,2020,33
32071017,JBHI,2020,30
31976916,JBHI,2020,28
32175879,JBHI,2020,25
31871001,JBHI,2020,0
31581102,JBHI,2020,0
32167917,JBHI,2020,28
32750917,JBHI,2020,15
31715577,JBHI,2020,9
32324581,JBHI,2020,-1
30843855,JBHI,2020,9
30990451,JBHI,2020,0
30946681,JBHI,2020,-1
31670685,JBHI,2020,-1
31634145,JBHI,2020,0
31714244,JBHI,2020,23
32750900,JBHI,2020,-1
32886605,JBHI,2020,18
31056528,JBHI,2020,-1
31825883,JBHI,2020,25
31831453,JBHI,2020,19
32396110,JBHI,2020,46
31831454,JBHI,2020,9
32750936,JBHI,2020,15
31976919,JBHI,2020,33
31251203,JBHI,2020,25
31295130,JBHI,2020,-1
31369389,JBHI,2020,47
31796418,JBHI,2020,-1
31144647,JBHI,2020,9
31150350,JBHI,2020,-1
31613786,JBHI,2020,52
31715579,JBHI,2020,0
31283491,JBHI,2020,15
31352358,JBHI,2020,0
32175881,JBHI,2020,23
31976918,JBHI,2020,-1
31425126,JBHI,2020,0
32078570,JBHI,2020,0
32915751,JBHI,2020,11
31484143,JBHI,2020,14
30716055,JBHI,2020,-1
32749977,JBHI,2020,15
31869808,JBHI,2020,33
31581104,JBHI,2020,15
31398139,JBHI,2020,12
30932854,JBHI,2020,58
31352356,JBHI,2020,-1
32086225,JBHI,2020,9
31247581,JBHI,2020,-1
31380776,JBHI,2020,-1
32287022,JBHI,2020,25
32071014,JBHI,2020,0
31804946,JBHI,2020,23
33108303,JBHI,2020,11
32795973,JBHI,2020,-1
31403449,JBHI,2020,15
31581103,JBHI,2020,-1
31329137,JBHI,2020,12
32275627,JBHI,2020,2
32092022,JBHI,2020,0
30843854,JBHI,2020,-1
31380773,JBHI,2020,38
33170789,JBHI,2020,11
31403450,JBHI,2020,9
32886615,JBHI,2020,-1
31369391,JBHI,2020,-1
32092021,JBHI,2020,47
31056529,JBHI,2020,-1
31944967,JBHI,2020,-1
32749972,JBHI,2020,0
31199276,JBHI,2020,9
31567103,JBHI,2020,-1
32054591,JBHI,2020,39
31135373,JBHI,2020,9
33044938,JBHI,2020,11
31180875,JBHI,2020,-1
32750947,JBHI,2020,12
31689221,JBHI,2020,0
32750920,JBHI,2020,12
31976915,JBHI,2020,0
32750929,JBHI,2020,12
31107669,JBHI,2020,-1
31871000,JBHI,2020,32
32012030,JBHI,2020,25
31751254,JBHI,2020,45
32012031,JBHI,2020,0
31715578,JBHI,2020,-1
31603807,JBHI,2020,0
30946684,JBHI,2020,9
31199277,JBHI,2020,-1
32790636,JBHI,2020,0
30714937,JBHI,2020,-1
31449034,JBHI,2020,9
32997638,JBHI,2020,41
31107668,JBHI,2020,9
30802877,JBHI,2020,-1
31670683,JBHI,2020,25
31976917,JBHI,2020,47
31634852,JBHI,2020,32
31825885,JBHI,2020,38
32750921,JBHI,2020,46
31751255,JBHI,2020,29
32750973,JBHI,2020,-1
32750967,JBHI,2020,15
32071015,JBHI,2020,30
30990200,JBHI,2020,25
32248134,JBHI,2020,12
31095502,JBHI,2020,-1
31403451,JBHI,2020,12
31871002,JBHI,2020,9
31380775,JBHI,2020,0
32149701,JBHI,2020,15
32396109,JBHI,2020,50
32986562,JBHI,2020,12
33835929,JBHI,2021,12
34101609,JBHI,2021,0
32324580,JBHI,2021,9
33284756,JBHI,2021,-1
33465032,JBHI,2021,12
33497345,JBHI,2021,0
33347417,JBHI,2021,0
33373308,JBHI,2021,28
32881697,JBHI,2021,-1
33905339,JBHI,2021,0
33079687,JBHI,2021,0
33635801,JBHI,2021,4
34129511,JBHI,2021,-1
33497347,JBHI,2021,23
32287024,JBHI,2021,38
32976109,JBHI,2021,38
32224468,JBHI,2021,25
33914688,JBHI,2021,9
32750934,JBHI,2021,-1
33596179,JBHI,2021,-1
33929968,JBHI,2021,-1
33560994,JBHI,2021,28
33755570,JBHI,2021,9
33147151,JBHI,2021,23
33170786,JBHI,2021,7
34111016,JBHI,2021,30
33755571,JBHI,2021,14
34591775,JBHI,2021,11
33684049,JBHI,2021,29
32750928,JBHI,2021,0
32750906,JBHI,2021,14
33784628,JBHI,2021,15
32287027,JBHI,2021,0
33617456,JBHI,2021,25
33661740,JBHI,2021,19
34161248,JBHI,2021,39
33108302,JBHI,2021,28
32224469,JBHI,2021,9
33400657,JBHI,2021,28
32991296,JBHI,2021,0
32750980,JBHI,2021,0
32946403,JBHI,2021,9
32841131,JBHI,2021,0
33625991,JBHI,2021,0
34057900,JBHI,2021,0
32750972,JBHI,2021,25
34057902,JBHI,2021,0
33577463,JBHI,2021,23
34181562,JBHI,2021,15
33507874,JBHI,2021,47
33079686,JBHI,2021,-1
34288881,JBHI,2021,36
32749975,JBHI,2021,19
33095720,JBHI,2021,-1
32750982,JBHI,2021,9
32822314,JBHI,2021,25
33385314,JBHI,2021,4
33449889,JBHI,2021,38
33788697,JBHI,2021,0
33534720,JBHI,2021,4
33180737,JBHI,2021,33
34003759,JBHI,2021,-1
33571101,JBHI,2021,38
34018938,JBHI,2021,0
34347614,JBHI,2021,15
32750961,JBHI,2021,9
32750963,JBHI,2021,-1
32750944,JBHI,2021,9
32749987,JBHI,2021,28
33513119,JBHI,2021,0
32749985,JBHI,2021,30
32991294,JBHI,2021,56
33017299,JBHI,2021,9
32841133,JBHI,2021,15
32750965,JBHI,2021,25
32881699,JBHI,2021,-1
32750959,JBHI,2021,41
34003756,JBHI,2021,0
32324583,JBHI,2021,38
33326391,JBHI,2021,-1
33556028,JBHI,2021,0
32750949,JBHI,2021,9
33017300,JBHI,2021,9
33493122,JBHI,2021,15
32750913,JBHI,2021,0
32750907,JBHI,2021,0
34077377,JBHI,2021,25
32406849,JBHI,2021,9
33296317,JBHI,2021,33
34033552,JBHI,2021,12
33760743,JBHI,2021,33
32386167,JBHI,2021,0
33216722,JBHI,2021,16
32750979,JBHI,2021,-1
33264096,JBHI,2021,-1
32813665,JBHI,2021,25
33370240,JBHI,2021,-1
33095721,JBHI,2021,-1
32897865,JBHI,2021,16
34061756,JBHI,2021,14
33684051,JBHI,2021,0
32750912,JBHI,2021,0
34038374,JBHI,2021,23
32915752,JBHI,2021,0
33687854,JBHI,2021,0
32750899,JBHI,2021,0
33989160,JBHI,2021,9
33232248,JBHI,2021,0
34018941,JBHI,2021,20
32750952,JBHI,2021,15
32750926,JBHI,2021,0
33196445,JBHI,2021,14
33085624,JBHI,2021,28
32396111,JBHI,2021,15
33296316,JBHI,2021,15
33119515,JBHI,2021,0
32305948,JBHI,2021,-1
33237869,JBHI,2021,25
32750898,JBHI,2021,50
32396113,JBHI,2021,33
34357872,JBHI,2021,23
33400658,JBHI,2021,0
33481724,JBHI,2021,27
33406048,JBHI,2021,58
33882010,JBHI,2021,-1
32750954,JBHI,2021,28
33245698,JBHI,2021,9
33596178,JBHI,2021,15
32780703,JBHI,2021,0
32750983,JBHI,2021,23
32287025,JBHI,2021,-1
33905341,JBHI,2021,11
35984796,JBHI,2022,30
34415842,JBHI,2022,0
34191735,JBHI,2022,0
35439148,JBHI,2022,9
34714759,JBHI,2022,-1
35085096,JBHI,2022,30
34986110,JBHI,2022,-1
35767499,JBHI,2022,0
35471879,JBHI,2022,38
33848254,JBHI,2022,0
35157603,JBHI,2022,-1
35544509,JBHI,2022,9
35085095,JBHI,2022,28
37015542,JBHI,2022,-1
35077375,JBHI,2022,23
35015656,JBHI,2022,-1
34495854,JBHI,2022,-1
35333727,JBHI,2022,25
34329172,JBHI,2022,0
35609107,JBHI,2022,40
35881605,JBHI,2022,-1
35077374,JBHI,2022,37
35849679,JBHI,2022,25
35417361,JBHI,2022,9
36129856,JBHI,2022,15
35867368,JBHI,2022,25
35077372,JBHI,2022,47
34735349,JBHI,2022,25
36048978,JBHI,2022,58
35404825,JBHI,2022,-1
35380978,JBHI,2022,23
34941538,JBHI,2022,16
34995200,JBHI,2022,23
34748506,JBHI,2022,23
35255000,JBHI,2022,33
34767517,JBHI,2022,0
34843433,JBHI,2022,16
34347616,JBHI,2022,16
33905340,JBHI,2022,30
34310335,JBHI,2022,0
35976844,JBHI,2022,-1
34699375,JBHI,2022,0
35867365,JBHI,2022,-1
35201992,JBHI,2022,-1
36070258,JBHI,2022,16
34613925,JBHI,2022,0
35951559,JBHI,2022,-1
34197332,JBHI,2022,12
35930507,JBHI,2022,15
34550895,JBHI,2022,27
35298388,JBHI,2022,41
35157605,JBHI,2022,28
34495853,JBHI,2022,0
34748505,JBHI,2022,38
34495852,JBHI,2022,12
35130178,JBHI,2022,0
34847047,JBHI,2022,28
35939480,JBHI,2022,0
34115600,JBHI,2022,29
34543211,JBHI,2022,0
35849680,JBHI,2022,0
34181559,JBHI,2022,9
35724286,JBHI,2022,-1
34797767,JBHI,2022,0
34375294,JBHI,2022,0
34125693,JBHI,2022,16
35700245,JBHI,2022,0
34648462,JBHI,2022,0
35613061,JBHI,2022,-1
35767497,JBHI,2022,28
35143407,JBHI,2022,-1
35925854,JBHI,2022,58
34347610,JBHI,2022,32
34822333,JBHI,2022,16
34033551,JBHI,2022,28
34813482,JBHI,2022,51
35635825,JBHI,2022,0
35139032,JBHI,2022,0
35349464,JBHI,2022,12
34582353,JBHI,2022,-1
34347608,JBHI,2022,9
34797769,JBHI,2022,12
35503848,JBHI,2022,0
35687645,JBHI,2022,0
33793406,JBHI,2022,-1
34329173,JBHI,2022,30
34623286,JBHI,2022,9
34516382,JBHI,2022,25
35263265,JBHI,2022,58
35254999,JBHI,2022,0
36121945,JBHI,2022,-1
35609108,JBHI,2022,0
35412994,JBHI,2022,12
36121947,JBHI,2022,-1
34018942,JBHI,2022,25
35104232,JBHI,2022,12
34077376,JBHI,2022,38
34784289,JBHI,2022,-1
36001519,JBHI,2022,0
34314367,JBHI,2022,47
35930506,JBHI,2022,7
35380975,JBHI,2022,0
35849683,JBHI,2022,0
35763467,JBHI,2022,0
34170836,JBHI,2022,28
35653451,JBHI,2022,0
35503847,JBHI,2022,0
34018939,JBHI,2022,0
35038291,JBHI,2022,0
36170410,JBHI,2022,9
34460406,JBHI,2022,-1
36067109,JBHI,2022,-1
34882565,JBHI,2022,-1
36099222,JBHI,2022,25
35947565,JBHI,2022,11
35969552,JBHI,2022,-1
34818197,JBHI,2022,25
35767498,JBHI,2022,12
35511840,JBHI,2022,-1
35881606,JBHI,2022,28
35503854,JBHI,2022,0
35976843,JBHI,2022,-1
37022004,JBHI,2023,23
37030686,JBHI,2023,-1
37871094,JBHI,2023,15
37023161,JBHI,2023,0
36251915,JBHI,2023,0
35930509,JBHI,2023,56
37018254,JBHI,2023,0
37022917,JBHI,2023,4
37665700,JBHI,2023,-1
36355718,JBHI,2023,6
37021912,JBHI,2023,12
37022393,JBHI,2023,0
37847619,JBHI,2023,0
36318553,JBHI,2023,0
37432798,JBHI,2023,0
37399160,JBHI,2023,16
35635827,JBHI,2023,30
37115835,JBHI,2023,-1
36441877,JBHI,2023,28
35536819,JBHI,2023,15
37030703,JBHI,2023,-1
37566511,JBHI,2023,-1
35981060,JBHI,2023,25
37252866,JBHI,2023,0
37097791,JBHI,2023,0
37099476,JBHI,2023,0
35737624,JBHI,2023,30
37310835,JBHI,2023,0
37022371,JBHI,2023,0
37022394,JBHI,2023,25
37015610,JBHI,2023,12
37021898,JBHI,2023,0
37549083,JBHI,2023,52
37220032,JBHI,2023,30
37018684,JBHI,2023,14
37028312,JBHI,2023,23
37018304,JBHI,2023,0
37115834,JBHI,2023,9
37015493,JBHI,2023,0
36155470,JBHI,2023,0
37022818,JBHI,2023,28
36315545,JBHI,2023,0
37015447,JBHI,2023,11
36044503,JBHI,2023,-1
37843993,JBHI,2023,-1
37027562,JBHI,2023,16
35939479,JBHI,2023,25
37130257,JBHI,2023,16
37037254,JBHI,2023,27
37498758,JBHI,2023,0
37903039,JBHI,2023,-1
37478028,JBHI,2023,0
37561616,JBHI,2023,33
37471183,JBHI,2023,0
37792662,JBHI,2023,28
37725721,JBHI,2023,23
35511838,JBHI,2023,25
37022002,JBHI,2023,15
37812534,JBHI,2023,23
37163397,JBHI,2023,12
37155391,JBHI,2023,0
37467088,JBHI,2023,0
35353708,JBHI,2023,0
37015505,JBHI,2023,15
37022228,JBHI,2023,0
37252867,JBHI,2023,0
37695963,JBHI,2023,28
37058374,JBHI,2023,9
37030812,JBHI,2023,-1
37651480,JBHI,2023,-1
37079414,JBHI,2023,0
36327172,JBHI,2023,16
35696476,JBHI,2023,0
37079415,JBHI,2023,15
37083517,JBHI,2023,-1
37801390,JBHI,2023,0
35030087,JBHI,2023,30
37200132,JBHI,2023,28
35771792,JBHI,2023,30
37478027,JBHI,2023,-1
37247317,JBHI,2023,25
36269914,JBHI,2023,0
37713230,JBHI,2023,22
37018100,JBHI,2023,28
35594226,JBHI,2023,30
37030839,JBHI,2023,38
37643107,JBHI,2023,0
37639416,JBHI,2023,9
35417360,JBHI,2023,30
37695960,JBHI,2023,0
36121946,JBHI,2023,15
37204948,JBHI,2023,-1
36343005,JBHI,2023,9
37782591,JBHI,2023,-1
35759605,JBHI,2023,0
37247316,JBHI,2023,0
37698968,JBHI,2023,0
37018255,JBHI,2023,0
37022061,JBHI,2023,9
37027678,JBHI,2023,0
37104104,JBHI,2023,25
37021913,JBHI,2023,0
37018587,JBHI,2023,15
37428664,JBHI,2023,0
36350854,JBHI,2023,-1
37220034,JBHI,2023,0
37021914,JBHI,2023,33
37506010,JBHI,2023,38
36301792,JBHI,2023,0
37023160,JBHI,2024,-1
38190667,JBHI,2024,38
39186430,JBHI,2024,38
38889030,JBHI,2024,15
38157466,JBHI,2024,0
38079367,JBHI,2024,0
38289846,JBHI,2024,0
38875080,JBHI,2024,-1
36129857,JBHI,2024,33
38194408,JBHI,2024,0
38478459,JBHI,2024,0
38376973,JBHI,2024,0
38206780,JBHI,2024,-1
38319779,JBHI,2024,-1
38648143,JBHI,2024,15
38662559,JBHI,2024,39
38446658,JBHI,2024,0
39137084,JBHI,2024,12
38055360,JBHI,2024,58
37028374,JBHI,2024,30
37948141,JBHI,2024,0
38889025,JBHI,2024,16
38805334,JBHI,2024,0
38968015,JBHI,2024,30
38345955,JBHI,2024,-1
39093669,JBHI,2024,0
39120985,JBHI,2024,0
39110557,JBHI,2024,0
38857141,JBHI,2024,15
38648147,JBHI,2024,27
38345954,JBHI,2024,9
38345952,JBHI,2024,23
38127596,JBHI,2024,12
38157463,JBHI,2024,0
38470599,JBHI,2024,0
38963748,JBHI,2024,-1
37289606,JBHI,2024,0
38349825,JBHI,2024,15
38507373,JBHI,2024,58
38968012,JBHI,2024,58
38363665,JBHI,2024,0
38954565,JBHI,2024,16
38913516,JBHI,2024,0
38648145,JBHI,2024,28
38656853,JBHI,2024,-1
37023158,JBHI,2024,0
38739502,JBHI,2024,0
38319780,JBHI,2024,0
37155397,JBHI,2024,0
37490371,JBHI,2024,0
38857140,JBHI,2024,25
38470598,JBHI,2024,0
39374270,JBHI,2024,0
38687656,JBHI,2024,-1
39446533,JBHI,2024,38
37276109,JBHI,2024,28
38446652,JBHI,2024,-1
38805332,JBHI,2024,0
39178096,JBHI,2024,16
38051608,JBHI,2024,33
37436864,JBHI,2024,28
38442054,JBHI,2024,0
36269915,JBHI,2024,0
37022382,JBHI,2024,12
38843066,JBHI,2024,0
37991905,JBHI,2024,33
39196744,JBHI,2024,0
39250356,JBHI,2024,-1
38640044,JBHI,2024,16
38598367,JBHI,2024,16
38277252,JBHI,2024,28
38289848,JBHI,2024,0
38150340,JBHI,2024,-1
38381640,JBHI,2024,9
38805333,JBHI,2024,0
38843069,JBHI,2024,-1
39052463,JBHI,2024,23
38814766,JBHI,2024,28
38696290,JBHI,2024,28
38015679,JBHI,2024,9
38857139,JBHI,2024,0
38557614,JBHI,2024,38
38416613,JBHI,2024,15
38376971,JBHI,2024,0
38261492,JBHI,2024,25
38564358,JBHI,2024,16
38090820,JBHI,2024,15
38551823,JBHI,2024,33
38502613,JBHI,2024,28
38194409,JBHI,2024,-1
37399158,JBHI,2024,30
38980776,JBHI,2024,38
38917287,JBHI,2024,15
38442057,JBHI,2024,29
38319781,JBHI,2024,16
37028018,JBHI,2024,23
38913514,JBHI,2024,28
39178095,JBHI,2024,56
38768003,JBHI,2024,-1
39141450,JBHI,2024,33
39226204,JBHI,2024,0
38261491,JBHI,2024,28
38709611,JBHI,2024,38
39137085,JBHI,2024,47
38587946,JBHI,2024,0
37093722,JBHI,2024,9
38564357,JBHI,2024,11
38709613,JBHI,2024,28
37930927,JBHI,2024,0
38536686,JBHI,2024,0
38990748,JBHI,2024,16
38787660,JBHI,2024,0
38032776,JBHI,2024,23
40030412,JBHI,2024,0
38776202,JBHI,2024,28
38512747,JBHI,2024,14
39167519,JBHI,2024,28
37276108,JBHI,2024,-1
38133974,JBHI,2024,23
38100337,JBHI,2024,0
38442056,JBHI,2024,-1
39008396,JBHI,2024,-1
40966140,JBHI,2025,32
40031026,JBHI,2025,0
40030426,JBHI,2025,0
41284435,JBHI,2025,0
40030971,JBHI,2025,28
41396747,JBHI,2025,16
41433184,JBHI,2025,30
41359715,JBHI,2025,-1
39475735,JBHI,2025,9
40030190,JBHI,2025,-1
40238612,JBHI,2025,0
40232906,JBHI,2025,41
40768461,JBHI,2025,12
40478705,JBHI,2025,25
41284457,JBHI,2025,12
40100675,JBHI,2025,16
40526538,JBHI,2025,-1
41296964,JBHI,2025,-1
40587359,JBHI,2025,-1
40030671,JBHI,2025,25
40366845,JBHI,2025,28
40956749,JBHI,2025,38
37851554,JBHI,2025,19
39331558,JBHI,2025,9
39437278,JBHI,2025,47
40095841,JBHI,2025,0
40512642,JBHI,2025,25
40327467,JBHI,2025,30
40030494,JBHI,2025,0
40471744,JBHI,2025,0
41247895,JBHI,2025,0
38109249,JBHI,2025,16
40030274,JBHI,2025,0
40408213,JBHI,2025,28
40031832,JBHI,2025,33
40030652,JBHI,2025,-1
40198304,JBHI,2025,28
40889317,JBHI,2025,0
40030418,JBHI,2025,33
40215147,JBHI,2025,0
39412973,JBHI,2025,0
40560711,JBHI,2025,28
40202886,JBHI,2025,-1
41325115,JBHI,2025,0
38700973,JBHI,2025,0
40085457,JBHI,2025,19
41247892,JBHI,2025,-1
40424108,JBHI,2025,0
41348788,JBHI,2025,0
40063434,JBHI,2025,-1
39509308,JBHI,2025,28
41284456,JBHI,2025,15
39186432,JBHI,2025,15
40030942,JBHI,2025,16
40030423,JBHI,2025,0
39012745,JBHI,2025,0
40030328,JBHI,2025,0
40030701,JBHI,2025,-1
41284452,JBHI,2025,9
40030191,JBHI,2025,15
40198302,JBHI,2025,2
40031643,JBHI,2025,-1
41370156,JBHI,2025,0
40408216,JBHI,2025,16
40293893,JBHI,2025,0
37603476,JBHI,2025,0
40031025,JBHI,2025,40
41325121,JBHI,2025,9
39226206,JBHI,2025,0
40232908,JBHI,2025,23
41396749,JBHI,2025,58
40489279,JBHI,2025,21
40864576,JBHI,2025,2
40720264,JBHI,2025,28
40577308,JBHI,2025,38
40299745,JBHI,2025,16
39437276,JBHI,2025,2
40560709,JBHI,2025,0
40327469,JBHI,2025,16
40042949,JBHI,2025,0
41385417,JBHI,2025,28
40031027,JBHI,2025,0
39231049,JBHI,2025,15
39163184,JBHI,2025,0
40030301,JBHI,2025,0
39365725,JBHI,2025,11
41259168,JBHI,2025,58
40031740,JBHI,2025,16
39052464,JBHI,2025,0
41284430,JBHI,2025,14
40030432,JBHI,2025,16
39383087,JBHI,2025,-1
39405148,JBHI,2025,58
40030297,JBHI,2025,-1
41379896,JBHI,2025,0
39527410,JBHI,2025,0
40030421,JBHI,2025,0
40244836,JBHI,2025,16
38865230,JBHI,2025,33
40601462,JBHI,2025,0
40343817,JBHI,2025,38
39412976,JBHI,2025,12
40030780,JBHI,2025,12
40471743,JBHI,2025,33
39196745,JBHI,2025,0
41296953,JBHI,2025,15
40031837,JBHI,2025,33
39514354,JBHI,2025,0
40748801,JBHI,2025,-1
40323751,JBHI,2025,9
39259623,JBHI,2025,16
40982491,JBHI,2025,0
41313697,JBHI,2025,30
41284458,JBHI,2025,0
40343819,JBHI,2025,15
40030833,JBHI,2025,33
40705574,JBHI,2025,0
40031866,JBHI,2025,-1
40030473,JBHI,2025,51
40067716,JBHI,2025,12
40031384,JBHI,2025,15
39466873,JBHI,2025,-1
40168217,JBHI,2025,0
40327468,JBHI,2025,30
40138223,JBHI,2025,32
41442291,JBHI,2025,0
40323749,JBHI,2025,23
40397632,JBHI,2025,15
38843065,JBHI,2025,0
40402700,JBHI,2025,25
40048331,JBHI,2025,15
41086070,JBHI,2025,0
40408219,JBHI,2025,30
40031867,JBHI,2025,33
38959147,JBHI,2025,0
38483801,JBHI,2025,12
40111773,JBHI,2025,16
40030240,JBHI,2025,16
40048335,JBHI,2025,4
40305243,JBHI,2025,28
40031229,JBHI,2025,38
41259167,JBHI,2025,0
33091830,IJMI,2020,24
33080505,IJMI,2020,1
33080504,IJMI,2020,-1
33059242,IJMI,2020,45
33017724,IJMI,2020,3
33010730,IJMI,2020,14
33010729,IJMI,2020,-1
32992136,IJMI,2020,-1
32987350,IJMI,2020,-1
32979650,IJMI,2020,17
32961505,IJMI,2020,1
32961504,IJMI,2020,-1
32957015,IJMI,2020,1
32932143,IJMI,2020,24
32911257,IJMI,2020,11
32877853,IJMI,2020,-1
32947116,IJMI,2020,-1
32927229,IJMI,2020,11
32871492,IJMI,2020,-1
32871491,IJMI,2020,-1
32853974,IJMI,2020,1
32828034,IJMI,2020,-1
32828033,IJMI,2020,46
32771960,IJMI,2020,24
32768994,IJMI,2020,5
32739611,IJMI,2020,8
32721852,IJMI,2020,14
32688291,IJMI,2020,31
32683311,IJMI,2020,-1
32682317,IJMI,2020,0
32659739,IJMI,2020,29
32623330,IJMI,2020,7
32622341,IJMI,2020,-1
32593011,IJMI,2020,7
32593010,IJMI,2020,10
32593009,IJMI,2020,-1
32590229,IJMI,2020,-1
32570197,IJMI,2020,29
32570196,IJMI,2020,37
32559726,IJMI,2020,45
32559725,IJMI,2020,-1
32554239,IJMI,2020,35
32544824,IJMI,2020,-1
32544823,IJMI,2020,51
32540775,IJMI,2020,46
32535186,IJMI,2020,32
32534436,IJMI,2020,-1
32531726,IJMI,2020,-1
32531725,IJMI,2020,34
32526691,IJMI,2020,-1
32521449,IJMI,2020,-1
32506051,IJMI,2020,5
32492586,IJMI,2020,49
32485555,IJMI,2020,36
32485554,IJMI,2020,0
32485553,IJMI,2020,6
32474393,IJMI,2020,50
32460043,IJMI,2020,7
32402986,IJMI,2020,1
32388157,IJMI,2020,-1
32387819,IJMI,2020,8
32361145,IJMI,2020,-1
32353752,IJMI,2020,14
32353751,IJMI,2020,-1
32339929,IJMI,2020,-1
32334400,IJMI,2020,31
32330853,IJMI,2020,50
32330852,IJMI,2020,-1
32325369,IJMI,2020,0
32305023,IJMI,2020,27
32305022,IJMI,2020,4
32283479,IJMI,2020,5
32278288,IJMI,2020,17
32200295,IJMI,2020,1
32172186,IJMI,2020,-1
32172185,IJMI,2020,-1
32172184,IJMI,2020,-1
32146373,IJMI,2020,23
32126509,IJMI,2020,-1
32113970,IJMI,2020,18
32088557,IJMI,2020,-1
32078918,IJMI,2020,-1
32066084,IJMI,2020,-1
32078979,IJMI,2020,-1
32058263,IJMI,2020,-1
32058262,IJMI,2020,-1
32044698,IJMI,2020,12
32036321,IJMI,2020,10
32007730,IJMI,2020,18
32000012,IJMI,2020,3
31981744,IJMI,2020,-1
31978809,IJMI,2020,29
31962281,IJMI,2020,5
31958670,IJMI,2020,35
31926355,IJMI,2020,29
31923816,IJMI,2020,19
31918341,IJMI,2020,5
31918340,IJMI,2020,8
31864129,IJMI,2020,42
31865054,IJMI,2020,45
31864097,IJMI,2020,-1
31862610,IJMI,2020,35
31855847,IJMI,2020,-1
31816495,IJMI,2020,-1
31790858,IJMI,2020,-1
31630961,IJMI,2020,4
31778886,IJMI,2020,-1
31778885,IJMI,2020,-1
31733603,IJMI,2020,-1
31726385,IJMI,2020,-1
31707264,IJMI,2020,35
31706231,IJMI,2020,1
31706229,IJMI,2020,8
31706228,IJMI,2020,-1
31704490,IJMI,2020,42
31683142,IJMI,2020,-1
31675540,IJMI,2020,5
34710725,IJMI,2021,-1
34700194,IJMI,2021,-1
34695728,IJMI,2021,26
34688969,IJMI,2021,26
34662820,IJMI,2021,21
34649112,IJMI,2021,-1
34649111,IJMI,2021,-1
34638012,IJMI,2021,-1
34628257,IJMI,2021,46
34560490,IJMI,2021,12
34560489,IJMI,2021,1
34555555,IJMI,2021,0
34547625,IJMI,2021,14
34547624,IJMI,2021,50
34536808,IJMI,2021,-1
34525441,IJMI,2021,-1
34520934,IJMI,2021,31
34492483,IJMI,2021,8
34482150,IJMI,2021,57
34481300,IJMI,2021,-1
34474310,IJMI,2021,35
34474309,IJMI,2021,46
34455119,IJMI,2021,0
34455118,IJMI,2021,11
34411951,IJMI,2021,1
34391016,IJMI,2021,-1
34385097,IJMI,2021,-1
34343955,IJMI,2021,3
34332469,IJMI,2021,35
34332468,IJMI,2021,-1
34332467,IJMI,2021,26
34325206,IJMI,2021,8
34303136,IJMI,2021,8
34298425,IJMI,2021,31
34186433,IJMI,2021,12
34108105,IJMI,2021,39
34091145,IJMI,2021,-1
34087547,IJMI,2021,1
34058641,IJMI,2021,-1
34020170,IJMI,2021,45
34015657,IJMI,2021,8
34010786,IJMI,2021,-1
34004398,IJMI,2021,45
34000481,IJMI,2021,26
33984625,IJMI,2021,26
33964704,IJMI,2021,3
33964703,IJMI,2021,44
33940479,IJMI,2021,50
33933904,IJMI,2021,-1
33906020,IJMI,2021,14
33892445,IJMI,2021,-1
33878596,IJMI,2021,36
33866232,IJMI,2021,13
33866231,IJMI,2021,-1
33864979,IJMI,2021,-1
33838613,IJMI,2021,-1
33752170,IJMI,2021,-1
33735828,IJMI,2021,-1
33706032,IJMI,2021,-1
33706031,IJMI,2021,13
33684711,IJMI,2021,-1
33677397,IJMI,2021,35
33667930,IJMI,2021,-1
33667929,IJMI,2021,22
33652259,IJMI,2021,-1
33647601,IJMI,2021,13
33647600,IJMI,2021,21
33639328,IJMI,2021,17
33639327,IJMI,2021,-1
33592353,IJMI,2021,1
33588302,IJMI,2021,-1
33637406,IJMI,2021,18
33609927,IJMI,2021,8
33601253,IJMI,2021,8
33588216,IJMI,2021,-1
33581476,IJMI,2021,29
33540131,IJMI,2021,46
33517102,IJMI,2021,1
33515931,IJMI,2021,7
33486356,IJMI,2021,23
33486355,IJMI,2021,1
33485218,IJMI,2021,-1
33461009,IJMI,2021,0
33461008,IJMI,2021,7
33453635,IJMI,2021,-1
33422761,IJMI,2021,-1
33401170,IJMI,2021,5
33388480,IJMI,2021,12
33360791,IJMI,2021,1
33348274,IJMI,2021,-1
33341556,IJMI,2021,7
33260090,IJMI,2021,9
33242761,IJMI,2021,8
33232917,IJMI,2021,8
33202371,IJMI,2021,27
33197878,IJMI,2021,50
33157342,IJMI,2021,22
33142259,IJMI,2021,0
33129125,IJMI,2021,-1
33129123,IJMI,2021,3
33129122,IJMI,2021,3
33126060,IJMI,2021,50
33126059,IJMI,2021,14
33099184,IJMI,2021,50
36334465,IJMI,2022,-1
36334464,IJMI,2022,26
36332522,IJMI,2022,-1
36332521,IJMI,2022,24
36332520,IJMI,2022,17
36308867,IJMI,2022,7
36306652,IJMI,2022,50
36279654,IJMI,2022,1
36265361,IJMI,2022,10
36252337,IJMI,2022,1
36242855,IJMI,2022,17
36228416,IJMI,2022,26
36228415,IJMI,2022,20
36208533,IJMI,2022,3
36194993,IJMI,2022,36
36179598,IJMI,2022,-1
36174416,IJMI,2022,21
36174414,IJMI,2022,-1
36148752,IJMI,2022,35
36126353,IJMI,2022,10
36113383,IJMI,2022,17
36037594,IJMI,2022,8
36037593,IJMI,2022,-1
35998421,IJMI,2022,20
35988510,IJMI,2022,11
35973365,IJMI,2022,8
35930927,IJMI,2022,17
35908372,IJMI,2022,11
35870302,IJMI,2022,-1
35842978,IJMI,2022,22
35810657,IJMI,2022,1
35792376,IJMI,2022,8
35785604,IJMI,2022,-1
35753175,IJMI,2022,10
35728358,IJMI,2022,8
35714549,IJMI,2022,-1
35671586,IJMI,2022,-1
35644051,IJMI,2022,7
35642997,IJMI,2022,-1
35605460,IJMI,2022,-1
35597101,IJMI,2022,-1
35594810,IJMI,2022,11
35552190,IJMI,2022,-1
35552189,IJMI,2022,25
35526508,IJMI,2022,-1
35512624,IJMI,2022,3
35504130,IJMI,2022,-1
35487076,IJMI,2022,-1
35461149,IJMI,2022,-1
35461148,IJMI,2022,-1
35429722,IJMI,2022,34
35421836,IJMI,2022,-1
35405530,IJMI,2022,4
35398812,IJMI,2022,-1
35395475,IJMI,2022,-1
35390590,IJMI,2022,41
35358894,IJMI,2022,7
35358893,IJMI,2022,6
35339888,IJMI,2022,49
35339887,IJMI,2022,-1
35316697,IJMI,2022,-1
35305517,IJMI,2022,-1
34929546,IJMI,2022,-1
34929545,IJMI,2022,31
34923447,IJMI,2022,30
34922178,IJMI,2022,10
34915320,IJMI,2022,1
34915319,IJMI,2022,-1
34883386,IJMI,2022,3
34875485,IJMI,2022,26
34839119,IJMI,2022,-1
34826757,IJMI,2022,1
35299099,IJMI,2022,-1
35299098,IJMI,2022,20
35287099,IJMI,2022,-1
35279551,IJMI,2022,-1
35279550,IJMI,2022,-1
35240558,IJMI,2022,7
35231719,IJMI,2022,3
35196600,IJMI,2022,1
35183870,IJMI,2022,15
35168089,IJMI,2022,54
35158153,IJMI,2022,-1
35151221,IJMI,2022,43
35144102,IJMI,2022,8
35144100,IJMI,2022,-1
35131699,IJMI,2022,36
35124391,IJMI,2022,1
35121356,IJMI,2022,-1
35121355,IJMI,2022,7
35078026,IJMI,2022,23
35033982,IJMI,2022,24
35007924,IJMI,2022,-1
34999411,IJMI,2022,-1
34999410,IJMI,2022,-1
34990942,IJMI,2022,-1
34990941,IJMI,2022,1
34990940,IJMI,2022,-1
34990939,IJMI,2022,57
34979435,IJMI,2022,0
34979434,IJMI,2022,-1
34973608,IJMI,2022,-1
34785487,IJMI,2022,-1
34775213,IJMI,2022,0
34773800,IJMI,2022,0
34768031,IJMI,2022,37
34753040,IJMI,2022,-1
34741893,IJMI,2022,-1
34741892,IJMI,2022,-1
37890203,IJMI,2023,-1
37224643,IJMI,2023,-1
37690224,IJMI,2023,-1
36603390,IJMI,2023,27
37866277,IJMI,2023,0
37708836,IJMI,2023,10
37406571,IJMI,2023,-1
37329765,IJMI,2023,10
37290214,IJMI,2023,29
37121138,IJMI,2023,-1
37182411,IJMI,2023,1
37703798,IJMI,2023,-1
36905746,IJMI,2023,14
37028259,IJMI,2023,49
36347141,IJMI,2023,24
37148868,IJMI,2023,14
37944274,IJMI,2023,-1
36787689,IJMI,2023,-1
37742400,IJMI,2023,-1
36934610,IJMI,2023,45
37422969,IJMI,2023,0
37527596,IJMI,2023,8
37531718,IJMI,2023,31
37806176,IJMI,2023,29
37487455,IJMI,2023,3
37516037,IJMI,2023,-1
37517906,IJMI,2023,53
37619395,IJMI,2023,-1
37354875,IJMI,2023,5
37075550,IJMI,2023,-1
37094545,IJMI,2023,0
37163956,IJMI,2023,5
37864949,IJMI,2023,1
37002986,IJMI,2023,31
37586309,IJMI,2023,-1
36638582,IJMI,2023,-1
37806177,IJMI,2023,31
37741084,IJMI,2023,53
37688835,IJMI,2023,-1
37619394,IJMI,2023,26
36502742,IJMI,2023,22
37030145,IJMI,2023,27
37864948,IJMI,2023,6
37729839,IJMI,2023,21
37267809,IJMI,2023,10
37657203,IJMI,2023,-1
36893655,IJMI,2023,-1
37329766,IJMI,2023,31
37220702,IJMI,2023,0
36774907,IJMI,2023,-1
39491383,IJMI,2023,8
37688834,IJMI,2023,31
37295138,IJMI,2023,4
37769368,IJMI,2023,11
36603388,IJMI,2023,35
37651778,IJMI,2023,26
36621078,IJMI,2023,51
37156168,IJMI,2023,-1
37419042,IJMI,2023,-1
36521422,IJMI,2023,17
36708665,IJMI,2023,33
37290271,IJMI,2023,37
37295139,IJMI,2023,10
36577202,IJMI,2023,-1
37797352,IJMI,2023,-1
36563469,IJMI,2023,24
36603389,IJMI,2023,-1
37480595,IJMI,2023,-1
37001474,IJMI,2023,14
37172507,IJMI,2023,-1
37302362,IJMI,2023,43
37603940,IJMI,2023,0
37419041,IJMI,2023,3
37329764,IJMI,2023,31
37774429,IJMI,2023,21
37549500,IJMI,2023,-1
37757628,IJMI,2023,-1
36565546,IJMI,2023,17
37944275,IJMI,2023,50
37295137,IJMI,2023,-1
37473658,IJMI,2023,11
36948060,IJMI,2023,-1
37549501,IJMI,2023,8
37369153,IJMI,2023,-1
37454558,IJMI,2023,-1
36758303,IJMI,2023,-1
36963322,IJMI,2023,13
39491382,IJMI,2023,-1
37778057,IJMI,2023,-1
37922660,IJMI,2023,8
36608629,IJMI,2023,-1
37549498,IJMI,2023,0
37820561,IJMI,2023,57
36724729,IJMI,2023,9
37453178,IJMI,2023,24
37494783,IJMI,2023,-1
37703800,IJMI,2023,-1
37517300,IJMI,2023,3
37544241,IJMI,2023,8
36442443,IJMI,2023,-1
36521423,IJMI,2023,13
37311293,IJMI,2023,1
36508751,IJMI,2023,3
36347139,IJMI,2023,-1
36921480,IJMI,2023,15
37931432,IJMI,2023,2
36599261,IJMI,2023,16
37633115,IJMI,2023,-1
37307720,IJMI,2023,-1
37591010,IJMI,2023,-1
37307721,IJMI,2023,26
36462398,IJMI,2023,-1
37948981,IJMI,2024,1
38218129,IJMI,2024,-1
38401204,IJMI,2024,5
38970878,IJMI,2024,21
39153282,IJMI,2024,6
39151245,IJMI,2024,2
38244479,IJMI,2024,27
39306909,IJMI,2024,17
39142178,IJMI,2024,14
38417238,IJMI,2024,30
38547627,IJMI,2024,31
39121529,IJMI,2024,-1
38968689,IJMI,2024,14
39159506,IJMI,2024,12
39096595,IJMI,2024,15
38330523,IJMI,2024,-1
38281451,IJMI,2024,8
39326213,IJMI,2024,-1
38061185,IJMI,2024,-1
37979500,IJMI,2024,44
38743996,IJMI,2024,-1
38377725,IJMI,2024,20
39317035,IJMI,2024,-1
39106771,IJMI,2024,26
38815317,IJMI,2024,8
38935999,IJMI,2024,-1
38310755,IJMI,2024,3
37972483,IJMI,2024,8
39442486,IJMI,2024,-1
38964004,IJMI,2024,51
37952405,IJMI,2024,49
38851131,IJMI,2024,0
38141563,IJMI,2024,1
38518678,IJMI,2024,-1
38493547,IJMI,2024,56
38507980,IJMI,2024,-1
38325122,IJMI,2024,-1
39079316,IJMI,2024,44
38061187,IJMI,2024,-1
39393122,IJMI,2024,21
38493546,IJMI,2024,-1
38492407,IJMI,2024,17
38199191,IJMI,2024,51
38692233,IJMI,2024,-1
38815318,IJMI,2024,10
38776718,IJMI,2024,-1
38754284,IJMI,2024,21
39226635,IJMI,2024,17
38761460,IJMI,2024,1
39357218,IJMI,2024,13
38653062,IJMI,2024,-1
38518676,IJMI,2024,1
38935998,IJMI,2024,-1
38518677,IJMI,2024,14
39393126,IJMI,2024,6
38513323,IJMI,2024,-1
38723429,IJMI,2024,-1
39133962,IJMI,2024,1
38368698,IJMI,2024,-1
39288667,IJMI,2024,5
38833841,IJMI,2024,8
38608423,IJMI,2024,24
39427386,IJMI,2024,14
38648684,IJMI,2024,29
38564961,IJMI,2024,5
38266426,IJMI,2024,1
38669733,IJMI,2024,1
38091862,IJMI,2024,11
38184939,IJMI,2024,21
38772276,IJMI,2024,-1
38615510,IJMI,2024,8
38643700,IJMI,2024,24
39018708,IJMI,2024,17
39002206,IJMI,2024,8
39084085,IJMI,2024,26
38360443,IJMI,2024,18
39068893,IJMI,2024,31
38678674,IJMI,2024,0
39313408,IJMI,2024,18
38218130,IJMI,2024,24
37972481,IJMI,2024,13
39393123,IJMI,2024,0
38211423,IJMI,2024,21
39255725,IJMI,2024,6
39208536,IJMI,2024,0
38889535,IJMI,2024,-1
38733641,IJMI,2024,-1
39096594,IJMI,2024,-1
39293161,IJMI,2024,-1
39393125,IJMI,2024,-1
38810498,IJMI,2024,2
39423652,IJMI,2024,-1
37995386,IJMI,2024,36
39357219,IJMI,2024,2
38905958,IJMI,2024,21
39116557,IJMI,2024,-1
39018707,IJMI,2024,6
38163394,IJMI,2024,5
39437512,IJMI,2024,2
39396418,IJMI,2024,0
39426239,IJMI,2024,20
37979501,IJMI,2024,44
39079317,IJMI,2024,16
37981440,IJMI,2024,35
38437753,IJMI,2024,-1
38157785,IJMI,2024,2
38029700,IJMI,2024,20
38531256,IJMI,2024,7
38430733,IJMI,2024,3
39321491,IJMI,2024,-1
39032453,IJMI,2024,-1
39321492,IJMI,2024,44
38016404,IJMI,2024,-1
38554589,IJMI,2024,14
39137666,IJMI,2024,8
39097512,IJMI,2024,31
39106773,IJMI,2024,-1
38564960,IJMI,2024,39
38286086,IJMI,2024,-1
39317034,IJMI,2024,-1
39096593,IJMI,2024,9
38118260,IJMI,2024,0
38520907,IJMI,2024,46
38583216,IJMI,2024,-1
39128399,IJMI,2024,-1
39244920,IJMI,2024,-1
38531254,IJMI,2024,20
39226634,IJMI,2024,17
38703744,IJMI,2024,-1
39111243,IJMI,2024,14
38011806,IJMI,2024,49
39094548,IJMI,2024,14
39671852,IJMI,2025,9
39642592,IJMI,2025,20
40409170,IJMI,2025,8
39561667,IJMI,2025,15
40220628,IJMI,2025,0
40753861,IJMI,2025,-1
40582297,IJMI,2025,0
39827570,IJMI,2025,-1
40020442,IJMI,2025,-1
39826407,IJMI,2025,-1
39671851,IJMI,2025,4
39481176,IJMI,2025,10
40239371,IJMI,2025,3
40749353,IJMI,2025,4
40882599,IJMI,2025,15
40359595,IJMI,2025,1
39970491,IJMI,2025,0
39848077,IJMI,2025,1
39515045,IJMI,2025,0
40153889,IJMI,2025,21
39671853,IJMI,2025,13
40132236,IJMI,2025,21
39884034,IJMI,2025,50
39612701,IJMI,2025,-1
39862566,IJMI,2025,45
39889672,IJMI,2025,-1
40147416,IJMI,2025,14
40174321,IJMI,2025,-1
39644795,IJMI,2025,3
40633300,IJMI,2025,-1
40179622,IJMI,2025,0
40073649,IJMI,2025,3
40286706,IJMI,2025,1
40300486,IJMI,2025,-1
40349525,IJMI,2025,12
40840165,IJMI,2025,-1
39708667,IJMI,2025,-1
40286705,IJMI,2025,20
40147415,IJMI,2025,2
39862564,IJMI,2025,0
40300485,IJMI,2025,57
40157247,IJMI,2025,35
39999765,IJMI,2025,35
39626595,IJMI,2025,6
40252305,IJMI,2025,6
39705917,IJMI,2025,47
39509952,IJMI,2025,-1
39933200,IJMI,2025,45
39531902,IJMI,2025,21
39904180,IJMI,2025,0
40328058,IJMI,2025,24
40582296,IJMI,2025,20
39644794,IJMI,2025,11
40198931,IJMI,2025,-1
39571390,IJMI,2025,31
40706196,IJMI,2025,2
39721113,IJMI,2025,0
40700972,IJMI,2025,26
39708670,IJMI,2025,39
40073650,IJMI,2025,14
39500036,IJMI,2025,6
39923294,IJMI,2025,-1
39983467,IJMI,2025,57
40245723,IJMI,2025,-1
39647290,IJMI,2025,2
40209320,IJMI,2025,17
40300487,IJMI,2025,1
39951961,IJMI,2025,-1
39708668,IJMI,2025,-1
40540952,IJMI,2025,1
40120168,IJMI,2025,9
40513381,IJMI,2025,14
40273596,IJMI,2025,-1
39965432,IJMI,2025,-1
40513382,IJMI,2025,4
40435811,IJMI,2025,39
39531901,IJMI,2025,-1
39742856,IJMI,2025,7
40591983,IJMI,2025,6
39721114,IJMI,2025,7
40339529,IJMI,2025,13
40440912,IJMI,2025,-1
40107040,IJMI,2025,-1
40603232,IJMI,2025,-1
40367580,IJMI,2025,47
40157245,IJMI,2025,-1
40286704,IJMI,2025,33
39778467,IJMI,2025,-1
40479778,IJMI,2025,2
40203463,IJMI,2025,50
39500035,IJMI,2025,-1
40187299,IJMI,2025,0
39603152,IJMI,2025,17
40840164,IJMI,2025,-1
39657402,IJMI,2025,50
40347602,IJMI,2025,21
40639122,IJMI,2025,-1
40120169,IJMI,2025,49
40700974,IJMI,2025,8
40774167,IJMI,2025,50
39823968,IJMI,2025,36
40700973,IJMI,2025,-1
40617017,IJMI,2025,2
39817978,IJMI,2025,0
39579585,IJMI,2025,-1
39581013,IJMI,2025,8
40393256,IJMI,2025,2
39657401,IJMI,2025,10
39854783,IJMI,2025,0
40252304,IJMI,2025,0
40816034,IJMI,2025,2
40398269,IJMI,2025,1
40203586,IJMI,2025,-1
39874615,IJMI,2025,21
40633299,IJMI,2025,57
40706199,IJMI,2025,4
39719743,IJMI,2025,56
39864108,IJMI,2025,-1
39986124,IJMI,2025,17
39761617,IJMI,2025,57
40505248,IJMI,2025,0
39631268,IJMI,2025,-1
39454328,IJMI,2025,57
39471700,IJMI,2025,2
40505249,IJMI,2025,51
40413979,IJMI,2025,8
39954392,IJMI,2025,13
40523336,IJMI,2025,21
39842185,IJMI,2025,4
40609461,IJMI,2025,2
40157244,IJMI,2025,0
39546951,IJMI,2025,7
39970492,IJMI,2025,-1
40494217,IJMI,2025,20
39608231,IJMI,2025,-1
40015152,IJMI,2025,14
40409169,IJMI,2025,-1
40729776,IJMI,2025,40
40121768,IJMI,2025,1
39919533,IJMI,2025,10
40412141,IJMI,2025,-1
40845523,IJMI,2025,-1
40300484,IJMI,2025,19
39626597,IJMI,2025,-1
40554367,IJMI,2025,2
40220627,IJMI,2025,2
39893766,IJMI,2025,-1
39986125,IJMI,2025,0
39504914,IJMI,2025,6
39608230,IJMI,2025,14
39721115,IJMI,2025,0
40609462,IJMI,2025,2
40532430,IJMI,2025,1
40580688,IJMI,2025,0
39862565,IJMI,2025,13
39674007,IJMI,2025,36
40706198,IJMI,2025,-1
39277440,IJMI,2025,-1
39764931,IJMI,2025,-1
39566349,IJMI,2025,14
39787659,IJMI,2025,47
39733535,IJMI,2025,21
40273595,IJMI,2025,-1
40479777,IJMI,2025,20
39642590,IJMI,2025,6
38531255,IJMI,2024,0
39043059,IJMI,2024,-1
38387197,IJMI,2024,20
38754285,IJMI,2024,5
38295584,IJMI,2024,10
39047674,IJMI,2024,3
38824857,IJMI,2024,53
39106772,IJMI,2024,1
38552267,IJMI,2024,-1
38820647,IJMI,2024,-1
38442664,IJMI,2024,-1
38820648,IJMI,2024,-1
39033722,IJMI,2024,6
39306908,IJMI,2024,35
36493537,IJMI,2023,8
36347140,IJMI,2023,-1
37459703,IJMI,2023,6
37913622,IJMI,2023,-1
36566536,IJMI,2023,0
36455477,IJMI,2023,-1
36753843,IJMI,2023,26
36739758,IJMI,2023,24
33368060,ACI,2020,1
33368059,ACI,2020,3
33327036,ACI,2020,-1
33296918,ACI,2020,-1
33264803,ACI,2020,26
33264802,ACI,2020,26
33241548,ACI,2020,-1
33176389,ACI,2020,3
33086396,ACI,2020,-1
33086395,ACI,2020,1
33027834,ACI,2020,6
32998170,ACI,2020,1
32937677,ACI,2020,-1
32906153,ACI,2020,1
32877944,ACI,2020,-1
32814353,ACI,2020,10
32814352,ACI,2020,-1
32726836,ACI,2020,34
32698231,ACI,2020,1
32668481,ACI,2020,24
32668480,ACI,2020,-1
32643778,ACI,2020,3
32583389,ACI,2020,-1
32521555,ACI,2020,-1
32492716,ACI,2020,-1
32462639,ACI,2020,6
32434225,ACI,2020,-1
32403140,ACI,2020,1
32375195,ACI,2020,3
32349142,ACI,2020,-1
32323283,ACI,2020,6
32323282,ACI,2020,55
32294771,ACI,2020,1
32268389,ACI,2020,1
32236917,ACI,2020,4
32215894,ACI,2020,3
32215893,ACI,2020,-1
32187632,ACI,2020,-1
32162290,ACI,2020,-1
32162288,ACI,2020,1
32131117,ACI,2020,43
32131116,ACI,2020,3
32074651,ACI,2020,1
32052389,ACI,2020,3
32023639,ACI,2020,6
32023638,ACI,2020,-1
31995836,ACI,2020,29
31995835,ACI,2020,1
31968384,ACI,2020,10
31968383,ACI,2020,-1
31914471,ACI,2020,6
34965607,ACI,2021,-1
34965606,ACI,2021,10
34937103,ACI,2021,-1
34937102,ACI,2021,3
34911126,ACI,2021,1
34879406,ACI,2021,24
34879405,ACI,2021,-1
34820790,ACI,2021,1
34758493,ACI,2021,1
34734403,ACI,2021,-1
34734402,ACI,2021,10
34644805,ACI,2021,-1
34614517,ACI,2021,-1
34587638,ACI,2021,17
34496418,ACI,2021,6
34470057,ACI,2021,34
34433217,ACI,2021,6
34407560,ACI,2021,-1
34407559,ACI,2021,-1
34380169,ACI,2021,6
34380168,ACI,2021,6
34348410,ACI,2021,40
34341981,ACI,2021,1
34341980,ACI,2021,3
34320682,ACI,2021,-1
34261172,ACI,2021,3
34233369,ACI,2021,3
34233367,ACI,2021,49
34192774,ACI,2021,49
34134149,ACI,2021,-1
34107543,ACI,2021,3
34077973,ACI,2021,-1
34041734,ACI,2021,36
34041733,ACI,2021,-1
34010978,ACI,2021,14
33979874,ACI,2021,6
33951741,ACI,2021,17
33910261,ACI,2021,-1
33910260,ACI,2021,1
33853140,ACI,2021,-1
33827141,ACI,2021,-1
33792008,ACI,2021,24
33763847,ACI,2021,37
33763846,ACI,2021,-1
33730758,ACI,2021,-1
33730757,ACI,2021,1
33694143,ACI,2021,1
33694142,ACI,2021,-1
33657635,ACI,2021,-1
33638138,ACI,2021,55
33626584,ACI,2021,-1
33598906,ACI,2021,55
33567464,ACI,2021,3
33506477,ACI,2021,1
33472258,ACI,2021,1
33472257,ACI,2021,-1
33440430,ACI,2021,3
33440429,ACI,2021,6
36577503,ACI,2022,1
36516970,ACI,2022,6
36482261,ACI,2022,1
36384234,ACI,2022,-1
36283418,ACI,2022,8
36261113,ACI,2022,3
36257602,ACI,2022,8
36198309,ACI,2022,3
36167336,ACI,2022,49
36162433,ACI,2022,-1
36223868,ACI,2022,-1
36170880,ACI,2022,-1
36130712,ACI,2022,-1
36130711,ACI,2022,6
36070801,ACI,2022,-1
36070799,ACI,2022,1
36044918,ACI,2022,1
36044917,ACI,2022,3
35913087,ACI,2022,-1
35896507,ACI,2022,1
35705186,ACI,2022,3
35926839,ACI,2022,3
35793698,ACI,2022,49
35768012,ACI,2022,1
35675838,ACI,2022,-1
35649500,ACI,2022,1
35644141,ACI,2022,-1
35617970,ACI,2022,1
35613912,ACI,2022,-1
35580621,ACI,2022,-1
35545125,ACI,2022,3
35508198,ACI,2022,-1
35477149,ACI,2022,1
35477148,ACI,2022,1
35445387,ACI,2022,1
35445386,ACI,2022,-1
35419788,ACI,2022,-1
35388447,ACI,2022,-1
35354211,ACI,2022,-1
35354210,ACI,2022,24
35322398,ACI,2022,-1
35294986,ACI,2022,3
35294985,ACI,2022,-1
35263800,ACI,2022,-1
35263799,ACI,2022,35
35263798,ACI,2022,-1
35235995,ACI,2022,24
35235993,ACI,2022,10
35172371,ACI,2022,-1
35139564,ACI,2022,-1
35081656,ACI,2022,43
35081654,ACI,2022,3
35045583,ACI,2022,-1
35021255,ACI,2022,-1
35021253,ACI,2022,1
34986493,ACI,2022,1
34986491,ACI,2022,-1
38151042,ACI,2023,1
38151041,ACI,2023,-1
38092359,ACI,2023,24
37967936,ACI,2023,-1
37914157,ACI,2023,8
37852249,ACI,2023,1
37802122,ACI,2023,3
37774752,ACI,2023,-1
37726022,ACI,2023,-1
37640057,ACI,2023,-1
37541656,ACI,2023,43
37793617,ACI,2023,1
37758227,ACI,2023,-1
37673097,ACI,2023,29
37648223,ACI,2023,-1
37611795,ACI,2023,-1
37557889,ACI,2023,-1
37541655,ACI,2023,10
37527792,ACI,2023,3
37339683,ACI,2023,-1
37532232,ACI,2023,1
37467783,ACI,2023,-1
37406674,ACI,2023,3
37164327,ACI,2023,4
37054983,ACI,2023,1
37054982,ACI,2023,3
37003266,ACI,2023,35
36933552,ACI,2023,10
36918166,ACI,2023,1
36898410,ACI,2023,4
36882152,ACI,2023,-1
37186083,ACI,2023,6
37164356,ACI,2023,-1
37164355,ACI,2023,3
37019175,ACI,2023,-1
36990457,ACI,2023,-1
36921596,ACI,2023,3
36809791,ACI,2023,1
36792057,ACI,2023,1
36758613,ACI,2023,26
36706791,ACI,2023,3
36634697,ACI,2023,1
36889340,ACI,2023,3
36889339,ACI,2023,1
36858112,ACI,2023,26
36792056,ACI,2023,-1
36724883,ACI,2023,-1
36696915,ACI,2023,6
36631000,ACI,2023,6
36577495,ACI,2023,-1
36535704,ACI,2023,-1
36535703,ACI,2023,55
36356593,ACI,2023,3
36351548,ACI,2023,10
39721578,ACI,2024,-1
39721577,ACI,2024,24
39694069,ACI,2024,1
39694068,ACI,2024,-1
39631779,ACI,2024,6
39505009,ACI,2024,55
39477247,ACI,2024,24
39271105,ACI,2024,-1
39251213,ACI,2024,-1
39214146,ACI,2024,-1
39191426,ACI,2024,1
39178891,ACI,2024,-1
39164001,ACI,2024,24
39164000,ACI,2024,-1
39163999,ACI,2024,1
39106951,ACI,2024,1
39102866,ACI,2024,3
39053615,ACI,2024,44
39357878,ACI,2024,29
39357877,ACI,2024,-1
39293649,ACI,2024,24
39231539,ACI,2024,8
39197473,ACI,2024,-1
39142641,ACI,2024,24
39019476,ACI,2024,24
39019475,ACI,2024,3
38897228,ACI,2024,1
38857881,ACI,2024,1
38834180,ACI,2024,-1
39048085,ACI,2024,-1
39048084,ACI,2024,1
38839063,ACI,2024,3
38788772,ACI,2024,-1
38714212,ACI,2024,51
38574763,ACI,2024,-1
38350643,ACI,2024,8
38777326,ACI,2024,-1
38599619,ACI,2024,-1
38599618,ACI,2024,-1
38588712,ACI,2024,3
38560989,ACI,2024,1
38508655,ACI,2024,-1
38508654,ACI,2024,3
38442909,ACI,2024,2
38301729,ACI,2024,6
38232748,ACI,2024,1
37748724,ACI,2024,1
37722603,ACI,2024,-1
38447966,ACI,2024,-1
38354837,ACI,2024,-1
38325408,ACI,2024,6
38295858,ACI,2024,10
38171383,ACI,2024,24
38154472,ACI,2024,-1
38086417,ACI,2024,1
38029792,ACI,2024,1
37989249,ACI,2024,-1
37945000,ACI,2024,35
37852294,ACI,2024,3
41412452,ACI,2025,49
41412451,ACI,2025,1
41412450,ACI,2025,3
41412449,ACI,2025,-1
41386287,ACI,2025,-1
41271194,ACI,2025,3
41238199,ACI,2025,1
41238198,ACI,2025,1
41202858,ACI,2025,6
41202857,ACI,2025,-1
41167597,ACI,2025,-1
41167596,ACI,2025,17
41151780,ACI,2025,4
41135586,ACI,2025,-1
41135585,ACI,2025,1
41130278,ACI,2025,-1
41056988,ACI,2025,1
41005357,ACI,2025,6
40997848,ACI,2025,2
40972892,ACI,2025,-1
40953593,ACI,2025,36
40930500,ACI,2025,3
40873153,ACI,2025,1
40873012,ACI,2025,1
40588235,ACI,2025,1
40555402,ACI,2025,-1
40523639,ACI,2025,1
40523638,ACI,2025,-1
40456513,ACI,2025,-1
41688087,ACI,2025,18
41043479,ACI,2025,1
41043478,ACI,2025,35
41043477,ACI,2025,3
40973080,ACI,2025,43
40921196,ACI,2025,10
40902642,ACI,2025,-1
40902641,ACI,2025,1
40882959,ACI,2025,17
40882958,ACI,2025,8
40865929,ACI,2025,-1
40865928,ACI,2025,24
40846308,ACI,2025,1
40845902,ACI,2025,49
40835227,ACI,2025,1
40834872,ACI,2025,1
40812382,ACI,2025,-1
40812381,ACI,2025,-1
40795950,ACI,2025,24
40795949,ACI,2025,-1
40769173,ACI,2025,-1
40769172,ACI,2025,3
40759358,ACI,2025,1
40675605,ACI,2025,-1
40602776,ACI,2025,44
40602775,ACI,2025,-1
40404141,ACI,2025,3
40398850,ACI,2025,47
40360000,ACI,2025,1
40355127,ACI,2025,-1
40294633,ACI,2025,-1
40294631,ACI,2025,1
40280549,ACI,2025,1
40280548,ACI,2025,1
40633917,ACI,2025,24
40533094,ACI,2025,-1
40467470,ACI,2025,-1
40127703,ACI,2025,3
40127702,ACI,2025,-1
40107304,ACI,2025,3
40107303,ACI,2025,3
40107302,ACI,2025,-1
40074216,ACI,2025,1
40074215,ACI,2025,3
40020740,ACI,2025,1
39965765,ACI,2025,1
39952287,ACI,2025,44
39855268,ACI,2025,-1
39837545,ACI,2025,-1
39837544,ACI,2025,29
40398865,ACI,2025,1
40368447,ACI,2025,-1
40368446,ACI,2025,-1
40334698,ACI,2025,1
40306673,ACI,2025,-1
40267988,ACI,2025,24
40174880,ACI,2025,1
40073859,ACI,2025,24
39814047,ACI,2025,3
39788549,ACI,2025,3
39740769,ACI,2025,1
39608761,ACI,2025,2
39587019,ACI,2025,24
39572251,ACI,2025,1
39561976,ACI,2025,3
39500346,ACI,2025,-1
40010403,ACI,2025,6
39454643,ACI,2025,1
39454642,ACI,2025,36
39419264,ACI,2025,-1
39419263,ACI,2025,24
39366661,ACI,2025,3
39348865,ACI,2025,26
39333060,ACI,2025,-1
33124990,JMIR,2020,7
32865501,JMIR,2020,46
33146627,JMIR,2020,7
32543443,JMIR,2020,-1
33164902,JMIR,2020,-1
32903196,JMIR,2020,41
32886066,JMIR,2020,22
32960176,JMIR,2020,-1
32511099,JMIR,2020,22
32924959,JMIR,2020,-1
32130138,JMIR,2020,52
32795988,JMIR,2020,46
32543441,JMIR,2020,-1
32720908,JMIR,2020,10
33164907,JMIR,2020,7
33105099,JMIR,2020,51
32821060,JMIR,2020,29
33270038,JMIR,2020,7
33090964,JMIR,2020,11
33185565,JMIR,2020,7
32784183,JMIR,2020,10
32012064,JMIR,2020,5
32163038,JMIR,2020,29
33216726,JMIR,2020,41
32707537,JMIR,2020,11
33185553,JMIR,2020,46
33108313,JMIR,2020,37
32348292,JMIR,2020,-1
32706698,JMIR,2020,10
32706675,JMIR,2020,7
32297872,JMIR,2020,31
32463372,JMIR,2020,17
32673231,JMIR,2020,20
32812884,JMIR,2020,-1
32224484,JMIR,2020,-1
32902387,JMIR,2020,-1
32750005,JMIR,2020,22
32759098,JMIR,2020,1
32568721,JMIR,2020,26
33074158,JMIR,2020,5
32857060,JMIR,2020,-1
32141837,JMIR,2020,44
32658858,JMIR,2020,41
33090108,JMIR,2020,-1
32401222,JMIR,2020,-1
33048823,JMIR,2020,-1
32130160,JMIR,2020,7
32673247,JMIR,2020,-1
32352385,JMIR,2020,5
32314968,JMIR,2020,-1
32234698,JMIR,2020,17
32784182,JMIR,2020,-1
32519965,JMIR,2020,-1
33030440,JMIR,2020,17
32348288,JMIR,2020,7
32364511,JMIR,2020,17
33141089,JMIR,2020,5
32254041,JMIR,2020,5
32286231,JMIR,2020,7
32287039,JMIR,2020,22
33382378,JMIR,2020,-1
32648850,JMIR,2020,7
32459629,JMIR,2020,7
32773377,JMIR,2020,7
33245287,JMIR,2020,51
32663149,JMIR,2020,-1
32442138,JMIR,2020,7
32673242,JMIR,2020,-1
32515740,JMIR,2020,5
32338615,JMIR,2020,7
32484444,JMIR,2020,-1
32857057,JMIR,2020,-1
32845850,JMIR,2020,22
33112757,JMIR,2020,22
32721924,JMIR,2020,18
32130139,JMIR,2020,31
33301414,JMIR,2020,11
33216002,JMIR,2020,5
31913129,JMIR,2020,17
33245282,JMIR,2020,8
32729838,JMIR,2020,45
32343250,JMIR,2020,10
33095741,JMIR,2020,18
32181750,JMIR,2020,-1
32167477,JMIR,2020,-1
32449685,JMIR,2020,-1
32790642,JMIR,2020,37
33095740,JMIR,2020,22
32501801,JMIR,2020,22
32573463,JMIR,2020,-1
33177036,JMIR,2020,-1
33027032,JMIR,2020,11
33197230,JMIR,2020,-1
32720911,JMIR,2020,45
32348278,JMIR,2020,46
33079692,JMIR,2020,-1
33258783,JMIR,2020,27
33331827,JMIR,2020,-1
32697197,JMIR,2020,-1
32579128,JMIR,2020,-1
32285802,JMIR,2020,-1
33258785,JMIR,2020,3
32224492,JMIR,2020,17
33034562,JMIR,2020,9
33245285,JMIR,2020,5
32154786,JMIR,2020,7
33170799,JMIR,2020,-1
33258788,JMIR,2020,-1
33755028,JMIR,2021,5
33687342,JMIR,2021,31
34375298,JMIR,2021,-1
34730544,JMIR,2021,-1
34468329,JMIR,2021,-1
34766913,JMIR,2021,5
34533459,JMIR,2021,11
33465037,JMIR,2021,26
33475520,JMIR,2021,5
34726612,JMIR,2021,57
33885373,JMIR,2021,5
33560231,JMIR,2021,5
33629959,JMIR,2021,-1
34319240,JMIR,2021,-1
34125072,JMIR,2021,-1
34328422,JMIR,2021,7
34255682,JMIR,2021,18
33843592,JMIR,2021,-1
34152276,JMIR,2021,-1
33818392,JMIR,2021,5
34757320,JMIR,2021,7
33481754,JMIR,2021,22
34550899,JMIR,2021,22
34751661,JMIR,2021,-1
33529155,JMIR,2021,22
34398799,JMIR,2021,18
34591017,JMIR,2021,-1
34528896,JMIR,2021,5
33729985,JMIR,2021,-1
33599621,JMIR,2021,8
34086591,JMIR,2021,22
33439133,JMIR,2021,44
34941546,JMIR,2021,3
33591276,JMIR,2021,-1
34586074,JMIR,2021,44
34081612,JMIR,2021,22
34637396,JMIR,2021,18
34665141,JMIR,2021,5
33591280,JMIR,2021,7
33459597,JMIR,2021,-1
34420918,JMIR,2021,8
34076579,JMIR,2021,10
33683209,JMIR,2021,-1
33720031,JMIR,2021,-1
34287214,JMIR,2021,-1
34255692,JMIR,2021,-1
34860671,JMIR,2021,-1
33848255,JMIR,2021,-1
33591287,JMIR,2021,5
33764885,JMIR,2021,37
34652275,JMIR,2021,39
33595454,JMIR,2021,26
34870601,JMIR,2021,1
33989162,JMIR,2021,-1
34420919,JMIR,2021,5
34292166,JMIR,2021,-1
34668872,JMIR,2021,8
34042592,JMIR,2021,-1
33872185,JMIR,2021,22
34542413,JMIR,2021,10
34328433,JMIR,2021,-1
34494966,JMIR,2021,49
34807832,JMIR,2021,-1
34313590,JMIR,2021,26
34096868,JMIR,2021,8
33904820,JMIR,2021,5
34255676,JMIR,2021,18
33764306,JMIR,2021,10
34236336,JMIR,2021,0
33792552,JMIR,2021,0
34047710,JMIR,2021,51
34280116,JMIR,2021,22
34383690,JMIR,2021,5
34448714,JMIR,2021,-1
33938808,JMIR,2021,10
34100765,JMIR,2021,49
34255680,JMIR,2021,8
33617460,JMIR,2021,22
34096872,JMIR,2021,-1
34878991,JMIR,2021,-1
34661543,JMIR,2021,5
33475514,JMIR,2021,-1
33999833,JMIR,2021,-1
33856356,JMIR,2021,0
33945492,JMIR,2021,22
33347421,JMIR,2021,-1
34061758,JMIR,2021,-1
34964718,JMIR,2021,-1
33503002,JMIR,2021,11
34448704,JMIR,2021,57
33861206,JMIR,2021,-1
34762061,JMIR,2021,5
33404504,JMIR,2021,5
34612825,JMIR,2021,3
33908894,JMIR,2021,10
34014833,JMIR,2021,22
33929327,JMIR,2021,10
34448719,JMIR,2021,-1
33844638,JMIR,2021,-1
33872187,JMIR,2021,26
34142974,JMIR,2021,7
33477104,JMIR,2021,26
34043526,JMIR,2021,22
33779568,JMIR,2021,-1
34398791,JMIR,2021,8
33661121,JMIR,2021,5
34505840,JMIR,2021,-1
34714253,JMIR,2021,17
34085942,JMIR,2021,5
34550074,JMIR,2021,29
34855614,JMIR,2021,5
33769945,JMIR,2021,26
34448709,JMIR,2021,-1
33978590,JMIR,2021,-1
33709929,JMIR,2021,-1
34313595,JMIR,2021,5
34951592,JMIR,2021,6
34665144,JMIR,2021,8
34292866,JMIR,2021,-1
33577466,JMIR,2021,-1
33529153,JMIR,2021,41
34586079,JMIR,2021,-1
33523825,JMIR,2021,22
33475518,JMIR,2021,21
33439126,JMIR,2021,-1
33646966,JMIR,2021,22
33835930,JMIR,2021,22
33735097,JMIR,2021,-1
34255691,JMIR,2021,31
35507393,JMIR,2022,3
36355633,JMIR,2022,5
36053565,JMIR,2022,7
35896015,JMIR,2022,-1
36066939,JMIR,2022,-1
35749210,JMIR,2022,31
35119370,JMIR,2022,5
35103615,JMIR,2022,7
35700012,JMIR,2022,7
35839387,JMIR,2022,22
35394440,JMIR,2022,-1
35446781,JMIR,2022,22
35675126,JMIR,2022,45
36534460,JMIR,2022,-1
35040794,JMIR,2022,7
35759320,JMIR,2022,7
36322788,JMIR,2022,-1
35049511,JMIR,2022,5
35285808,JMIR,2022,-1
35503414,JMIR,2022,45
36074544,JMIR,2022,7
35994331,JMIR,2022,20
35503654,JMIR,2022,45
36512392,JMIR,2022,14
34982040,JMIR,2022,-1
35852835,JMIR,2022,-1
35166689,JMIR,2022,6
35700016,JMIR,2022,5
35552166,JMIR,2022,45
36512403,JMIR,2022,7
35576567,JMIR,2022,-1
36178720,JMIR,2022,33
35759321,JMIR,2022,-1
35849442,JMIR,2022,-1
35675120,JMIR,2022,-1
36036967,JMIR,2022,-1
35544307,JMIR,2022,-1
36269222,JMIR,2022,29
35679053,JMIR,2022,-1
36069840,JMIR,2022,5
36416882,JMIR,2022,-1
35188476,JMIR,2022,7
36129741,JMIR,2022,5
34982716,JMIR,2022,-1
36301602,JMIR,2022,31
35559854,JMIR,2022,5
36018625,JMIR,2022,-1
36114000,JMIR,2022,10
35275082,JMIR,2022,-1
35275078,JMIR,2022,5
35113029,JMIR,2022,8
35916695,JMIR,2022,8
35285811,JMIR,2022,22
35904876,JMIR,2022,27
35023845,JMIR,2022,31
35156934,JMIR,2022,45
36129745,JMIR,2022,5
35080497,JMIR,2022,5
35254278,JMIR,2022,-1
36040791,JMIR,2022,27
35930315,JMIR,2022,-1
35353050,JMIR,2022,-1
36473173,JMIR,2022,48
35416778,JMIR,2022,26
35084336,JMIR,2022,27
35171102,JMIR,2022,1
35771613,JMIR,2022,-1
35195528,JMIR,2022,-1
35838764,JMIR,2022,7
36548029,JMIR,2022,15
35648477,JMIR,2022,29
35658098,JMIR,2022,-1
35103604,JMIR,2022,-1
35254263,JMIR,2022,26
35436209,JMIR,2022,29
35040796,JMIR,2022,7
35507397,JMIR,2022,-1
35156937,JMIR,2022,-1
36001380,JMIR,2022,8
36040787,JMIR,2022,8
35976692,JMIR,2022,-1
35612880,JMIR,2022,3
35560107,JMIR,2022,-1
35275073,JMIR,2022,5
35060911,JMIR,2022,5
34878410,JMIR,2022,22
35482397,JMIR,2022,27
36006692,JMIR,2022,20
35838765,JMIR,2022,-1
35984690,JMIR,2022,-1
35377329,JMIR,2022,31
35442198,JMIR,2022,10
36155409,JMIR,2022,5
35700024,JMIR,2022,22
35503247,JMIR,2022,7
35377331,JMIR,2022,-1
36044246,JMIR,2022,-1
35532989,JMIR,2022,25
35476637,JMIR,2022,-1
36374547,JMIR,2022,7
35040798,JMIR,2022,-1
35921141,JMIR,2022,19
35319479,JMIR,2022,13
35119376,JMIR,2022,22
35416782,JMIR,2022,46
35389359,JMIR,2022,-1
36040765,JMIR,2022,-1
35006081,JMIR,2022,45
35113021,JMIR,2022,5
36315239,JMIR,2022,52
36173664,JMIR,2022,-1
36094813,JMIR,2022,5
35980735,JMIR,2022,24
37594797,JMIR,2023,-1
37862090,JMIR,2023,5
37099376,JMIR,2023,5
37955960,JMIR,2023,45
37721792,JMIR,2023,-1
38095999,JMIR,2023,31
36645703,JMIR,2023,5
38085562,JMIR,2023,7
37314842,JMIR,2023,-1
36716086,JMIR,2023,-1
37195740,JMIR,2023,22
36857115,JMIR,2023,12
37402146,JMIR,2023,-1
37862061,JMIR,2023,-1
36867440,JMIR,2023,29
37428525,JMIR,2023,-1
37319010,JMIR,2023,5
36930197,JMIR,2023,5
38055317,JMIR,2023,4
37163694,JMIR,2023,-1
37200072,JMIR,2023,31
38085568,JMIR,2023,5
36951923,JMIR,2023,6
37307045,JMIR,2023,-1
36584303,JMIR,2023,20
37751234,JMIR,2023,20
37213188,JMIR,2023,7
37792437,JMIR,2023,-1
37014691,JMIR,2023,7
37578823,JMIR,2023,27
37467026,JMIR,2023,45
36763409,JMIR,2023,17
36877540,JMIR,2023,-1
37672324,JMIR,2023,-1
36943909,JMIR,2023,-1
37027202,JMIR,2023,27
37824182,JMIR,2023,29
37728974,JMIR,2023,51
37163341,JMIR,2023,10
37906225,JMIR,2023,13
37756051,JMIR,2023,-1
37314848,JMIR,2023,44
36757759,JMIR,2023,27
37531181,JMIR,2023,27
37126398,JMIR,2023,30
37256656,JMIR,2023,-1
37698911,JMIR,2023,57
38109188,JMIR,2023,13
37703081,JMIR,2023,5
37103987,JMIR,2023,17
37707947,JMIR,2023,-1
36729597,JMIR,2023,7
38051555,JMIR,2023,13
36566450,JMIR,2023,8
37000478,JMIR,2023,-1
37256680,JMIR,2023,7
37163336,JMIR,2023,13
36972537,JMIR,2023,-1
37847536,JMIR,2023,7
37335593,JMIR,2023,44
36652597,JMIR,2023,37
36995753,JMIR,2023,7
37656506,JMIR,2023,-1
36927634,JMIR,2023,-1
36745490,JMIR,2023,-1
37955965,JMIR,2023,14
37440300,JMIR,2023,8
36780203,JMIR,2023,36
36533302,JMIR,2023,31
37115595,JMIR,2023,44
37384392,JMIR,2023,5
37399055,JMIR,2023,0
37252756,JMIR,2023,-1
37494086,JMIR,2023,-1
37071452,JMIR,2023,45
37647102,JMIR,2023,17
38113100,JMIR,2023,-1
37903289,JMIR,2023,5
37145833,JMIR,2023,-1
36917148,JMIR,2023,27
37256685,JMIR,2023,-1
38127426,JMIR,2023,-1
37145836,JMIR,2023,31
36662550,JMIR,2023,5
38096023,JMIR,2023,8
36749946,JMIR,2023,18
36780208,JMIR,2023,13
37358900,JMIR,2023,7
37171856,JMIR,2023,1
37713260,JMIR,2023,-1
37266975,JMIR,2023,-1
37490331,JMIR,2023,-1
37195746,JMIR,2023,24
36692928,JMIR,2023,-1
37610815,JMIR,2023,17
36763452,JMIR,2023,-1
37988161,JMIR,2023,49
37902832,JMIR,2023,31
37531157,JMIR,2023,-1
37126377,JMIR,2023,7
37389909,JMIR,2023,49
37163319,JMIR,2023,5
38015589,JMIR,2023,-1
37643002,JMIR,2023,10
37018019,JMIR,2023,20
37368485,JMIR,2023,5
37166971,JMIR,2023,-1
37335608,JMIR,2023,44
37526967,JMIR,2023,49
37368465,JMIR,2023,-1
37204858,JMIR,2023,29
36920458,JMIR,2023,5
37389906,JMIR,2023,7
36805536,JMIR,2023,18
37725432,JMIR,2023,-1
37948118,JMIR,2023,7
37115602,JMIR,2023,7
37962927,JMIR,2023,7
38113088,JMIR,2023,17
37200067,JMIR,2023,7
37223987,JMIR,2023,20
36757763,JMIR,2023,-1
37314850,JMIR,2023,-1
39088259,JMIR,2024,4
39509702,JMIR,2024,7
39622042,JMIR,2024,-1
39612505,JMIR,2024,-1
38935430,JMIR,2024,17
38551639,JMIR,2024,1
38805706,JMIR,2024,46
39442167,JMIR,2024,8
38819891,JMIR,2024,13
39467283,JMIR,2024,48
39496154,JMIR,2024,7
39197163,JMIR,2024,5
39088263,JMIR,2024,5
39018558,JMIR,2024,6
38739445,JMIR,2024,2
38466978,JMIR,2024,-1
39602793,JMIR,2024,5
39658010,JMIR,2024,45
39467274,JMIR,2024,18
38526554,JMIR,2024,-1
39283658,JMIR,2024,5
39388687,JMIR,2024,-1
38324379,JMIR,2024,5
38652534,JMIR,2024,5
39141900,JMIR,2024,-1
39471371,JMIR,2024,5
39753226,JMIR,2024,21
39454198,JMIR,2024,-1
38551618,JMIR,2024,-1
38861266,JMIR,2024,7
38502157,JMIR,2024,1
39586089,JMIR,2024,-1
39106098,JMIR,2024,10
39382960,JMIR,2024,0
37976468,JMIR,2024,26
39102679,JMIR,2024,-1
39499551,JMIR,2024,-1
38265862,JMIR,2024,31
38526542,JMIR,2024,7
38669681,JMIR,2024,-1
39288399,JMIR,2024,22
39689309,JMIR,2024,17
38739913,JMIR,2024,52
38625718,JMIR,2024,42
38648098,JMIR,2024,-1
39586084,JMIR,2024,-1
39038285,JMIR,2024,20
39576963,JMIR,2024,45
38358794,JMIR,2024,10
38483451,JMIR,2024,-1
38441945,JMIR,2024,44
39116424,JMIR,2024,17
39718820,JMIR,2024,39
38801765,JMIR,2024,20
39288404,JMIR,2024,14
38498020,JMIR,2024,-1
39585738,JMIR,2024,21
39657168,JMIR,2024,5
39186368,JMIR,2024,-1
38662419,JMIR,2024,2
39475819,JMIR,2024,-1
39388698,JMIR,2024,8
39312296,JMIR,2024,39
38924787,JMIR,2024,-1
39652871,JMIR,2024,-1
38865703,JMIR,2024,-1
38512327,JMIR,2024,31
39110493,JMIR,2024,8
39331953,JMIR,2024,-1
38976865,JMIR,2024,2
38805702,JMIR,2024,20
38713909,JMIR,2024,-1
39106092,JMIR,2024,7
39504121,JMIR,2024,7
38963937,JMIR,2024,10
39447167,JMIR,2024,8
39509695,JMIR,2024,2
39250221,JMIR,2024,22
38963923,JMIR,2024,0
38819900,JMIR,2024,8
39226552,JMIR,2024,-1
38833297,JMIR,2024,-1
39437380,JMIR,2024,7
39689301,JMIR,2024,5
39405526,JMIR,2024,17
38635981,JMIR,2024,16
39666971,JMIR,2024,8
39361417,JMIR,2024,9
39348674,JMIR,2024,8
39250796,JMIR,2024,-1
39110963,JMIR,2024,8
39078687,JMIR,2024,5
38848556,JMIR,2024,45
38412028,JMIR,2024,44
39566049,JMIR,2024,45
39331463,JMIR,2024,8
38980719,JMIR,2024,-1
39499542,JMIR,2024,7
39047282,JMIR,2024,2
39190440,JMIR,2024,8
38861313,JMIR,2024,27
39094114,JMIR,2024,8
39576987,JMIR,2024,31
39657171,JMIR,2024,8
39231425,JMIR,2024,36
38345855,JMIR,2024,-1
38241074,JMIR,2024,2
38838308,JMIR,2024,22
39481106,JMIR,2024,8
39546341,JMIR,2024,7
38411999,JMIR,2024,6
38373031,JMIR,2024,31
39437385,JMIR,2024,0
38820579,JMIR,2024,17
39705703,JMIR,2024,2
38905631,JMIR,2024,-1
39312765,JMIR,2024,8
39467279,JMIR,2024,17
38842920,JMIR,2024,31
39012659,JMIR,2024,-1
39509691,JMIR,2024,0
39374067,JMIR,2024,5
39515817,JMIR,2024,-1
38959063,JMIR,2024,5
39546795,JMIR,2024,2
38656779,JMIR,2024,5
38214966,JMIR,2024,2
38848558,JMIR,2024,18
39602788,JMIR,2024,5
38742615,JMIR,2024,7
39631070,JMIR,2024,-1
40053738,JMIR,2025,-1
41343856,JMIR,2025,5
40729621,JMIR,2025,7
39778199,JMIR,2025,52
41359863,JMIR,2025,20
41191793,JMIR,2025,27
40744488,JMIR,2025,0
40690289,JMIR,2025,5
40466102,JMIR,2025,2
40924471,JMIR,2025,5
41086002,JMIR,2025,7
39786850,JMIR,2025,10
40245397,JMIR,2025,-1
40305092,JMIR,2025,29
40986865,JMIR,2025,-1
40811859,JMIR,2025,13
40332991,JMIR,2025,-1
39854695,JMIR,2025,36
40644708,JMIR,2025,-1
40359001,JMIR,2025,-1
41248319,JMIR,2025,27
39841985,JMIR,2025,0
39899832,JMIR,2025,-1
39983112,JMIR,2025,5
40513033,JMIR,2025,5
40184612,JMIR,2025,9
39773888,JMIR,2025,34
40811656,JMIR,2025,-1
40392576,JMIR,2025,2
40570326,JMIR,2025,-1
39984165,JMIR,2025,5
39847421,JMIR,2025,50
40138690,JMIR,2025,-1
40561471,JMIR,2025,0
40085840,JMIR,2025,-1
40101748,JMIR,2025,10
41270280,JMIR,2025,10
40063072,JMIR,2025,-1
39928942,JMIR,2025,31
41115250,JMIR,2025,-1
41060023,JMIR,2025,13
40737522,JMIR,2025,-1
40323642,JMIR,2025,8
41172290,JMIR,2025,13
40233358,JMIR,2025,10
41071587,JMIR,2025,-1
40534180,JMIR,2025,27
40392581,JMIR,2025,-1
39993304,JMIR,2025,13
39869893,JMIR,2025,22
39946170,JMIR,2025,7
40228240,JMIR,2025,5
39890098,JMIR,2025,-1
41021272,JMIR,2025,10
40466105,JMIR,2025,5
41166565,JMIR,2025,31
40854181,JMIR,2025,-1
41160843,JMIR,2025,18
40577044,JMIR,2025,-1
40513001,JMIR,2025,5
40779791,JMIR,2025,5
40939123,JMIR,2025,9
41187317,JMIR,2025,7
40009841,JMIR,2025,36
40127430,JMIR,2025,5
41313804,JMIR,2025,10
39786841,JMIR,2025,8
41092387,JMIR,2025,18
39819975,JMIR,2025,-1
40194269,JMIR,2025,5
40911841,JMIR,2025,2
40127434,JMIR,2025,13
41468574,JMIR,2025,-1
41043146,JMIR,2025,31
40825233,JMIR,2025,-1
41370790,JMIR,2025,52
40601922,JMIR,2025,7
39778195,JMIR,2025,4
39778200,JMIR,2025,5
40844818,JMIR,2025,7
41406469,JMIR,2025,7
40971544,JMIR,2025,17
40811480,JMIR,2025,21
41309108,JMIR,2025,0
40459919,JMIR,2025,11
41118664,JMIR,2025,7
39854703,JMIR,2025,10
40344662,JMIR,2025,10
39804697,JMIR,2025,-1
40587895,JMIR,2025,29
40279644,JMIR,2025,5
40392590,JMIR,2025,-1
39787599,JMIR,2025,3
40267476,JMIR,2025,12
40053790,JMIR,2025,56
40446289,JMIR,2025,6
40324164,JMIR,2025,4
40699894,JMIR,2025,7
41042984,JMIR,2025,-1
41092077,JMIR,2025,-1
40063932,JMIR,2025,-1
40138688,JMIR,2025,9
40245400,JMIR,2025,22
40744489,JMIR,2025,-1
40106816,JMIR,2025,-1
39928933,JMIR,2025,7
40053740,JMIR,2025,-1
39813672,JMIR,2025,17
40198108,JMIR,2025,-1
40900638,JMIR,2025,3
40435494,JMIR,2025,13
40478616,JMIR,2025,10
40465566,JMIR,2025,29
39888663,JMIR,2025,5
41183242,JMIR,2025,44
40720811,JMIR,2025,5
41026980,JMIR,2025,2
39965201,JMIR,2025,7
41264861,JMIR,2025,49
41187328,JMIR,2025,-1
33335250,npjDigitalMed,2020,37
33303889,npjDigitalMed,2020,-1
33299090,npjDigitalMed,2020,37
33299095,npjDigitalMed,2020,-1
33299098,npjDigitalMed,2020,18
33299051,npjDigitalMed,2020,18
33299137,npjDigitalMed,2020,21
33299100,npjDigitalMed,2020,56
33145441,npjDigitalMed,2020,10
33145439,npjDigitalMed,2020,12
33145438,npjDigitalMed,2020,21
33145437,npjDigitalMed,2020,23
33134557,npjDigitalMed,2020,-1
33102788,npjDigitalMed,2020,-1
33083567,npjDigitalMed,2020,15
33083566,npjDigitalMed,2020,33
33083564,npjDigitalMed,2020,41
33083562,npjDigitalMed,2020,9
33043149,npjDigitalMed,2020,21
33043148,npjDigitalMed,2020,5
33015373,npjDigitalMed,2020,13
32964140,npjDigitalMed,2020,10
32923690,npjDigitalMed,2020,-1
32904379,npjDigitalMed,2020,13
32885053,npjDigitalMed,2020,39
32885052,npjDigitalMed,2020,33
32864471,npjDigitalMed,2020,-1
32818154,npjDigitalMed,2020,18
32821856,npjDigitalMed,2020,-1
32821855,npjDigitalMed,2020,8
32821854,npjDigitalMed,2020,34
32793812,npjDigitalMed,2020,18
32715091,npjDigitalMed,2020,-1
32695885,npjDigitalMed,2020,-1
32665978,npjDigitalMed,2020,51
32665977,npjDigitalMed,2020,-1
32637656,npjDigitalMed,2020,18
32613084,npjDigitalMed,2020,-1
32529044,npjDigitalMed,2020,11
32529043,npjDigitalMed,2020,-1
32529042,npjDigitalMed,2020,9
32509976,npjDigitalMed,2020,-1
32509974,npjDigitalMed,2020,47
32435700,npjDigitalMed,2020,44
32435698,npjDigitalMed,2020,0
32435697,npjDigitalMed,2020,4
32411829,npjDigitalMed,2020,13
32377576,npjDigitalMed,2020,-1
32377574,npjDigitalMed,2020,0
32377573,npjDigitalMed,2020,23
32352039,npjDigitalMed,2020,0
32352038,npjDigitalMed,2020,6
32285015,npjDigitalMed,2020,18
32285012,npjDigitalMed,2020,14
32285011,npjDigitalMed,2020,-1
32258432,npjDigitalMed,2020,18
32258431,npjDigitalMed,2020,23
32258430,npjDigitalMed,2020,12
32219186,npjDigitalMed,2020,27
32219181,npjDigitalMed,2020,12
32219180,npjDigitalMed,2020,27
32195373,npjDigitalMed,2020,45
32195372,npjDigitalMed,2020,-1
32195365,npjDigitalMed,2020,-1
32195364,npjDigitalMed,2020,23
32195363,npjDigitalMed,2020,0
32195362,npjDigitalMed,2020,27
32140569,npjDigitalMed,2020,-1
32140568,npjDigitalMed,2020,-1
32140567,npjDigitalMed,2020,-1
32140566,npjDigitalMed,2020,0
32133423,npjDigitalMed,2020,-1
32128451,npjDigitalMed,2020,-1
32128450,npjDigitalMed,2020,-1
32047862,npjDigitalMed,2020,1
32047861,npjDigitalMed,2020,-1
32025573,npjDigitalMed,2020,0
31970290,npjDigitalMed,2020,9
31970289,npjDigitalMed,2020,-1
31934647,npjDigitalMed,2020,25
31934646,npjDigitalMed,2020,44
31934645,npjDigitalMed,2020,46
34931013,npjDigitalMed,2021,27
34931012,npjDigitalMed,2021,6
34912043,npjDigitalMed,2021,50
34880366,npjDigitalMed,2021,-1
34848798,npjDigitalMed,2021,-1
34795356,npjDigitalMed,2021,-1
34773071,npjDigitalMed,2021,-1
34750499,npjDigitalMed,2021,-1
34707199,npjDigitalMed,2021,41
34663863,npjDigitalMed,2021,9
34611287,npjDigitalMed,2021,10
34599270,npjDigitalMed,2021,-1
34535755,npjDigitalMed,2021,-1
34526643,npjDigitalMed,2021,33
34526639,npjDigitalMed,2021,-1
34526602,npjDigitalMed,2021,23
34504281,npjDigitalMed,2021,14
34504260,npjDigitalMed,2021,36
34493819,npjDigitalMed,2021,8
34433875,npjDigitalMed,2021,5
34426629,npjDigitalMed,2021,0
34417518,npjDigitalMed,2021,10
34400751,npjDigitalMed,2021,11
34389787,npjDigitalMed,2021,-1
34376781,npjDigitalMed,2021,-1
34315995,npjDigitalMed,2021,-1
34294852,npjDigitalMed,2021,10
34272478,npjDigitalMed,2021,18
34267312,npjDigitalMed,2021,-1
34262117,npjDigitalMed,2021,11
34262114,npjDigitalMed,2021,47
34262112,npjDigitalMed,2021,-1
34215836,npjDigitalMed,2021,0
34215828,npjDigitalMed,2021,-1
34211109,npjDigitalMed,2021,-1
34211108,npjDigitalMed,2021,-1
34211085,npjDigitalMed,2021,-1
34168269,npjDigitalMed,2021,-1
34127786,npjDigitalMed,2021,14
34112921,npjDigitalMed,2021,14
34088961,npjDigitalMed,2021,11
34083734,npjDigitalMed,2021,11
34079043,npjDigitalMed,2021,27
34075194,npjDigitalMed,2021,0
34017034,npjDigitalMed,2021,19
33990682,npjDigitalMed,2021,20
33990671,npjDigitalMed,2021,8
33986465,npjDigitalMed,2021,41
33980980,npjDigitalMed,2021,11
33972676,npjDigitalMed,2021,-1
33963275,npjDigitalMed,2021,14
33875798,npjDigitalMed,2021,0
33859353,npjDigitalMed,2021,33
33850243,npjDigitalMed,2021,40
33833388,npjDigitalMed,2021,11
33828217,npjDigitalMed,2021,0
33824407,npjDigitalMed,2021,-1
33824406,npjDigitalMed,2021,-1
33785839,npjDigitalMed,2021,14
33767377,npjDigitalMed,2021,-1
33767336,npjDigitalMed,2021,7
33742069,npjDigitalMed,2021,9
33727636,npjDigitalMed,2021,41
33712676,npjDigitalMed,2021,-1
33707736,npjDigitalMed,2021,27
33692488,npjDigitalMed,2021,8
33686212,npjDigitalMed,2021,12
33674717,npjDigitalMed,2021,0
33658610,npjDigitalMed,2021,27
33637822,npjDigitalMed,2021,23
33627748,npjDigitalMed,2021,-1
33623135,npjDigitalMed,2021,-1
33619361,npjDigitalMed,2021,0
33608661,npjDigitalMed,2021,-1
33608660,npjDigitalMed,2021,-1
33594206,npjDigitalMed,2021,-1
33574573,npjDigitalMed,2021,5
33574500,npjDigitalMed,2021,51
33564102,npjDigitalMed,2021,26
33558607,npjDigitalMed,2021,-1
33542473,npjDigitalMed,2021,11
33531613,npjDigitalMed,2021,0
33514862,npjDigitalMed,2021,0
33514852,npjDigitalMed,2021,11
33514805,npjDigitalMed,2021,-1
33479460,npjDigitalMed,2021,0
33420420,npjDigitalMed,2021,26
33420381,npjDigitalMed,2021,0
33402680,npjDigitalMed,2021,-1
33398052,npjDigitalMed,2021,17
36577851,npjDigitalMed,2022,39
36577809,npjDigitalMed,2022,18
36572707,npjDigitalMed,2022,-1
36813918,npjDigitalMed,2022,-1
36550288,npjDigitalMed,2022,-1
36544046,npjDigitalMed,2022,4
36536039,npjDigitalMed,2022,0
36526692,npjDigitalMed,2022,-1
36517582,npjDigitalMed,2022,27
36513729,npjDigitalMed,2022,0
36463327,npjDigitalMed,2022,-1
36460766,npjDigitalMed,2022,23
36424463,npjDigitalMed,2022,5
36400939,npjDigitalMed,2022,-1
36396808,npjDigitalMed,2022,-1
36380011,npjDigitalMed,2022,-1
36352062,npjDigitalMed,2022,9
36333514,npjDigitalMed,2022,-1
36333390,npjDigitalMed,2022,-1
36329127,npjDigitalMed,2022,-1
36323795,npjDigitalMed,2022,-1
36323769,npjDigitalMed,2022,-1
36307547,npjDigitalMed,2022,11
36307479,npjDigitalMed,2022,20
36280681,npjDigitalMed,2022,57
36273236,npjDigitalMed,2022,-1
36261607,npjDigitalMed,2022,-1
36229593,npjDigitalMed,2022,-1
36168038,npjDigitalMed,2022,0
36123367,npjDigitalMed,2022,23
36109594,npjDigitalMed,2022,8
36085312,npjDigitalMed,2022,-1
36085158,npjDigitalMed,2022,26
36057688,npjDigitalMed,2022,-1
36050372,npjDigitalMed,2022,-1
36038614,npjDigitalMed,2022,5
36028526,npjDigitalMed,2022,52
35995825,npjDigitalMed,2022,51
35986075,npjDigitalMed,2022,56
35986059,npjDigitalMed,2022,22
35986056,npjDigitalMed,2022,-1
35982146,npjDigitalMed,2022,13
35977992,npjDigitalMed,2022,-1
35974156,npjDigitalMed,2022,-1
35974092,npjDigitalMed,2022,14
35974062,npjDigitalMed,2022,11
35948612,npjDigitalMed,2022,20
35927426,npjDigitalMed,2022,-1
35908091,npjDigitalMed,2022,0
35882903,npjDigitalMed,2022,50
35869179,npjDigitalMed,2022,0
35854120,npjDigitalMed,2022,36
35853995,npjDigitalMed,2022,7
35851859,npjDigitalMed,2022,9
35842519,npjDigitalMed,2022,11
35840653,npjDigitalMed,2022,-1
35821515,npjDigitalMed,2022,14
35821064,npjDigitalMed,2022,0
35817953,npjDigitalMed,2022,57
35817846,npjDigitalMed,2022,-1
35817798,npjDigitalMed,2022,0
35788693,npjDigitalMed,2022,32
35773468,npjDigitalMed,2022,0
35773329,npjDigitalMed,2022,-1
35768575,npjDigitalMed,2022,-1
35768548,npjDigitalMed,2022,11
35768544,npjDigitalMed,2022,-1
35764796,npjDigitalMed,2022,-1
35701544,npjDigitalMed,2022,-1
35697747,npjDigitalMed,2022,11
35668134,npjDigitalMed,2022,21
35641814,npjDigitalMed,2022,39
35595830,npjDigitalMed,2022,52
35551275,npjDigitalMed,2022,53
35545657,npjDigitalMed,2022,10
35513479,npjDigitalMed,2022,-1
35473961,npjDigitalMed,2022,29
35462562,npjDigitalMed,2022,18
35459899,npjDigitalMed,2022,-1
35459793,npjDigitalMed,2022,-1
35396451,npjDigitalMed,2022,-1
35338248,npjDigitalMed,2022,7
35338241,npjDigitalMed,2022,-1
35338234,npjDigitalMed,2022,-1
35318443,npjDigitalMed,2022,18
35314766,npjDigitalMed,2022,8
35304561,npjDigitalMed,2022,13
35277577,npjDigitalMed,2022,10
35260765,npjDigitalMed,2022,3
35260761,npjDigitalMed,2022,7
35241790,npjDigitalMed,2022,-1
35241760,npjDigitalMed,2022,29
35177772,npjDigitalMed,2022,44
35173263,npjDigitalMed,2022,18
35169217,npjDigitalMed,2022,0
35165389,npjDigitalMed,2022,-1
35145211,npjDigitalMed,2022,18
35091662,npjDigitalMed,2022,11
35087182,npjDigitalMed,2022,-1
35087180,npjDigitalMed,2022,-1
35087160,npjDigitalMed,2022,13
35058541,npjDigitalMed,2022,11
35046493,npjDigitalMed,2022,-1
35046489,npjDigitalMed,2022,14
35031687,npjDigitalMed,2022,11
35027658,npjDigitalMed,2022,23
35013569,npjDigitalMed,2022,39
35013539,npjDigitalMed,2022,22
38129571,npjDigitalMed,2023,27
38102323,npjDigitalMed,2023,13
38097771,npjDigitalMed,2023,23
38087028,npjDigitalMed,2023,25
38042919,npjDigitalMed,2023,-1
38042910,npjDigitalMed,2023,-1
38017184,npjDigitalMed,2023,0
38017114,npjDigitalMed,2023,9
38012221,npjDigitalMed,2023,-1
38012218,npjDigitalMed,2023,10
37990139,npjDigitalMed,2023,-1
37978250,npjDigitalMed,2023,-1
37973919,npjDigitalMed,2023,2
37973817,npjDigitalMed,2023,51
37968567,npjDigitalMed,2023,-1
37925578,npjDigitalMed,2023,30
37884680,npjDigitalMed,2023,10
37884599,npjDigitalMed,2023,0
37880375,npjDigitalMed,2023,0
37848681,npjDigitalMed,2023,10
37828119,npjDigitalMed,2023,34
37821584,npjDigitalMed,2023,-1
37816899,npjDigitalMed,2023,8
37816886,npjDigitalMed,2023,-1
37803209,npjDigitalMed,2023,20
37794054,npjDigitalMed,2023,-1
37770643,npjDigitalMed,2023,-1
37758829,npjDigitalMed,2023,0
37752327,npjDigitalMed,2023,-1
37752181,npjDigitalMed,2023,10
37749387,npjDigitalMed,2023,10
37749239,npjDigitalMed,2023,20
37730764,npjDigitalMed,2023,-1
37723237,npjDigitalMed,2023,26
37673955,npjDigitalMed,2023,0
37670135,npjDigitalMed,2023,33
37644090,npjDigitalMed,2023,-1
37598255,npjDigitalMed,2023,0
37596488,npjDigitalMed,2023,10
37591989,npjDigitalMed,2023,-1
37587211,npjDigitalMed,2023,-1
37582839,npjDigitalMed,2023,51
37580410,npjDigitalMed,2023,-1
37573426,npjDigitalMed,2023,0
37568050,npjDigitalMed,2023,0
37567968,npjDigitalMed,2023,56
37567949,npjDigitalMed,2023,-1
37563201,npjDigitalMed,2023,-1
37553423,npjDigitalMed,2023,4
37500721,npjDigitalMed,2023,-1
37491469,npjDigitalMed,2023,1
37468605,npjDigitalMed,2023,-1
37468526,npjDigitalMed,2023,14
37438435,npjDigitalMed,2023,31
37433964,npjDigitalMed,2023,18
37433874,npjDigitalMed,2023,25
37433859,npjDigitalMed,2023,27
37422507,npjDigitalMed,2023,-1
37420107,npjDigitalMed,2023,8
37414860,npjDigitalMed,2023,2
37407729,npjDigitalMed,2023,0
37353578,npjDigitalMed,2023,44
37353531,npjDigitalMed,2023,0
37296218,npjDigitalMed,2023,-1
37237022,npjDigitalMed,2023,-1
37221303,npjDigitalMed,2023,29
37217779,npjDigitalMed,2023,39
37217650,npjDigitalMed,2023,-1
37208468,npjDigitalMed,2023,-1
37160996,npjDigitalMed,2023,13
37149704,npjDigitalMed,2023,39
37147462,npjDigitalMed,2023,-1
37147384,npjDigitalMed,2023,-1
37120594,npjDigitalMed,2023,56
37120423,npjDigitalMed,2023,0
37100953,npjDigitalMed,2023,0
37100871,npjDigitalMed,2023,-1
37100858,npjDigitalMed,2023,-1
37087520,npjDigitalMed,2023,-1
37055503,npjDigitalMed,2023,10
37055473,npjDigitalMed,2023,0
37046040,npjDigitalMed,2023,-1
37045949,npjDigitalMed,2023,0
37031281,npjDigitalMed,2023,-1
36997642,npjDigitalMed,2023,-1
36997608,npjDigitalMed,2023,-1
36991144,npjDigitalMed,2023,-1
36964203,npjDigitalMed,2023,33
36959382,npjDigitalMed,2023,27
36959268,npjDigitalMed,2023,-1
36934194,npjDigitalMed,2023,9
36932167,npjDigitalMed,2023,18
36927996,npjDigitalMed,2023,15
36918730,npjDigitalMed,2023,0
36914728,npjDigitalMed,2023,-1
36914699,npjDigitalMed,2023,47
36882633,npjDigitalMed,2023,51
36871119,npjDigitalMed,2023,9
36854964,npjDigitalMed,2023,-1
36823165,npjDigitalMed,2023,-1
36813827,npjDigitalMed,2023,18
36806317,npjDigitalMed,2023,-1
36765093,npjDigitalMed,2023,-1
36750629,npjDigitalMed,2023,-1
36737644,npjDigitalMed,2023,0
36737624,npjDigitalMed,2023,9
36732611,npjDigitalMed,2023,0
36690689,npjDigitalMed,2023,39
36639725,npjDigitalMed,2023,-1
36631555,npjDigitalMed,2023,13
36599913,npjDigitalMed,2023,20
38448651,npjDigitalMed,2024,18
39562825,npjDigitalMed,2024,-1
39521895,npjDigitalMed,2024,0
39572755,npjDigitalMed,2024,-1
38374424,npjDigitalMed,2024,10
38693205,npjDigitalMed,2024,12
38926552,npjDigitalMed,2024,9
39702641,npjDigitalMed,2024,2
39604549,npjDigitalMed,2024,2
39367112,npjDigitalMed,2024,-1
38760407,npjDigitalMed,2024,-1
38519626,npjDigitalMed,2024,52
38429418,npjDigitalMed,2024,36
38321131,npjDigitalMed,2024,0
38218738,npjDigitalMed,2024,-1
38890404,npjDigitalMed,2024,-1
38575794,npjDigitalMed,2024,33
39261642,npjDigitalMed,2024,20
39733165,npjDigitalMed,2024,-1
38238410,npjDigitalMed,2024,0
39138304,npjDigitalMed,2024,-1
38347090,npjDigitalMed,2024,-1
39488652,npjDigitalMed,2024,23
39375513,npjDigitalMed,2024,12
39147783,npjDigitalMed,2024,-1
38216626,npjDigitalMed,2024,18
39025937,npjDigitalMed,2024,10
39587223,npjDigitalMed,2024,-1
39695316,npjDigitalMed,2024,2
38702474,npjDigitalMed,2024,5
38678094,npjDigitalMed,2024,10
38472270,npjDigitalMed,2024,-1
39075240,npjDigitalMed,2024,0
39427044,npjDigitalMed,2024,0
39632973,npjDigitalMed,2024,-1
39354049,npjDigitalMed,2024,9
38429434,npjDigitalMed,2024,27
38383884,npjDigitalMed,2024,58
38368445,npjDigitalMed,2024,27
39462052,npjDigitalMed,2024,-1
39043988,npjDigitalMed,2024,-1
39396094,npjDigitalMed,2024,-1
39627534,npjDigitalMed,2024,20
38704413,npjDigitalMed,2024,13
38499793,npjDigitalMed,2024,33
38862589,npjDigitalMed,2024,19
38172429,npjDigitalMed,2024,-1
39174736,npjDigitalMed,2024,15
39658561,npjDigitalMed,2024,21
38253682,npjDigitalMed,2024,-1
39181999,npjDigitalMed,2024,21
39271938,npjDigitalMed,2024,5
39632966,npjDigitalMed,2024,52
38866915,npjDigitalMed,2024,18
38212607,npjDigitalMed,2024,12
39341936,npjDigitalMed,2024,-1
38702471,npjDigitalMed,2024,12
39284923,npjDigitalMed,2024,-1
38750290,npjDigitalMed,2024,30
38773297,npjDigitalMed,2024,45
39695259,npjDigitalMed,2024,-1
38347159,npjDigitalMed,2024,-1
39638852,npjDigitalMed,2024,-1
39009773,npjDigitalMed,2024,18
39014060,npjDigitalMed,2024,-1
39304709,npjDigitalMed,2024,2
39725693,npjDigitalMed,2024,52
38273098,npjDigitalMed,2024,-1
39501092,npjDigitalMed,2024,-1
38448611,npjDigitalMed,2024,9
39741218,npjDigitalMed,2024,52
39090394,npjDigitalMed,2024,-1
38902336,npjDigitalMed,2024,0
39300208,npjDigitalMed,2024,19
39668168,npjDigitalMed,2024,2
39182008,npjDigitalMed,2024,-1
38937550,npjDigitalMed,2024,-1
39227660,npjDigitalMed,2024,-1
39580609,npjDigitalMed,2024,0
38796519,npjDigitalMed,2024,9
39616244,npjDigitalMed,2024,0
38992097,npjDigitalMed,2024,-1
38778162,npjDigitalMed,2024,20
39237703,npjDigitalMed,2024,-1
38553625,npjDigitalMed,2024,-1
38605089,npjDigitalMed,2024,52
39433945,npjDigitalMed,2024,2
38951666,npjDigitalMed,2024,13
39702673,npjDigitalMed,2024,12
39251870,npjDigitalMed,2024,18
39702364,npjDigitalMed,2024,50
39060511,npjDigitalMed,2024,23
38760474,npjDigitalMed,2024,-1
39014005,npjDigitalMed,2024,52
38982211,npjDigitalMed,2024,-1
39349692,npjDigitalMed,2024,40
39613928,npjDigitalMed,2024,-1
38783073,npjDigitalMed,2024,-1
38291101,npjDigitalMed,2024,13
39572625,npjDigitalMed,2024,40
38499729,npjDigitalMed,2024,-1
38493202,npjDigitalMed,2024,-1
39097662,npjDigitalMed,2024,-1
39414980,npjDigitalMed,2024,30
39358556,npjDigitalMed,2024,20
38429353,npjDigitalMed,2024,39
38609437,npjDigitalMed,2024,9
39443677,npjDigitalMed,2024,-1
38755349,npjDigitalMed,2024,-1
38438477,npjDigitalMed,2024,-1
39266716,npjDigitalMed,2024,29
38396034,npjDigitalMed,2024,-1
39738998,npjDigitalMed,2024,0
39702474,npjDigitalMed,2024,0
38637674,npjDigitalMed,2024,0
39164391,npjDigitalMed,2024,26
38609458,npjDigitalMed,2024,-1
39455883,npjDigitalMed,2024,0
39179798,npjDigitalMed,2024,18
39289474,npjDigitalMed,2024,47
38684903,npjDigitalMed,2024,5
39039248,npjDigitalMed,2024,-1
38615104,npjDigitalMed,2024,25
39251868,npjDigitalMed,2024,-1
39251804,npjDigitalMed,2024,2
38992186,npjDigitalMed,2024,9
39592855,npjDigitalMed,2024,-1
39256546,npjDigitalMed,2024,-1
38216645,npjDigitalMed,2024,6
39033238,npjDigitalMed,2024,-1
38491156,npjDigitalMed,2024,17
41402410,npjDigitalMed,2025,33
40696111,npjDigitalMed,2025,12
40033130,npjDigitalMed,2025,-1
39870855,npjDigitalMed,2025,12
41254208,npjDigitalMed,2025,-1
41254217,npjDigitalMed,2025,-1
40467911,npjDigitalMed,2025,-1
40640343,npjDigitalMed,2025,0
41310216,npjDigitalMed,2025,-1
41258399,npjDigitalMed,2025,0
41053272,npjDigitalMed,2025,27
40615692,npjDigitalMed,2025,11
40640575,npjDigitalMed,2025,-1
39856403,npjDigitalMed,2025,12
40457016,npjDigitalMed,2025,0
41193667,npjDigitalMed,2025,2
40695991,npjDigitalMed,2025,5
40595018,npjDigitalMed,2025,2
40702312,npjDigitalMed,2025,10
41402520,npjDigitalMed,2025,-1
41272171,npjDigitalMed,2025,31
40730644,npjDigitalMed,2025,2
39894882,npjDigitalMed,2025,-1
39894840,npjDigitalMed,2025,2
40108310,npjDigitalMed,2025,21
40025255,npjDigitalMed,2025,0
39827300,npjDigitalMed,2025,2
40050401,npjDigitalMed,2025,27
40550856,npjDigitalMed,2025,52
41402560,npjDigitalMed,2025,14
40379835,npjDigitalMed,2025,4
40016503,npjDigitalMed,2025,-1
39747639,npjDigitalMed,2025,12
39984678,npjDigitalMed,2025,17
40885746,npjDigitalMed,2025,-1
39799251,npjDigitalMed,2025,25
40473925,npjDigitalMed,2025,20
41286436,npjDigitalMed,2025,0
41388138,npjDigitalMed,2025,2
41254301,npjDigitalMed,2025,-1
41398059,npjDigitalMed,2025,9
40360659,npjDigitalMed,2025,20
40189694,npjDigitalMed,2025,36
41198821,npjDigitalMed,2025,2
41339476,npjDigitalMed,2025,5
40379845,npjDigitalMed,2025,36
41422179,npjDigitalMed,2025,0
41387546,npjDigitalMed,2025,5
40229513,npjDigitalMed,2025,58
40374917,npjDigitalMed,2025,56
40494933,npjDigitalMed,2025,12
41249472,npjDigitalMed,2025,-1
39870920,npjDigitalMed,2025,34
40707760,npjDigitalMed,2025,-1
40195521,npjDigitalMed,2025,0
40998989,npjDigitalMed,2025,-1
39934379,npjDigitalMed,2025,-1
41392273,npjDigitalMed,2025,34
40413360,npjDigitalMed,2025,13
40819001,npjDigitalMed,2025,-1
39893305,npjDigitalMed,2025,23
41145883,npjDigitalMed,2025,2
41034564,npjDigitalMed,2025,56
40993300,npjDigitalMed,2025,0
40251342,npjDigitalMed,2025,2
40481271,npjDigitalMed,2025,18
41466129,npjDigitalMed,2025,0
40436998,npjDigitalMed,2025,27
41353275,npjDigitalMed,2025,1
41290943,npjDigitalMed,2025,-1
41062673,npjDigitalMed,2025,18
40346267,npjDigitalMed,2025,-1
41249440,npjDigitalMed,2025,-1
40307427,npjDigitalMed,2025,0
40050366,npjDigitalMed,2025,2
40517175,npjDigitalMed,2025,-1
41131352,npjDigitalMed,2025,0
41057559,npjDigitalMed,2025,-1
41419550,npjDigitalMed,2025,14
41469515,npjDigitalMed,2025,0
40849400,npjDigitalMed,2025,17
41326766,npjDigitalMed,2025,9
40301581,npjDigitalMed,2025,-1
41272280,npjDigitalMed,2025,16
40419669,npjDigitalMed,2025,1
41299010,npjDigitalMed,2025,10
40442294,npjDigitalMed,2025,0
41429891,npjDigitalMed,2025,2
40016286,npjDigitalMed,2025,13
40437210,npjDigitalMed,2025,18
41299024,npjDigitalMed,2025,-1
41331050,npjDigitalMed,2025,10
40897901,npjDigitalMed,2025,0
40775041,npjDigitalMed,2025,0
39915633,npjDigitalMed,2025,30
40797031,npjDigitalMed,2025,-1
40065094,npjDigitalMed,2025,2
39779875,npjDigitalMed,2025,0
40205021,npjDigitalMed,2025,0
41354762,npjDigitalMed,2025,0
40319154,npjDigitalMed,2025,2
41266539,npjDigitalMed,2025,-1
40685437,npjDigitalMed,2025,0
41087591,npjDigitalMed,2025,0
41286075,npjDigitalMed,2025,5
40610586,npjDigitalMed,2025,54
41233490,npjDigitalMed,2025,23
40617877,npjDigitalMed,2025,27
41224856,npjDigitalMed,2025,2
39779761,npjDigitalMed,2025,-1
40295871,npjDigitalMed,2025,14
39757295,npjDigitalMed,2025,12
40849361,npjDigitalMed,2025,-1
39934312,npjDigitalMed,2025,-1
39988586,npjDigitalMed,2025,-1
39753924,npjDigitalMed,2025,18
40825846,npjDigitalMed,2025,2
39953127,npjDigitalMed,2025,2
40341801,npjDigitalMed,2025,0
40514431,npjDigitalMed,2025,-1
39870797,npjDigitalMed,2025,27
41398461,npjDigitalMed,2025,12
40325165,npjDigitalMed,2025,-1
40038423,npjDigitalMed,2025,2
39966662,npjDigitalMed,2025,-1
40514391,npjDigitalMed,2025,-1
41361038,npjDigitalMed,2025,57
41261148,npjDigitalMed,2025,10
40074858,npjDigitalMed,2025,0
40379919,npjDigitalMed,2025,43
40399429,npjDigitalMed,2025,-1
41131344,npjDigitalMed,2025,40
41476131,npjDigitalMed,2025,0
40659838,npjDigitalMed,2025,0
40993299,npjDigitalMed,2025,14
40341287,npjDigitalMed,2025,15
40319106,npjDigitalMed,2025,2
40962915,npjDigitalMed,2025,-1
40707735,npjDigitalMed,2025,14
40044879,npjDigitalMed,2025,-1
40604229,npjDigitalMed,2025,2
41315669,npjDigitalMed,2025,56
40866555,npjDigitalMed,2025,9
41028914,npjDigitalMed,2025,52
40195470,npjDigitalMed,2025,-1
41353464,npjDigitalMed,2025,21
40275104,npjDigitalMed,2025,-1
40369180,npjDigitalMed,2025,-1
41038984,npjDigitalMed,2025,2
40467758,npjDigitalMed,2025,12
40108444,npjDigitalMed,2025,2
40410408,npjDigitalMed,2025,2
40819119,npjDigitalMed,2025,-1
41461943,npjDigitalMed,2025,27
41298819,npjDigitalMed,2025,-1
40346344,npjDigitalMed,2025,2
40883427,npjDigitalMed,2025,-1
41120752,npjDigitalMed,2025,30
41392206,npjDigitalMed,2025,-1
40796947,npjDigitalMed,2025,8
41266569,npjDigitalMed,2025,21
40275099,npjDigitalMed,2025,23
41254165,npjDigitalMed,2025,-1
40316765,npjDigitalMed,2025,2
40346298,npjDigitalMed,2025,29
40316703,npjDigitalMed,2025,30
41214229,npjDigitalMed,2025,0
40319170,npjDigitalMed,2025,0
41345783,npjDigitalMed,2025,57
41249503,npjDigitalMed,2025,-1
40855169,npjDigitalMed,2025,52
41233507,npjDigitalMed,2025,0
40897851,npjDigitalMed,2025,-1
40382499,npjDigitalMed,2025,0
40234671,npjDigitalMed,2025,0
41299062,npjDigitalMed,2025,0
40360731,npjDigitalMed,2025,9
40289217,npjDigitalMed,2025,2
39748126,npjDigitalMed,2025,0
39875637,npjDigitalMed,2025,16
41454159,npjDigitalMed,2025,0
40341689,npjDigitalMed,2025,2
40038415,npjDigitalMed,2025,58
39753917,npjDigitalMed,2025,56
40025194,npjDigitalMed,2025,4
41469800,npjDigitalMed,2025,0
40210973,npjDigitalMed,2025,14
40490535,npjDigitalMed,2025,6
39984725,npjDigitalMed,2025,52
40750683,npjDigitalMed,2025,-1
40500350,npjDigitalMed,2025,12
39934372,npjDigitalMed,2025,2
40097590,npjDigitalMed,2025,12
41254094,npjDigitalMed,2025,57
40885802,npjDigitalMed,2025,46
41162751,npjDigitalMed,2025,9
40596700,npjDigitalMed,2025,20
40410547,npjDigitalMed,2025,12
41339473,npjDigitalMed,2025,0
39828791,npjDigitalMed,2025,16
40847126,npjDigitalMed,2025,-1
40082585,npjDigitalMed,2025,0
40646157,npjDigitalMed,2025,2
41454006,npjDigitalMed,2025,2
40676253,npjDigitalMed,2025,0
40316659,npjDigitalMed,2025,-1
39865143,npjDigitalMed,2025,2
40075149,npjDigitalMed,2025,5
41361520,npjDigitalMed,2025,-1
40065130,npjDigitalMed,2025,20
41198914,npjDigitalMed,2025,34
41298840,npjDigitalMed,2025,15
40269244,npjDigitalMed,2025,20
40473915,npjDigitalMed,2025,-1
40335620,npjDigitalMed,2025,25
40097720,npjDigitalMed,2025,2
40108342,npjDigitalMed,2025,-1
41407822,npjDigitalMed,2025,20
40044878,npjDigitalMed,2025,0
41455812,npjDigitalMed,2025,2
40750660,npjDigitalMed,2025,10
41131097,npjDigitalMed,2025,-1
40615665,npjDigitalMed,2025,-1
41413254,npjDigitalMed,2025,-1
41444833,npjDigitalMed,2025,-1
41261160,npjDigitalMed,2025,10
41310039,npjDigitalMed,2025,-1
40121370,npjDigitalMed,2025,-1
40229460,npjDigitalMed,2025,45
41266739,npjDigitalMed,2025,-1
40275055,npjDigitalMed,2025,19
33345811,LancetDigitalHealth,2020,48
33328029,LancetDigitalHealth,2020,23
33078140,LancetDigitalHealth,2020,-1
32959030,LancetDigitalHealth,2020,-1
33328086,LancetDigitalHealth,2020,0
33328085,LancetDigitalHealth,2020,-1
33328083,LancetDigitalHealth,2020,44
33103096,LancetDigitalHealth,2020,5
33103095,LancetDigitalHealth,2020,6
33103094,LancetDigitalHealth,2020,-1
33015597,LancetDigitalHealth,2020,22
32839755,LancetDigitalHealth,2020,-1
33328048,LancetDigitalHealth,2020,20
33328047,LancetDigitalHealth,2020,12
32984797,LancetDigitalHealth,2020,11
32984795,LancetDigitalHealth,2020,22
32838252,LancetDigitalHealth,2020,11
33345809,LancetDigitalHealth,2020,48
33328116,LancetDigitalHealth,2020,0
33328114,LancetDigitalHealth,2020,0
33328113,LancetDigitalHealth,2020,48
33328112,LancetDigitalHealth,2020,0
33328109,LancetDigitalHealth,2020,-1
32864600,LancetDigitalHealth,2020,39
32864599,LancetDigitalHealth,2020,13
33328044,LancetDigitalHealth,2020,5
33328043,LancetDigitalHealth,2020,-1
32835201,LancetDigitalHealth,2020,37
32835200,LancetDigitalHealth,2020,37
32835199,LancetDigitalHealth,2020,41
32835197,LancetDigitalHealth,2020,11
32835195,LancetDigitalHealth,2020,-1
32835194,LancetDigitalHealth,2020,13
33328093,LancetDigitalHealth,2020,53
33328091,LancetDigitalHealth,2020,-1
32835191,LancetDigitalHealth,2020,-1
32617525,LancetDigitalHealth,2020,21
33328125,LancetDigitalHealth,2020,0
33328124,LancetDigitalHealth,2020,0
33328121,LancetDigitalHealth,2020,13
33328119,LancetDigitalHealth,2020,-1
33328117,LancetDigitalHealth,2020,12
32501438,LancetDigitalHealth,2020,-1
32363333,LancetDigitalHealth,2020,-1
33328058,LancetDigitalHealth,2020,0
33328057,LancetDigitalHealth,2020,8
33328056,LancetDigitalHealth,2020,12
33328052,LancetDigitalHealth,2020,-1
33328051,LancetDigitalHealth,2020,12
33328050,LancetDigitalHealth,2020,-1
33328078,LancetDigitalHealth,2020,14
33328074,LancetDigitalHealth,2020,0
33328073,LancetDigitalHealth,2020,-1
32289116,LancetDigitalHealth,2020,-1
33334577,LancetDigitalHealth,2020,8
33334576,LancetDigitalHealth,2020,0
33334575,LancetDigitalHealth,2020,48
33334574,LancetDigitalHealth,2020,0
33328081,LancetDigitalHealth,2020,53
32123864,LancetDigitalHealth,2020,0
33334565,LancetDigitalHealth,2020,-1
33334562,LancetDigitalHealth,2020,-1
33334557,LancetDigitalHealth,2020,47
33328040,LancetDigitalHealth,2020,12
33328035,LancetDigitalHealth,2020,10
33328033,LancetDigitalHealth,2020,17
33328032,LancetDigitalHealth,2020,13
34823703,LancetDigitalHealth,2021,11
34823702,LancetDigitalHealth,2021,13
34688602,LancetDigitalHealth,2021,0
34688601,LancetDigitalHealth,2021,0
34686475,LancetDigitalHealth,2021,0
34686474,LancetDigitalHealth,2021,0
34625399,LancetDigitalHealth,2021,45
34711379,LancetDigitalHealth,2021,39
34711378,LancetDigitalHealth,2021,0
34711375,LancetDigitalHealth,2021,48
34711373,LancetDigitalHealth,2021,-1
34580055,LancetDigitalHealth,2021,47
34538737,LancetDigitalHealth,2021,0
34456179,LancetDigitalHealth,2021,41
34481767,LancetDigitalHealth,2021,-1
34420908,LancetDigitalHealth,2021,48
34446264,LancetDigitalHealth,2021,48
34446263,LancetDigitalHealth,2021,0
34384736,LancetDigitalHealth,2021,11
34332931,LancetDigitalHealth,2021,0
34303644,LancetDigitalHealth,2021,11
34325855,LancetDigitalHealth,2021,13
34325854,LancetDigitalHealth,2021,36
34325853,LancetDigitalHealth,2021,12
34325850,LancetDigitalHealth,2021,12
34219054,LancetDigitalHealth,2021,0
34167763,LancetDigitalHealth,2021,8
34120887,LancetDigitalHealth,2021,0
34120886,LancetDigitalHealth,2021,0
34119451,LancetDigitalHealth,2021,48
34052209,LancetDigitalHealth,2021,48
34049834,LancetDigitalHealth,2021,-1
34045004,LancetDigitalHealth,2021,51
34045003,LancetDigitalHealth,2021,0
34045001,LancetDigitalHealth,2021,41
33967002,LancetDigitalHealth,2021,24
33893070,LancetDigitalHealth,2021,0
33890577,LancetDigitalHealth,2021,0
33858816,LancetDigitalHealth,2021,2
33858815,LancetDigitalHealth,2021,57
33814326,LancetDigitalHealth,2021,22
33773969,LancetDigitalHealth,2021,11
33766288,LancetDigitalHealth,2021,34
33678589,LancetDigitalHealth,2021,13
33640307,LancetDigitalHealth,2021,-1
33612430,LancetDigitalHealth,2021,-1
33574001,LancetDigitalHealth,2021,53
33574000,LancetDigitalHealth,2021,11
33549513,LancetDigitalHealth,2021,13
33516652,LancetDigitalHealth,2021,48
33483278,LancetDigitalHealth,2021,41
33483277,LancetDigitalHealth,2021,41
33478929,LancetDigitalHealth,2021,20
33509388,LancetDigitalHealth,2021,11
33509385,LancetDigitalHealth,2021,12
33342754,LancetDigitalHealth,2021,11
33342753,LancetDigitalHealth,2021,11
33735068,LancetDigitalHealth,2021,41
33735067,LancetDigitalHealth,2021,37
33735066,LancetDigitalHealth,2021,12
36427950,LancetDigitalHealth,2022,-1
36427948,LancetDigitalHealth,2022,-1
36335031,LancetDigitalHealth,2022,13
36307370,LancetDigitalHealth,2022,48
36307193,LancetDigitalHealth,2022,21
36307192,LancetDigitalHealth,2022,0
36307191,LancetDigitalHealth,2022,-1
36307190,LancetDigitalHealth,2022,37
36307189,LancetDigitalHealth,2022,0
36229346,LancetDigitalHealth,2022,-1
36182633,LancetDigitalHealth,2022,0
36266227,LancetDigitalHealth,2022,13
36150782,LancetDigitalHealth,2022,41
36150781,LancetDigitalHealth,2022,-1
36150780,LancetDigitalHealth,2022,0
36150779,LancetDigitalHealth,2022,-1
36150778,LancetDigitalHealth,2022,-1
36038496,LancetDigitalHealth,2022,11
36028290,LancetDigitalHealth,2022,10
35909058,LancetDigitalHealth,2022,-1
35835712,LancetDigitalHealth,2022,11
35868812,LancetDigitalHealth,2022,11
35868811,LancetDigitalHealth,2022,6
35811295,LancetDigitalHealth,2022,-1
35811294,LancetDigitalHealth,2022,-1
35786541,LancetDigitalHealth,2022,48
35750402,LancetDigitalHealth,2022,0
35750401,LancetDigitalHealth,2022,-1
35750400,LancetDigitalHealth,2022,0
35750399,LancetDigitalHealth,2022,-1
35599143,LancetDigitalHealth,2022,-1
35623799,LancetDigitalHealth,2022,0
35623795,LancetDigitalHealth,2022,4
35623794,LancetDigitalHealth,2022,-1
35466079,LancetDigitalHealth,2022,11
35430151,LancetDigitalHealth,2022,0
35461689,LancetDigitalHealth,2022,14
35461687,LancetDigitalHealth,2022,-1
35461685,LancetDigitalHealth,2022,-1
35379593,LancetDigitalHealth,2022,5
35370106,LancetDigitalHealth,2022,48
35341712,LancetDigitalHealth,2022,-1
35337643,LancetDigitalHealth,2022,0
35337641,LancetDigitalHealth,2022,13
35337640,LancetDigitalHealth,2022,53
35337639,LancetDigitalHealth,2022,53
35337637,LancetDigitalHealth,2022,13
35279399,LancetDigitalHealth,2022,11
35272973,LancetDigitalHealth,2022,12
35272972,LancetDigitalHealth,2022,12
35272971,LancetDigitalHealth,2022,47
35216753,LancetDigitalHealth,2022,57
35216752,LancetDigitalHealth,2022,0
35216751,LancetDigitalHealth,2022,-1
35216747,LancetDigitalHealth,2022,-1
35090679,LancetDigitalHealth,2022,21
35090677,LancetDigitalHealth,2022,-1
35090676,LancetDigitalHealth,2022,-1
35090674,LancetDigitalHealth,2022,-1
34998739,LancetDigitalHealth,2022,0
34836823,LancetDigitalHealth,2022,42
34952679,LancetDigitalHealth,2022,0
34952678,LancetDigitalHealth,2022,26
34952677,LancetDigitalHealth,2022,0
34952675,LancetDigitalHealth,2022,21
34863649,LancetDigitalHealth,2022,0
34794931,LancetDigitalHealth,2022,0
34772649,LancetDigitalHealth,2022,0
34740555,LancetDigitalHealth,2022,41
38000875,LancetDigitalHealth,2023,-1
38000874,LancetDigitalHealth,2023,0
38000873,LancetDigitalHealth,2023,58
38000871,LancetDigitalHealth,2023,-1
38000870,LancetDigitalHealth,2023,0
38000869,LancetDigitalHealth,2023,58
37940490,LancetDigitalHealth,2023,-1
37940489,LancetDigitalHealth,2023,-1
37890904,LancetDigitalHealth,2023,21
37890901,LancetDigitalHealth,2023,36
37890899,LancetDigitalHealth,2023,21
37775472,LancetDigitalHealth,2023,0
37770336,LancetDigitalHealth,2023,0
37741765,LancetDigitalHealth,2023,17
37775190,LancetDigitalHealth,2023,17
37775187,LancetDigitalHealth,2023,5
37775186,LancetDigitalHealth,2023,48
37726187,LancetDigitalHealth,2023,-1
37690910,LancetDigitalHealth,2023,0
37567794,LancetDigitalHealth,2023,0
37625897,LancetDigitalHealth,2023,37
37558555,LancetDigitalHealth,2023,48
37543512,LancetDigitalHealth,2023,47
37516557,LancetDigitalHealth,2023,41
37474439,LancetDigitalHealth,2023,0
37507196,LancetDigitalHealth,2023,0
37419844,LancetDigitalHealth,2023,-1
37419843,LancetDigitalHealth,2023,-1
37393161,LancetDigitalHealth,2023,0
37391265,LancetDigitalHealth,2023,11
37391263,LancetDigitalHealth,2023,0
37391262,LancetDigitalHealth,2023,13
37211455,LancetDigitalHealth,2023,0
37210230,LancetDigitalHealth,2023,-1
37202336,LancetDigitalHealth,2023,11
37236697,LancetDigitalHealth,2023,21
37179158,LancetDigitalHealth,2023,7
37105800,LancetDigitalHealth,2023,-1
37088692,LancetDigitalHealth,2023,12
37087370,LancetDigitalHealth,2023,0
37100545,LancetDigitalHealth,2023,-1
37100542,LancetDigitalHealth,2023,0
37100541,LancetDigitalHealth,2023,-1
37100540,LancetDigitalHealth,2023,52
37032201,LancetDigitalHealth,2023,-1
37032200,LancetDigitalHealth,2023,5
36966118,LancetDigitalHealth,2023,12
36963911,LancetDigitalHealth,2023,58
36963908,LancetDigitalHealth,2023,58
36963906,LancetDigitalHealth,2023,58
36963905,LancetDigitalHealth,2023,-1
36894409,LancetDigitalHealth,2023,2
36872190,LancetDigitalHealth,2023,-1
36872189,LancetDigitalHealth,2023,-1
36828607,LancetDigitalHealth,2023,10
36828606,LancetDigitalHealth,2023,10
36828604,LancetDigitalHealth,2023,0
36828602,LancetDigitalHealth,2023,-1
36828601,LancetDigitalHealth,2023,-1
36754725,LancetDigitalHealth,2023,2
36707189,LancetDigitalHealth,2023,0
36707187,LancetDigitalHealth,2023,11
36707186,LancetDigitalHealth,2023,0
36707185,LancetDigitalHealth,2023,-1
36528543,LancetDigitalHealth,2023,48
36528542,LancetDigitalHealth,2023,9
36496303,LancetDigitalHealth,2023,0
36517410,LancetDigitalHealth,2023,0
36424338,LancetDigitalHealth,2023,-1
39613374,LancetDigitalHealth,2024,48
39613373,LancetDigitalHealth,2024,0
39547914,LancetDigitalHealth,2024,13
39547913,LancetDigitalHealth,2024,-1
39547911,LancetDigitalHealth,2024,-1
39368871,LancetDigitalHealth,2024,5
39368870,LancetDigitalHealth,2024,5
39455195,LancetDigitalHealth,2024,-1
39384452,LancetDigitalHealth,2024,48
39379267,LancetDigitalHealth,2024,7
39358064,LancetDigitalHealth,2024,-1
39294061,LancetDigitalHealth,2024,44
39332854,LancetDigitalHealth,2024,0
39332853,LancetDigitalHealth,2024,-1
39332852,LancetDigitalHealth,2024,0
39332850,LancetDigitalHealth,2024,48
39332849,LancetDigitalHealth,2024,48
39214764,LancetDigitalHealth,2024,-1
39214763,LancetDigitalHealth,2024,14
39214760,LancetDigitalHealth,2024,-1
39214759,LancetDigitalHealth,2024,0
39214758,LancetDigitalHealth,2024,-1
39179309,LancetDigitalHealth,2024,48
39179308,LancetDigitalHealth,2024,53
39179307,LancetDigitalHealth,2024,53
39138096,LancetDigitalHealth,2024,-1
39033067,LancetDigitalHealth,2024,0
39059890,LancetDigitalHealth,2024,39
39059889,LancetDigitalHealth,2024,41
39059884,LancetDigitalHealth,2024,-1
38987117,LancetDigitalHealth,2024,2
38987116,LancetDigitalHealth,2024,0
38926009,LancetDigitalHealth,2024,53
38906618,LancetDigitalHealth,2024,-1
38906615,LancetDigitalHealth,2024,-1
38906612,LancetDigitalHealth,2024,21
38906611,LancetDigitalHealth,2024,5
38906609,LancetDigitalHealth,2024,48
38906608,LancetDigitalHealth,2024,17
38906606,LancetDigitalHealth,2024,52
38849291,LancetDigitalHealth,2024,0
38816299,LancetDigitalHealth,2024,53
38789135,LancetDigitalHealth,2024,21
38664108,LancetDigitalHealth,2024,2
38658283,LancetDigitalHealth,2024,2
38670745,LancetDigitalHealth,2024,0
38670742,LancetDigitalHealth,2024,5
38670741,LancetDigitalHealth,2024,-1
38670740,LancetDigitalHealth,2024,11
38670739,LancetDigitalHealth,2024,-1
38519152,LancetDigitalHealth,2024,21
38519151,LancetDigitalHealth,2024,-1
38519150,LancetDigitalHealth,2024,-1
38519149,LancetDigitalHealth,2024,0
38395542,LancetDigitalHealth,2024,-1
38395541,LancetDigitalHealth,2024,15
38395539,LancetDigitalHealth,2024,-1
38395538,LancetDigitalHealth,2024,-1
38395536,LancetDigitalHealth,2024,48
38395534,LancetDigitalHealth,2024,0
38395531,LancetDigitalHealth,2024,-1
38395530,LancetDigitalHealth,2024,12
38262801,LancetDigitalHealth,2024,36
38278619,LancetDigitalHealth,2024,11
38278616,LancetDigitalHealth,2024,-1
38135556,LancetDigitalHealth,2024,0
38123255,LancetDigitalHealth,2024,-1
38123254,LancetDigitalHealth,2024,0
38123253,LancetDigitalHealth,2024,53
38123252,LancetDigitalHealth,2024,2
38123251,LancetDigitalHealth,2024,8
38123250,LancetDigitalHealth,2024,0
38065779,LancetDigitalHealth,2024,-1
37996339,LancetDigitalHealth,2024,0
41436327,LancetDigitalHealth,2025,-1
41407582,LancetDigitalHealth,2025,-1
41387134,LancetDigitalHealth,2025,39
41339157,LancetDigitalHealth,2025,0
41309428,LancetDigitalHealth,2025,0
41330822,LancetDigitalHealth,2025,56
41318283,LancetDigitalHealth,2025,34
41276431,LancetDigitalHealth,2025,53
41274833,LancetDigitalHealth,2025,-1
41207814,LancetDigitalHealth,2025,30
41344797,LancetDigitalHealth,2025,53
41241583,LancetDigitalHealth,2025,-1
41241582,LancetDigitalHealth,2025,0
41238507,LancetDigitalHealth,2025,57
41238505,LancetDigitalHealth,2025,53
41206261,LancetDigitalHealth,2025,-1
41188115,LancetDigitalHealth,2025,10
41047321,LancetDigitalHealth,2025,-1
40998651,LancetDigitalHealth,2025,-1
40930926,LancetDigitalHealth,2025,14
40866282,LancetDigitalHealth,2025,44
40816978,LancetDigitalHealth,2025,-1
40858480,LancetDigitalHealth,2025,11
40816977,LancetDigitalHealth,2025,0
40803944,LancetDigitalHealth,2025,53
40769794,LancetDigitalHealth,2025,0
40707334,LancetDigitalHealth,2025,53
40610362,LancetDigitalHealth,2025,5
40681372,LancetDigitalHealth,2025,53
40610361,LancetDigitalHealth,2025,-1
40518342,LancetDigitalHealth,2025,52
40467357,LancetDigitalHealth,2025,0
40414783,LancetDigitalHealth,2025,17
40544083,LancetDigitalHealth,2025,0
40523833,LancetDigitalHealth,2025,13
40461350,LancetDigitalHealth,2025,-1
40461349,LancetDigitalHealth,2025,21
40374487,LancetDigitalHealth,2025,-1
40312169,LancetDigitalHealth,2025,12
40148008,LancetDigitalHealth,2025,48
40148007,LancetDigitalHealth,2025,5
40023729,LancetDigitalHealth,2025,10
39984419,LancetDigitalHealth,2025,56
39779452,LancetDigitalHealth,2025,-1
40015761,LancetDigitalHealth,2025,0
40015760,LancetDigitalHealth,2025,13
39904652,LancetDigitalHealth,2025,0
39709281,LancetDigitalHealth,2025,37
39722252,LancetDigitalHealth,2025,-1
39722248,LancetDigitalHealth,2025,0
39701920,LancetDigitalHealth,2025,-1
39550312,LancetDigitalHealth,2025,44
