pmid,journal_key,year,topic
33031543,JAMIA,2020,1
32311047,JAMIA,2020,0
32626903,JAMIA,2020,-1
32909035,JAMIA,2020,-1
32761100,JAMIA,2020,-1
32935127,JAMIA,2020,7
32929458,JAMIA,2020,-1
32918447,JAMIA,2020,0
32548642,JAMIA,2020,-1
32159770,JAMIA,2020,17
32186718,JAMIA,2020,37
33059367,JAMIA,2020,-1
31390003,JAMIA,2020,44
31504605,JAMIA,2020,44
32016394,JAMIA,2020,17
32692844,JAMIA,2020,32
32548627,JAMIA,2020,-1
32585698,JAMIA,2020,40
32574353,JAMIA,2020,40
32442263,JAMIA,2020,0
33040151,JAMIA,2020,-1
32333757,JAMIA,2020,0
33051682,JAMIA,2020,0
32989458,JAMIA,2020,18
32687152,JAMIA,2020,0
32337600,JAMIA,2020,-1
32417894,JAMIA,2020,-1
32181812,JAMIA,2020,51
32364237,JAMIA,2020,23
31951002,JAMIA,2020,-1
33029619,JAMIA,2020,7
31750912,JAMIA,2020,17
32282922,JAMIA,2020,0
32348469,JAMIA,2020,0
32667985,JAMIA,2020,0
32364235,JAMIA,2020,20
31682253,JAMIA,2020,-1
32330258,JAMIA,2020,51
32357370,JAMIA,2020,33
32106284,JAMIA,2020,42
32134444,JAMIA,2020,13
32574362,JAMIA,2020,-1
32267928,JAMIA,2020,0
32620950,JAMIA,2020,-1
32589735,JAMIA,2020,0
32311034,JAMIA,2020,0
32495830,JAMIA,2020,0
31605488,JAMIA,2020,-1
31925442,JAMIA,2020,54
32984901,JAMIA,2020,-1
31858114,JAMIA,2020,1
32501484,JAMIA,2020,0
32687151,JAMIA,2020,0
31986197,JAMIA,2020,26
32364236,JAMIA,2020,52
32374406,JAMIA,2020,5
32483590,JAMIA,2020,31
31682262,JAMIA,2020,6
31743934,JAMIA,2020,54
31670816,JAMIA,2020,38
31617899,JAMIA,2020,13
32968811,JAMIA,2020,1
32150259,JAMIA,2020,36
31592533,JAMIA,2020,43
32930711,JAMIA,2020,1
33120431,JAMIA,2020,7
33067628,JAMIA,2020,0
32620945,JAMIA,2020,20
32134456,JAMIA,2020,-1
32364238,JAMIA,2020,-1
32984890,JAMIA,2020,0
32049356,JAMIA,2020,46
33301025,JAMIA,2020,18
32142137,JAMIA,2020,7
32642750,JAMIA,2020,-1
32181803,JAMIA,2020,38
32467973,JAMIA,2020,21
32594179,JAMIA,2020,-1
32638010,JAMIA,2020,-1
31592534,JAMIA,2020,-1
32337588,JAMIA,2020,50
32974638,JAMIA,2020,13
32679585,JAMIA,2020,47
32719839,JAMIA,2020,17
32388549,JAMIA,2020,7
32330255,JAMIA,2020,-1
32719880,JAMIA,2020,32
33053157,JAMIA,2020,-1
33063114,JAMIA,2020,36
33040152,JAMIA,2020,0
32585689,JAMIA,2020,-1
31651956,JAMIA,2020,-1
32346726,JAMIA,2020,-1
32417928,JAMIA,2020,-1
32620975,JAMIA,2020,0
33029614,JAMIA,2020,-1
32719837,JAMIA,2020,-1
32602884,JAMIA,2020,0
32940705,JAMIA,2020,0
31951005,JAMIA,2020,1
32915206,JAMIA,2020,46
32449766,JAMIA,2020,0
32845984,JAMIA,2020,51
32357368,JAMIA,2020,12
32447373,JAMIA,2020,0
31135882,JAMIA,2020,44
31592525,JAMIA,2020,-1
32548622,JAMIA,2020,1
32968800,JAMIA,2020,-1
32869093,JAMIA,2020,-1
32909033,JAMIA,2020,-1
32626900,JAMIA,2020,20
32065628,JAMIA,2020,1
32016375,JAMIA,2020,17
32719840,JAMIA,2020,7
31972023,JAMIA,2020,18
32134449,JAMIA,2020,46
31621847,JAMIA,2020,5
32049329,JAMIA,2020,-1
32027359,JAMIA,2020,-1
32989459,JAMIA,2020,43
32333753,JAMIA,2020,0
33225361,JAMIA,2021,-1
34415311,JAMIA,2021,0
33094346,JAMIA,2021,-1
33871018,JAMIA,2021,17
34180522,JAMIA,2021,7
34338786,JAMIA,2021,-1
33537772,JAMIA,2021,20
33657217,JAMIA,2021,-1
34142142,JAMIA,2021,12
34613399,JAMIA,2021,49
33570148,JAMIA,2021,41
33404595,JAMIA,2021,-1
32805004,JAMIA,2021,0
33463685,JAMIA,2021,1
34791265,JAMIA,2021,-1
34569603,JAMIA,2021,42
34279636,JAMIA,2021,29
33749793,JAMIA,2021,-1
33576379,JAMIA,2021,-1
33585936,JAMIA,2021,17
34313748,JAMIA,2021,13
34534312,JAMIA,2021,-1
33677589,JAMIA,2021,-1
33367620,JAMIA,2021,43
34329435,JAMIA,2021,18
34279657,JAMIA,2021,-1
33325533,JAMIA,2021,0
33463681,JAMIA,2021,-1
33582820,JAMIA,2021,-1
33221852,JAMIA,2021,50
33325504,JAMIA,2021,-1
33355360,JAMIA,2021,17
33496786,JAMIA,2021,1
34608931,JAMIA,2021,13
33306790,JAMIA,2021,0
33659993,JAMIA,2021,-1
33295626,JAMIA,2021,0
34009343,JAMIA,2021,13
33165614,JAMIA,2021,0
34472601,JAMIA,2021,-1
33367670,JAMIA,2021,22
33325532,JAMIA,2021,-1
34613400,JAMIA,2021,12
34963141,JAMIA,2021,1
34537851,JAMIA,2021,5
33120424,JAMIA,2021,17
33954750,JAMIA,2021,15
33712854,JAMIA,2021,-1
34022053,JAMIA,2021,0
33164076,JAMIA,2021,0
33576432,JAMIA,2021,17
34100949,JAMIA,2021,32
34524450,JAMIA,2021,7
33448306,JAMIA,2021,43
34498082,JAMIA,2021,-1
34151967,JAMIA,2021,37
34100952,JAMIA,2021,38
34313774,JAMIA,2021,-1
34179983,JAMIA,2021,46
33997903,JAMIA,2021,-1
34313749,JAMIA,2021,-1
33674865,JAMIA,2021,6
34741507,JAMIA,2021,49
33690794,JAMIA,2021,0
34741510,JAMIA,2021,37
33993254,JAMIA,2021,32
32805036,JAMIA,2021,0
34279631,JAMIA,2021,-1
34151965,JAMIA,2021,1
33410891,JAMIA,2021,46
33186438,JAMIA,2021,11
33180897,JAMIA,2021,-1
34741513,JAMIA,2021,-1
34279660,JAMIA,2021,32
34791297,JAMIA,2021,-1
33496785,JAMIA,2021,47
34363677,JAMIA,2021,-1
33895827,JAMIA,2021,0
34651187,JAMIA,2021,16
34613393,JAMIA,2021,-1
34791282,JAMIA,2021,-1
33880557,JAMIA,2021,1
33260202,JAMIA,2021,31
34613371,JAMIA,2021,32
34648005,JAMIA,2021,0
33594412,JAMIA,2021,13
33367705,JAMIA,2021,7
33594415,JAMIA,2021,13
33899105,JAMIA,2021,17
34569593,JAMIA,2021,17
34333626,JAMIA,2021,33
33956971,JAMIA,2021,-1
34157112,JAMIA,2021,0
32827030,JAMIA,2021,27
33166379,JAMIA,2021,-1
33647989,JAMIA,2021,0
33120418,JAMIA,2021,-1
33120413,JAMIA,2021,-1
33993310,JAMIA,2021,0
33880534,JAMIA,2021,17
33216120,JAMIA,2021,0
33197268,JAMIA,2021,0
33125051,JAMIA,2021,0
33517402,JAMIA,2021,0
32986795,JAMIA,2021,0
34401908,JAMIA,2021,-1
34918098,JAMIA,2022,-1
34962283,JAMIA,2022,13
35167689,JAMIA,2022,-1
34957491,JAMIA,2022,11
35396995,JAMIA,2022,36
35477787,JAMIA,2022,0
36036367,JAMIA,2022,11
35751571,JAMIA,2022,7
35472083,JAMIA,2022,36
34725682,JAMIA,2022,36
34405866,JAMIA,2022,-1
35897157,JAMIA,2022,5
35652165,JAMIA,2022,-1
34871412,JAMIA,2022,-1
35263437,JAMIA,2022,11
35641135,JAMIA,2022,1
34590684,JAMIA,2022,-1
36194118,JAMIA,2022,15
35932187,JAMIA,2022,11
35271724,JAMIA,2022,-1
34383916,JAMIA,2022,27
35146510,JAMIA,2022,-1
36217862,JAMIA,2022,18
36206130,JAMIA,2022,0
34897466,JAMIA,2022,-1
35396991,JAMIA,2022,-1
36228116,JAMIA,2022,11
35686364,JAMIA,2022,42
35226056,JAMIA,2022,15
35822406,JAMIA,2022,-1
34569604,JAMIA,2022,36
35020882,JAMIA,2022,0
35024858,JAMIA,2022,-1
36323268,JAMIA,2022,37
34850911,JAMIA,2022,47
35997550,JAMIA,2022,-1
34990507,JAMIA,2022,54
35582891,JAMIA,2022,12
36259967,JAMIA,2022,-1
35700121,JAMIA,2022,18
35289371,JAMIA,2022,47
35435957,JAMIA,2022,-1
34871423,JAMIA,2022,-1
35289368,JAMIA,2022,47
35639494,JAMIA,2022,-1
35713521,JAMIA,2022,15
35190824,JAMIA,2022,6
35289912,JAMIA,2022,0
35976140,JAMIA,2022,38
35595298,JAMIA,2022,15
35348718,JAMIA,2022,13
35543600,JAMIA,2022,18
36227072,JAMIA,2022,35
35927974,JAMIA,2022,43
35092276,JAMIA,2022,1
34897458,JAMIA,2022,-1
36228120,JAMIA,2022,43
34850002,JAMIA,2022,32
35818288,JAMIA,2022,-1
35876830,JAMIA,2022,-1
35441692,JAMIA,2022,0
35357487,JAMIA,2022,0
36228125,JAMIA,2022,47
36047844,JAMIA,2022,0
35595237,JAMIA,2022,0
36288464,JAMIA,2022,36
35848784,JAMIA,2022,7
34643701,JAMIA,2022,-1
35689649,JAMIA,2022,-1
34919694,JAMIA,2022,47
35579328,JAMIA,2022,-1
34741511,JAMIA,2022,25
35904765,JAMIA,2022,0
35022756,JAMIA,2022,42
35182148,JAMIA,2022,11
35196368,JAMIA,2022,0
36018725,JAMIA,2022,-1
36303456,JAMIA,2022,1
35303086,JAMIA,2022,37
35869952,JAMIA,2022,-1
36048021,JAMIA,2022,40
35818299,JAMIA,2022,11
35024857,JAMIA,2022,-1
34871428,JAMIA,2022,47
35024859,JAMIA,2022,-1
35511151,JAMIA,2022,0
36228119,JAMIA,2022,-1
35511233,JAMIA,2022,-1
34849976,JAMIA,2022,-1
35022765,JAMIA,2022,-1
36257635,JAMIA,2022,-1
36094062,JAMIA,2022,-1
34605910,JAMIA,2022,36
35799406,JAMIA,2022,19
34849986,JAMIA,2022,-1
35641136,JAMIA,2022,32
36264269,JAMIA,2022,-1
35869951,JAMIA,2022,-1
35092685,JAMIA,2022,0
36269168,JAMIA,2022,26
35641139,JAMIA,2022,2
36314391,JAMIA,2022,-1
36164822,JAMIA,2022,46
36287823,JAMIA,2022,-1
36250788,JAMIA,2022,6
34897460,JAMIA,2022,-1
35877074,JAMIA,2022,11
34613409,JAMIA,2022,47
35020887,JAMIA,2022,2
34939117,JAMIA,2022,12
35775946,JAMIA,2022,0
35244165,JAMIA,2022,11
35289370,JAMIA,2022,47
37847664,JAMIA,2023,54
37846192,JAMIA,2023,46
37769323,JAMIA,2023,-1
37759342,JAMIA,2023,-1
37757460,JAMIA,2023,15
37748456,JAMIA,2023,-1
37740937,JAMIA,2023,-1
37604111,JAMIA,2023,42
37975257,JAMIA,2023,-1
37757459,JAMIA,2023,15
37682250,JAMIA,2023,-1
37682247,JAMIA,2023,-1
37659105,JAMIA,2023,1
37659103,JAMIA,2023,10
37639620,JAMIA,2023,1
37615994,JAMIA,2023,-1
37573135,JAMIA,2023,17
37528056,JAMIA,2023,7
37855452,JAMIA,2023,-1
37855451,JAMIA,2023,-1
37553233,JAMIA,2023,-1
37335871,JAMIA,2023,12
37308323,JAMIA,2023,-1
37257882,JAMIA,2023,-1
37221701,JAMIA,2023,49
37756706,JAMIA,2023,18
37561427,JAMIA,2023,37
37535834,JAMIA,2023,-1
37535817,JAMIA,2023,11
37500598,JAMIA,2023,37
37487555,JAMIA,2023,-1
37478477,JAMIA,2023,51
37463858,JAMIA,2023,-1
37436709,JAMIA,2023,0
37414548,JAMIA,2023,36
37403330,JAMIA,2023,36
37403329,JAMIA,2023,-1
37593902,JAMIA,2023,-1
37414544,JAMIA,2023,11
37369008,JAMIA,2023,-1
37364025,JAMIA,2023,0
37344150,JAMIA,2023,-1
37330672,JAMIA,2023,-1
37316988,JAMIA,2023,7
37311708,JAMIA,2023,1
37279884,JAMIA,2023,6
37208863,JAMIA,2023,6
37466054,JAMIA,2023,49
37203429,JAMIA,2023,49
37130345,JAMIA,2023,49
37011635,JAMIA,2023,49
36944091,JAMIA,2023,49
36795066,JAMIA,2023,49
37252836,JAMIA,2023,13
37218289,JAMIA,2023,0
37203425,JAMIA,2023,-1
37192819,JAMIA,2023,-1
37187158,JAMIA,2023,-1
37087108,JAMIA,2023,2
37071932,JAMIA,2023,15
37071804,JAMIA,2023,6
37053380,JAMIA,2023,4
37205729,JAMIA,2023,18
37087111,JAMIA,2023,7
37080557,JAMIA,2023,32
37053378,JAMIA,2023,52
37043759,JAMIA,2023,1
37036945,JAMIA,2023,-1
37029922,JAMIA,2023,49
37027837,JAMIA,2023,-1
37011637,JAMIA,2023,41
36943291,JAMIA,2023,36
36940186,JAMIA,2023,-1
36921288,JAMIA,2023,-1
37141581,JAMIA,2023,36
37073766,JAMIA,2023,-1
36931260,JAMIA,2023,15
36917089,JAMIA,2023,0
36905604,JAMIA,2023,17
36888889,JAMIA,2023,50
36882092,JAMIA,2023,13
36869772,JAMIA,2023,36
36857086,JAMIA,2023,-1
36826400,JAMIA,2023,-1
36826399,JAMIA,2023,-1
36821435,JAMIA,2023,0
36805926,JAMIA,2023,-1
36805706,JAMIA,2023,17
36795076,JAMIA,2023,-1
36794643,JAMIA,2023,1
36752649,JAMIA,2023,-1
36718575,JAMIA,2023,50
36810659,JAMIA,2023,1
36718091,JAMIA,2023,-1
36707998,JAMIA,2023,0
36692204,JAMIA,2023,-1
36688534,JAMIA,2023,32
36688526,JAMIA,2023,51
36645248,JAMIA,2023,0
36565464,JAMIA,2023,0
36534893,JAMIA,2023,0
36458941,JAMIA,2023,5
36264262,JAMIA,2023,0
36040186,JAMIA,2023,0
35866622,JAMIA,2023,0
36794710,JAMIA,2023,18
36565465,JAMIA,2023,-1
36548211,JAMIA,2023,-1
36519951,JAMIA,2023,50
36495570,JAMIA,2023,28
36484621,JAMIA,2023,-1
36469808,JAMIA,2023,48
36469807,JAMIA,2023,15
36458955,JAMIA,2023,-1
36451277,JAMIA,2023,13
36451272,JAMIA,2023,13
36469791,JAMIA,2023,13
36451266,JAMIA,2023,-1
36416419,JAMIA,2023,7
36413056,JAMIA,2023,13
36409991,JAMIA,2023,0
36394232,JAMIA,2023,0
36377977,JAMIA,2023,15
36377970,JAMIA,2023,-1
36374227,JAMIA,2023,-1
36350567,JAMIA,2023,-1
36343113,JAMIA,2023,-1
36343096,JAMIA,2023,-1
36259975,JAMIA,2023,47
36069977,JAMIA,2023,13
36005898,JAMIA,2023,0
37263622,JAMIA,2024,38
38447587,JAMIA,2024,-1
38587875,JAMIA,2024,1
39348281,JAMIA,2024,-1
39254529,JAMIA,2024,36
38457282,JAMIA,2024,-1
38244995,JAMIA,2024,-1
39167120,JAMIA,2024,0
38427845,JAMIA,2024,-1
38626184,JAMIA,2024,28
38422379,JAMIA,2024,6
38123497,JAMIA,2024,17
38069455,JAMIA,2024,40
38767890,JAMIA,2024,-1
38613821,JAMIA,2024,2
38531676,JAMIA,2024,-1
38741288,JAMIA,2024,-1
39093943,JAMIA,2024,-1
38905012,JAMIA,2024,41
37615971,JAMIA,2024,-1
39259934,JAMIA,2024,-1
39259922,JAMIA,2024,-1
38641416,JAMIA,2024,2
38031481,JAMIA,2024,6
38679900,JAMIA,2024,2
38238784,JAMIA,2024,38
38661564,JAMIA,2024,54
38778578,JAMIA,2024,2
38452298,JAMIA,2024,2
39269931,JAMIA,2024,-1
39043402,JAMIA,2024,-1
39121174,JAMIA,2024,2
39150868,JAMIA,2024,15
37341698,JAMIA,2024,38
39047296,JAMIA,2024,49
38758661,JAMIA,2024,-1
38287655,JAMIA,2024,2
38578616,JAMIA,2024,2
38934643,JAMIA,2024,7
37964688,JAMIA,2024,-1
38771093,JAMIA,2024,1
38833256,JAMIA,2024,38
39003519,JAMIA,2024,38
39088568,JAMIA,2024,38
38630586,JAMIA,2024,52
39042519,JAMIA,2024,17
38447593,JAMIA,2024,32
38070172,JAMIA,2024,-1
38237123,JAMIA,2024,-1
39225779,JAMIA,2024,44
38456459,JAMIA,2024,20
37437899,JAMIA,2024,38
38796836,JAMIA,2024,38
37860921,JAMIA,2024,38
38900185,JAMIA,2024,-1
39271171,JAMIA,2024,52
39127052,JAMIA,2024,13
39225790,JAMIA,2024,10
39093939,JAMIA,2024,-1
38281112,JAMIA,2024,-1
38447590,JAMIA,2024,2
39135439,JAMIA,2024,-1
38345343,JAMIA,2024,51
38041473,JAMIA,2024,13
38472144,JAMIA,2024,-1
38497957,JAMIA,2024,3
38684792,JAMIA,2024,2
38657567,JAMIA,2024,2
38787964,JAMIA,2024,-1
39008829,JAMIA,2024,2
38452293,JAMIA,2024,1
38427850,JAMIA,2024,52
38917426,JAMIA,2024,-1
38905016,JAMIA,2024,17
39311859,JAMIA,2024,-1
38899386,JAMIA,2024,-1
37330670,JAMIA,2024,38
39135444,JAMIA,2024,38
38857454,JAMIA,2024,-1
39083847,JAMIA,2024,-1
39178361,JAMIA,2024,3
38904366,JAMIA,2024,38
38349846,JAMIA,2024,-1
39657748,JAMIA,2024,-1
38960730,JAMIA,2024,-1
37986619,JAMIA,2024,15
39348270,JAMIA,2024,3
38569176,JAMIA,2024,18
39190874,JAMIA,2024,-1
39038795,JAMIA,2024,2
38520723,JAMIA,2024,40
38400737,JAMIA,2024,5
38037121,JAMIA,2024,-1
38917427,JAMIA,2024,13
39018499,JAMIA,2024,-1
38134953,JAMIA,2024,13
39302103,JAMIA,2024,11
38812088,JAMIA,2024,2
38341800,JAMIA,2024,6
38641410,JAMIA,2024,-1
38976592,JAMIA,2024,1
39181122,JAMIA,2024,-1
38324738,JAMIA,2024,-1
38164964,JAMIA,2024,26
38531675,JAMIA,2024,-1
38520725,JAMIA,2024,7
39441983,JAMIA,2024,-1
39013194,JAMIA,2024,-1
38899502,JAMIA,2024,-1
39043412,JAMIA,2024,-1
39081233,JAMIA,2024,7
39028970,JAMIA,2024,2
38613820,JAMIA,2024,13
38441296,JAMIA,2024,2
39178375,JAMIA,2024,-1
41082356,JAMIA,2025,32
41071911,JAMIA,2025,44
41060255,JAMIA,2025,1
41032388,JAMIA,2025,32
41032045,JAMIA,2025,-1
41032036,JAMIA,2025,-1
40985463,JAMIA,2025,22
40977378,JAMIA,2025,7
40977370,JAMIA,2025,-1
40973169,JAMIA,2025,1
40973098,JAMIA,2025,13
41252586,JAMIA,2025,46
41252584,JAMIA,2025,46
41051963,JAMIA,2025,-1
40999782,JAMIA,2025,6
40971613,JAMIA,2025,6
40971609,JAMIA,2025,27
40966762,JAMIA,2025,-1
40901701,JAMIA,2025,0
40814956,JAMIA,2025,49
40966468,JAMIA,2025,32
40857647,JAMIA,2025,13
40853269,JAMIA,2025,11
40760905,JAMIA,2025,-1
40737353,JAMIA,2025,-1
40720632,JAMIA,2025,49
40705952,JAMIA,2025,45
40694809,JAMIA,2025,54
40827309,JAMIA,2025,6
40700686,JAMIA,2025,1
40694804,JAMIA,2025,-1
40680294,JAMIA,2025,-1
40680291,JAMIA,2025,-1
40668943,JAMIA,2025,22
40657875,JAMIA,2025,-1
40657868,JAMIA,2025,-1
40646683,JAMIA,2025,17
40644430,JAMIA,2025,36
40686006,JAMIA,2025,18
40574695,JAMIA,2025,2
40517323,JAMIA,2025,15
40418276,JAMIA,2025,-1
40411747,JAMIA,2025,21
40353809,JAMIA,2025,-1
40343483,JAMIA,2025,-1
40498468,JAMIA,2025,-1
40478440,JAMIA,2025,-1
40460023,JAMIA,2025,43
40460022,JAMIA,2025,2
40407342,JAMIA,2025,-1
40334045,JAMIA,2025,2
40332956,JAMIA,2025,35
40323320,JAMIA,2025,-1
40298901,JAMIA,2025,42
40323321,JAMIA,2025,2
40213867,JAMIA,2025,27
40152140,JAMIA,2025,41
40073168,JAMIA,2025,2
40127468,JAMIA,2025,1
40116928,JAMIA,2025,46
40116912,JAMIA,2025,51
40112189,JAMIA,2025,7
40105654,JAMIA,2025,-1
40056434,JAMIA,2025,1
40048688,JAMIA,2025,15
40037789,JAMIA,2025,10
40036944,JAMIA,2025,6
40036551,JAMIA,2025,-1
39998911,JAMIA,2025,2
40245432,JAMIA,2025,-1
40220287,JAMIA,2025,17
40063081,JAMIA,2025,2
40036547,JAMIA,2025,2
39998912,JAMIA,2025,-1
39969950,JAMIA,2025,-1
39903167,JAMIA,2025,11
39883541,JAMIA,2025,-1
39873672,JAMIA,2025,-1
39873664,JAMIA,2025,-1
39836495,JAMIA,2025,2
39798155,JAMIA,2025,52
39820364,JAMIA,2025,38
39786555,JAMIA,2025,2
39688734,JAMIA,2025,27
39665424,JAMIA,2025,11
39707579,JAMIA,2025,2
39673507,JAMIA,2025,15
39657218,JAMIA,2025,6
39584477,JAMIA,2025,2
39579089,JAMIA,2025,0
39569448,JAMIA,2025,20
39680466,JAMIA,2025,18
39545362,JAMIA,2025,42
39545358,JAMIA,2025,-1
39538369,JAMIA,2025,-1
39514649,JAMIA,2025,-1
39504475,JAMIA,2025,46
39499793,JAMIA,2025,15
39471493,JAMIA,2025,-1
39423850,JAMIA,2025,49
39401254,JAMIA,2025,46
39325492,JAMIA,2025,-1
39259924,JAMIA,2025,50
39158353,JAMIA,2025,-1
33099616,JAMIA,2021,-1
34179991,JAMIA,2021,-1
34198329,JAMIA,2021,1
33713140,JAMIA,2021,0
34279653,JAMIA,2021,-1
34117493,JAMIA,2021,-1
33166384,JAMIA,2021,17
33217543,JBI,2020,16
33186707,JBI,2020,5
33157313,JBI,2020,42
33153975,JBI,2020,-1
33098987,JBI,2020,-1
33069887,JBI,2020,-1
33065264,JBI,2020,0
33049416,JBI,2020,-1
33039589,JBI,2020,24
33039588,JBI,2020,-1
33031938,JBI,2020,1
33011295,JBI,2020,-1
33010427,JBI,2020,-1
33010426,JBI,2020,-1
33010424,JBI,2020,1
33007449,JBI,2020,-1
32980530,JBI,2020,1
32961307,JBI,2020,21
32949781,JBI,2020,7
32942027,JBI,2020,7
32931923,JBI,2020,-1
32916304,JBI,2020,39
32891762,JBI,2020,-1
32890727,JBI,2020,44
32871286,JBI,2020,-1
32866626,JBI,2020,42
32858167,JBI,2020,1
32853795,JBI,2020,-1
32795506,JBI,2020,1
32781030,JBI,2020,1
32768446,JBI,2020,7
32758538,JBI,2020,23
32745621,JBI,2020,-1
32736125,JBI,2020,24
32712157,JBI,2020,7
32687985,JBI,2020,7
32673790,JBI,2020,-1
32673788,JBI,2020,-1
32653620,JBI,2020,1
32652236,JBI,2020,31
32640292,JBI,2020,10
32629340,JBI,2020,47
32622833,JBI,2020,-1
32621883,JBI,2020,-1
32592755,JBI,2020,1
32585313,JBI,2020,-1
32562898,JBI,2020,-1
32561444,JBI,2020,-1
32562899,JBI,2020,13
32562895,JBI,2020,21
32470695,JBI,2020,-1
32454242,JBI,2020,1
32450299,JBI,2020,-1
32428572,JBI,2020,7
32387393,JBI,2020,49
32380180,JBI,2020,41
32360937,JBI,2020,-1
32353595,JBI,2020,-1
32445857,JBI,2020,18
32380179,JBI,2020,12
32371232,JBI,2020,9
32360988,JBI,2020,-1
32360987,JBI,2020,44
32360265,JBI,2020,1
32339749,JBI,2020,-1
32339748,JBI,2020,-1
32335225,JBI,2020,44
32335223,JBI,2020,-1
32335224,JBI,2020,13
32304869,JBI,2020,-1
32298847,JBI,2020,7
32275956,JBI,2020,12
32173502,JBI,2020,43
32109551,JBI,2020,-1
31866434,JBI,2020,3
32087568,JBI,2020,51
32044417,JBI,2020,12
32032717,JBI,2020,7
32028051,JBI,2020,7
31972288,JBI,2020,-1
31935462,JBI,2020,21
31935461,JBI,2020,16
31931168,JBI,2020,46
31911172,JBI,2020,1
31911171,JBI,2020,-1
31901506,JBI,2020,39
31870949,JBI,2020,1
31866433,JBI,2020,13
31857203,JBI,2020,-1
31838210,JBI,2020,7
31837473,JBI,2020,7
34417010,JBI,2020,39
34417008,JBI,2020,12
34417007,JBI,2020,-1
34417006,JBI,2020,24
34417005,JBI,2020,35
31916973,JBI,2020,1
31816401,JBI,2020,-1
31816400,JBI,2020,12
31747623,JBI,2020,1
31733329,JBI,2020,35
31726102,JBI,2020,36
31627022,JBI,2020,-1
34800722,JBI,2021,0
34752858,JBI,2021,10
34737093,JBI,2021,0
34728379,JBI,2021,13
34687867,JBI,2021,-1
34628064,JBI,2021,-1
34628063,JBI,2021,7
34624552,JBI,2021,1
34551887,JBI,2021,35
34487887,JBI,2021,44
34474187,JBI,2021,16
34450286,JBI,2021,3
34481058,JBI,2021,7
34454080,JBI,2021,-1
34454079,JBI,2021,-1
34454078,JBI,2021,35
34450285,JBI,2021,32
34438071,JBI,2021,39
34411709,JBI,2021,-1
34407487,JBI,2021,0
34390853,JBI,2021,7
34325021,JBI,2021,1
34302957,JBI,2021,13
34298157,JBI,2021,7
34298156,JBI,2021,1
34229061,JBI,2021,53
34284119,JBI,2021,7
34271172,JBI,2021,-1
34265451,JBI,2021,7
34224898,JBI,2021,-1
34214696,JBI,2021,35
34182148,JBI,2021,23
34174396,JBI,2021,49
34153433,JBI,2021,18
34161824,JBI,2021,-1
34146718,JBI,2021,-1
34116253,JBI,2021,-1
34048933,JBI,2021,25
34044156,JBI,2021,13
34044155,JBI,2021,-1
34029749,JBI,2021,4
34022421,JBI,2021,9
34020026,JBI,2021,-1
34015540,JBI,2021,12
33965638,JBI,2021,7
33965637,JBI,2021,0
33933654,JBI,2021,0
33933653,JBI,2021,28
33932596,JBI,2021,45
33930535,JBI,2021,32
33915273,JBI,2021,16
33901696,JBI,2021,0
33895377,JBI,2021,0
33887456,JBI,2021,1
33872817,JBI,2021,1
33862232,JBI,2021,-1
33862230,JBI,2021,-1
33857641,JBI,2021,-1
33839306,JBI,2021,-1
33839304,JBI,2021,7
33862231,JBI,2021,0
33839305,JBI,2021,1
33826949,JBI,2021,10
33813032,JBI,2021,-1
33813031,JBI,2021,46
33811985,JBI,2021,7
33798717,JBI,2021,0
33798716,JBI,2021,1
33781921,JBI,2021,-1
33781920,JBI,2021,41
33781919,JBI,2021,32
33781918,JBI,2021,0
33775815,JBI,2021,-1
33774202,JBI,2021,0
33771732,JBI,2021,0
33766781,JBI,2021,-1
33766780,JBI,2021,5
33766779,JBI,2021,-1
33753269,JBI,2021,-1
33737206,JBI,2021,3
33722730,JBI,2021,13
33713854,JBI,2021,2
33711547,JBI,2021,0
33711540,JBI,2021,20
33711546,JBI,2021,41
33711545,JBI,2021,-1
33711543,JBI,2021,52
33711539,JBI,2021,0
33705856,JBI,2021,0
33647518,JBI,2021,-1
33631381,JBI,2021,-1
33610881,JBI,2021,13
33610879,JBI,2021,7
33609761,JBI,2021,-1
33601013,JBI,2021,7
33549658,JBI,2021,1
33571677,JBI,2021,0
33571676,JBI,2021,-1
33548543,JBI,2021,-1
33548542,JBI,2021,13
33548541,JBI,2021,0
33540076,JBI,2021,10
33540075,JBI,2021,1
33493631,JBI,2021,1
33486067,JBI,2021,0
33486066,JBI,2021,32
33484938,JBI,2021,-1
33387683,JBI,2021,1
33359110,JBI,2021,-1
33450387,JBI,2021,-1
33422663,JBI,2021,1
33359111,JBI,2021,-1
33285308,JBI,2021,1
33338667,JBI,2021,1
33333323,JBI,2021,-1
33316422,JBI,2021,-1
33309994,JBI,2021,-1
33309993,JBI,2021,-1
33309899,JBI,2021,0
33309898,JBI,2021,6
33307213,JBI,2021,-1
33279681,JBI,2021,-1
33276112,JBI,2021,28
33271342,JBI,2021,-1
33259944,JBI,2021,1
33259943,JBI,2021,-1
33221467,JBI,2021,13
33217542,JBI,2021,13
36417986,JBI,2022,32
36307020,JBI,2022,7
36307021,JBI,2022,7
36283582,JBI,2022,13
36283581,JBI,2022,-1
36257483,JBI,2022,-1
36216232,JBI,2022,-1
36208833,JBI,2022,1
36195240,JBI,2022,7
36191830,JBI,2022,7
36162805,JBI,2022,1
36064114,JBI,2022,-1
36152950,JBI,2022,7
36150641,JBI,2022,1
36108816,JBI,2022,13
36075484,JBI,2022,-1
36064113,JBI,2022,20
36064112,JBI,2022,38
36058522,JBI,2022,13
36055639,JBI,2022,20
36055637,JBI,2022,-1
36038067,JBI,2022,1
36038065,JBI,2022,-1
36038064,JBI,2022,1
36038063,JBI,2022,-1
36031086,JBI,2022,3
36029954,JBI,2022,35
36007785,JBI,2022,20
35872264,JBI,2022,20
35998814,JBI,2022,-1
35995108,JBI,2022,52
35985621,JBI,2022,16
35985620,JBI,2022,1
35878823,JBI,2022,-1
35878822,JBI,2022,-1
35878821,JBI,2022,-1
35850379,JBI,2022,7
35840061,JBI,2022,16
35835439,JBI,2022,34
35820597,JBI,2022,24
35811026,JBI,2022,2
35717011,JBI,2022,7
35700914,JBI,2022,7
35709900,JBI,2022,-1
35690349,JBI,2022,-1
35690348,JBI,2022,31
35688333,JBI,2022,-1
35680074,JBI,2022,-1
35680073,JBI,2022,-1
35661818,JBI,2022,7
35660522,JBI,2022,-1
35643273,JBI,2022,-1
35643272,JBI,2022,20
35636720,JBI,2022,16
35598881,JBI,2022,1
35550929,JBI,2022,-1
35537690,JBI,2022,-1
35525401,JBI,2022,-1
35504543,JBI,2022,-1
35490963,JBI,2022,42
35489595,JBI,2022,0
35472514,JBI,2022,-1
35470079,JBI,2022,11
35427797,JBI,2022,-1
35346854,JBI,2022,52
35436594,JBI,2022,39
35421602,JBI,2022,42
35390541,JBI,2022,16
35346855,JBI,2022,1
35339665,JBI,2022,39
35331966,JBI,2022,0
35101638,JBI,2022,-1
35257868,JBI,2022,7
35248795,JBI,2022,-1
35245700,JBI,2022,10
35217186,JBI,2022,-1
35202844,JBI,2022,0
35182785,JBI,2022,-1
35181494,JBI,2022,-1
35143999,JBI,2022,16
35196579,JBI,2022,-1
35189334,JBI,2022,13
35183766,JBI,2022,-1
35144001,JBI,2022,1
35124236,JBI,2022,35
35104644,JBI,2022,16
35104641,JBI,2022,-1
35041981,JBI,2022,42
35007753,JBI,2022,-1
34974189,JBI,2022,1
34968737,JBI,2022,-1
34920128,JBI,2022,7
34864210,JBI,2022,44
34954110,JBI,2022,-1
34922021,JBI,2022,53
34920126,JBI,2022,43
34875387,JBI,2022,44
34848329,JBI,2022,7
34826628,JBI,2022,31
34785382,JBI,2022,0
38012982,JBI,2023,7
38000767,JBI,2023,1
38000766,JBI,2023,-1
37995844,JBI,2023,-1
37995843,JBI,2023,-1
37918623,JBI,2023,2
37926393,JBI,2023,21
37884177,JBI,2023,6
37858853,JBI,2023,39
37852347,JBI,2023,7
37838290,JBI,2023,7
37838289,JBI,2023,-1
37813325,JBI,2023,39
37797704,JBI,2023,-1
37778673,JBI,2023,-1
37778672,JBI,2023,36
37774908,JBI,2023,35
37748541,JBI,2023,11
37769828,JBI,2023,1
37742782,JBI,2023,1
37742781,JBI,2023,20
37722446,JBI,2023,12
37714418,JBI,2023,7
37699466,JBI,2023,1
37673376,JBI,2023,7
37660960,JBI,2023,20
37659698,JBI,2023,8
37657713,JBI,2023,-1
37652343,JBI,2023,-1
37625508,JBI,2023,7
37541407,JBI,2023,44
37541406,JBI,2023,-1
37536643,JBI,2023,7
37532000,JBI,2023,-1
37517509,JBI,2023,-1
37482171,JBI,2023,7
37467835,JBI,2023,7
37442314,JBI,2023,35
37429511,JBI,2023,1
37414368,JBI,2023,1
37394024,JBI,2023,19
37391115,JBI,2023,39
37385327,JBI,2023,7
37352900,JBI,2023,-1
37321443,JBI,2023,44
37182592,JBI,2023,28
37352901,JBI,2023,-1
37328098,JBI,2023,13
37315832,JBI,2023,2
37315830,JBI,2023,0
37295630,JBI,2023,1
37271308,JBI,2023,-1
37268168,JBI,2023,43
37245656,JBI,2023,11
37211197,JBI,2023,40
37211194,JBI,2023,7
37209975,JBI,2023,1
37196988,JBI,2023,44
37201618,JBI,2023,-1
37178781,JBI,2023,-1
37164244,JBI,2023,-1
37156393,JBI,2023,0
37149274,JBI,2023,-1
37141977,JBI,2023,-1
37120047,JBI,2023,-1
37120046,JBI,2023,-1
37105509,JBI,2023,-1
37061014,JBI,2023,7
37054961,JBI,2023,7
37054960,JBI,2023,52
37044134,JBI,2023,21
37030658,JBI,2023,44
37023843,JBI,2023,20
36940895,JBI,2023,13
36935013,JBI,2023,-1
36935012,JBI,2023,-1
36933631,JBI,2023,13
36924843,JBI,2023,-1
36870586,JBI,2023,-1
36870585,JBI,2023,53
36842490,JBI,2023,25
36806328,JBI,2023,-1
36796599,JBI,2023,1
36781036,JBI,2023,-1
36773821,JBI,2023,1
36754129,JBI,2023,44
36746345,JBI,2023,16
36738869,JBI,2023,-1
36736937,JBI,2023,1
36736448,JBI,2023,-1
36731730,JBI,2023,-1
36720332,JBI,2023,-1
36682389,JBI,2023,-1
36621750,JBI,2023,1
36706849,JBI,2023,-1
36641030,JBI,2023,1
36632859,JBI,2023,0
36623781,JBI,2023,35
36623780,JBI,2023,7
36610608,JBI,2023,7
36586499,JBI,2023,12
36586498,JBI,2023,21
36572279,JBI,2023,1
36529347,JBI,2023,1
36516944,JBI,2023,1
36513332,JBI,2023,1
36509416,JBI,2023,28
36494060,JBI,2023,-1
36494059,JBI,2023,31
36464228,JBI,2023,7
36464227,JBI,2023,44
36462600,JBI,2023,31
36462599,JBI,2023,20
36462598,JBI,2023,43
36402277,JBI,2023,-1
39622399,JBI,2024,7
39603550,JBI,2024,-1
39603549,JBI,2024,2
39571772,JBI,2024,-1
39537000,JBI,2024,-1
39536998,JBI,2024,-1
39489457,JBI,2024,4
39510366,JBI,2024,-1
39426695,JBI,2024,7
39395708,JBI,2024,39
39393477,JBI,2024,7
39389283,JBI,2024,2
39357664,JBI,2024,-1
39307515,JBI,2024,23
39293643,JBI,2024,2
39265816,JBI,2024,19
39265815,JBI,2024,-1
39244181,JBI,2024,10
39214159,JBI,2024,7
39209087,JBI,2024,7
39209086,JBI,2024,-1
39197732,JBI,2024,7
39197731,JBI,2024,34
39187170,JBI,2024,8
39182631,JBI,2024,16
39159864,JBI,2024,-1
39153563,JBI,2024,-1
39134233,JBI,2024,13
39127228,JBI,2024,35
39084480,JBI,2024,-1
39033866,JBI,2024,-1
39004110,JBI,2024,13
38986921,JBI,2024,-1
38925280,JBI,2024,3
38977257,JBI,2024,-1
38925281,JBI,2024,-1
38914411,JBI,2024,1
38880236,JBI,2024,2
38876453,JBI,2024,-1
38871012,JBI,2024,7
38862083,JBI,2024,30
38857738,JBI,2024,16
38857737,JBI,2024,7
38848885,JBI,2024,7
38806105,JBI,2024,20
38782170,JBI,2024,-1
38777085,JBI,2024,35
38772443,JBI,2024,1
38740316,JBI,2024,40
38692464,JBI,2024,1
38677633,JBI,2024,40
38642627,JBI,2024,13
38561170,JBI,2024,-1
38636701,JBI,2024,-1
38621641,JBI,2024,49
38621640,JBI,2024,-1
38548007,JBI,2024,2
38552994,JBI,2024,39
38548008,JBI,2024,-1
38548006,JBI,2024,40
38521180,JBI,2024,-1
38479675,JBI,2024,-1
38467324,JBI,2024,7
38432534,JBI,2024,52
38462064,JBI,2024,2
38452862,JBI,2024,40
38325698,JBI,2024,2
38301750,JBI,2024,-1
38278312,JBI,2024,-1
38272432,JBI,2024,-1
38253228,JBI,2024,28
38244958,JBI,2024,20
38244957,JBI,2024,7
38191010,JBI,2024,43
38160758,JBI,2024,-1
38142903,JBI,2024,20
38135173,JBI,2024,35
38104851,JBI,2024,53
38096944,JBI,2024,16
38092247,JBI,2024,0
38070818,JBI,2024,-1
38070817,JBI,2024,42
38070816,JBI,2024,-1
38043883,JBI,2024,-1
38035971,JBI,2024,13
38008241,JBI,2024,0
38000765,JBI,2024,-1
37992791,JBI,2024,-1
41308969,JBI,2025,-1
41297147,JBI,2025,3
41261011,JBI,2025,16
41248815,JBI,2025,-1
41242672,JBI,2025,-1
41242671,JBI,2025,-1
41242670,JBI,2025,7
41205689,JBI,2025,-1
41177244,JBI,2025,34
41235985,JBI,2025,22
41138953,JBI,2025,-1
41129949,JBI,2025,44
41110739,JBI,2025,20
41109547,JBI,2025,-1
41109546,JBI,2025,1
41101425,JBI,2025,43
41093123,JBI,2025,-1
41083099,JBI,2025,-1
41077294,JBI,2025,16
41052664,JBI,2025,-1
41043697,JBI,2025,-1
41015224,JBI,2025,16
41015222,JBI,2025,16
40998280,JBI,2025,1
40953713,JBI,2025,13
40987372,JBI,2025,-1
40962129,JBI,2025,2
40935223,JBI,2025,2
40935222,JBI,2025,39
40935221,JBI,2025,11
40886812,JBI,2025,-1
40854447,JBI,2025,2
40796056,JBI,2025,-1
40784603,JBI,2025,-1
40754135,JBI,2025,2
40752671,JBI,2025,1
40712810,JBI,2025,9
40706946,JBI,2025,20
40706945,JBI,2025,-1
40691893,JBI,2025,-1
40653098,JBI,2025,0
40623577,JBI,2025,31
40619074,JBI,2025,1
40578543,JBI,2025,-1
40544901,JBI,2025,2
40544900,JBI,2025,16
40543734,JBI,2025,-1
40527698,JBI,2025,6
40523493,JBI,2025,-1
40505790,JBI,2025,2
40494422,JBI,2025,40
40480410,JBI,2025,1
40466979,JBI,2025,16
40466978,JBI,2025,1
40460925,JBI,2025,25
40456503,JBI,2025,-1
40436186,JBI,2025,13
40398830,JBI,2025,13
40389101,JBI,2025,16
40373934,JBI,2025,-1
40354908,JBI,2025,-1
40348310,JBI,2025,-1
40320101,JBI,2025,-1
40320100,JBI,2025,-1
40280380,JBI,2025,1
40268174,JBI,2025,13
40258407,JBI,2025,-1
40250743,JBI,2025,2
40246186,JBI,2025,2
40189181,JBI,2025,1
40180206,JBI,2025,-1
40180205,JBI,2025,2
40174758,JBI,2025,-1
40127852,JBI,2025,13
40118356,JBI,2025,-1
40113190,JBI,2025,-1
40090432,JBI,2025,1
40090431,JBI,2025,47
40044019,JBI,2025,7
40024422,JBI,2025,39
40010480,JBI,2025,7
39993589,JBI,2025,-1
39988001,JBI,2025,-1
39978430,JBI,2025,1
39956347,JBI,2025,1
39952626,JBI,2025,16
39938624,JBI,2025,-1
39922399,JBI,2025,16
39909179,JBI,2025,8
39904407,JBI,2025,13
39842684,JBI,2025,46
39863246,JBI,2025,7
39863245,JBI,2025,13
39832608,JBI,2025,-1
39827999,JBI,2025,-1
39827998,JBI,2025,-1
39814274,JBI,2025,-1
39814273,JBI,2025,16
39756527,JBI,2025,-1
39755323,JBI,2025,35
39746430,JBI,2025,-1
39662650,JBI,2025,2
32845849,JBHI,2020,0
31825884,JBHI,2020,-1
31944968,JBHI,2020,3
31899443,JBHI,2020,8
32149660,JBHI,2020,22
31059461,JBHI,2020,3
32750930,JBHI,2020,10
32750941,JBHI,2020,10
32248129,JBHI,2020,-1
31940569,JBHI,2020,3
32750970,JBHI,2020,10
31603805,JBHI,2020,-1
32092019,JBHI,2020,-1
30763250,JBHI,2020,34
31484144,JBHI,2020,41
31905156,JBHI,2020,3
31985446,JBHI,2020,29
31094697,JBHI,2020,1
31804945,JBHI,2020,9
33048773,JBHI,2020,0
32071013,JBHI,2020,53
30794193,JBHI,2020,8
31794406,JBHI,2020,9
31217131,JBHI,2020,53
30763249,JBHI,2020,-1
30835231,JBHI,2020,9
31581101,JBHI,2020,-1
32191901,JBHI,2020,10
31689220,JBHI,2020,13
31751256,JBHI,2020,4
32750910,JBHI,2020,10
31675348,JBHI,2020,-1
31150349,JBHI,2020,4
32750911,JBHI,2020,54
32749973,JBHI,2020,-1
31021779,JBHI,2020,4
32175880,JBHI,2020,4
31670686,JBHI,2020,23
32287029,JBHI,2020,16
31265424,JBHI,2020,8
32149702,JBHI,2020,-1
31869809,JBHI,2020,-1
32054592,JBHI,2020,8
31995506,JBHI,2020,34
31869810,JBHI,2020,4
31170084,JBHI,2020,4
30762571,JBHI,2020,4
31634851,JBHI,2020,29
30969934,JBHI,2020,3
31725401,JBHI,2020,8
32795974,JBHI,2020,-1
30802876,JBHI,2020,-1
31562113,JBHI,2020,-1
31841426,JBHI,2020,9
31217134,JBHI,2020,3
31647449,JBHI,2020,10
31689223,JBHI,2020,-1
31217133,JBHI,2020,-1
32203040,JBHI,2020,9
31395568,JBHI,2020,8
31603806,JBHI,2020,-1
31021777,JBHI,2020,9
32750909,JBHI,2020,52
31369387,JBHI,2020,4
31902784,JBHI,2020,-1
31940568,JBHI,2020,1
31180874,JBHI,2020,-1
31443057,JBHI,2020,4
31217132,JBHI,2020,8
30932855,JBHI,2020,3
31021809,JBHI,2020,-1
32749979,JBHI,2020,0
31403448,JBHI,2020,8
31670688,JBHI,2020,-1
31536027,JBHI,2020,3
32149700,JBHI,2020,4
31562111,JBHI,2020,3
31144648,JBHI,2020,-1
31545746,JBHI,2020,1
31545747,JBHI,2020,-1
31180902,JBHI,2020,8
31902787,JBHI,2020,20
32287026,JBHI,2020,-1
31902786,JBHI,2020,3
31796419,JBHI,2020,34
32167918,JBHI,2020,31
31295128,JBHI,2020,4
32324577,JBHI,2020,-1
30946686,JBHI,2020,31
32071011,JBHI,2020,8
31689224,JBHI,2020,9
32078569,JBHI,2020,4
32750960,JBHI,2020,0
32386168,JBHI,2020,3
32750919,JBHI,2020,10
32750950,JBHI,2020,-1
30716056,JBHI,2020,-1
32365039,JBHI,2020,16
31265423,JBHI,2020,-1
31425059,JBHI,2020,3
31603808,JBHI,2020,-1
31714245,JBHI,2020,8
31899444,JBHI,2020,4
31880570,JBHI,2020,3
31380772,JBHI,2020,53
31880571,JBHI,2020,3
32816680,JBHI,2020,0
33166256,JBHI,2020,0
32750923,JBHI,2020,10
30869634,JBHI,2020,3
32966224,JBHI,2020,29
31985447,JBHI,2020,-1
31880573,JBHI,2020,1
32396115,JBHI,2020,-1
32078568,JBHI,2020,-1
31295129,JBHI,2020,9
32750931,JBHI,2020,0
32149699,JBHI,2020,9
32142459,JBHI,2020,16
31567104,JBHI,2020,23
32092020,JBHI,2020,1
30762572,JBHI,2020,45
31478876,JBHI,2020,8
31443058,JBHI,2020,21
32750974,JBHI,2020,0
31331898,JBHI,2020,-1
31180873,JBHI,2020,-1
32750939,JBHI,2021,-1
33166257,JBHI,2021,23
32795972,JBHI,2021,9
33999826,JBHI,2021,-1
32960771,JBHI,2021,4
33861717,JBHI,2021,9
33055042,JBHI,2021,21
33090962,JBHI,2021,4
33687851,JBHI,2021,4
33290234,JBHI,2021,-1
33206611,JBHI,2021,-1
33434138,JBHI,2021,-1
34003757,JBHI,2021,-1
32324578,JBHI,2021,4
32881698,JBHI,2021,23
33044937,JBHI,2021,3
32755873,JBHI,2021,34
32750897,JBHI,2021,3
33166258,JBHI,2021,-1
33780344,JBHI,2021,16
33275588,JBHI,2021,0
32931437,JBHI,2021,23
33974548,JBHI,2021,16
32224471,JBHI,2021,23
32780704,JBHI,2021,8
32750925,JBHI,2021,16
32750916,JBHI,2021,4
32870804,JBHI,2021,4
33216724,JBHI,2021,-1
32750902,JBHI,2021,8
33600327,JBHI,2021,0
32750981,JBHI,2021,9
32841130,JBHI,2021,9
33651704,JBHI,2021,34
32386169,JBHI,2021,23
32946400,JBHI,2021,9
32750957,JBHI,2021,8
33259310,JBHI,2021,3
32750915,JBHI,2021,3
33739926,JBHI,2021,0
34033549,JBHI,2021,0
33556029,JBHI,2021,-1
33596180,JBHI,2021,-1
32750908,JBHI,2021,9
33406046,JBHI,2021,4
34057901,JBHI,2021,-1
33705324,JBHI,2021,4
33264097,JBHI,2021,9
32894725,JBHI,2021,8
32946402,JBHI,2021,3
34310332,JBHI,2021,44
33361011,JBHI,2021,10
33434139,JBHI,2021,-1
33027010,JBHI,2021,29
32841132,JBHI,2021,3
33449887,JBHI,2021,0
32356764,JBHI,2021,-1
33760745,JBHI,2021,4
32956068,JBHI,2021,3
33635800,JBHI,2021,22
33705325,JBHI,2021,1
32750976,JBHI,2021,4
33684048,JBHI,2021,4
34665747,JBHI,2021,16
33798088,JBHI,2021,9
32324579,JBHI,2021,13
33857007,JBHI,2021,4
33175684,JBHI,2021,8
33006933,JBHI,2021,20
33338024,JBHI,2021,-1
33449890,JBHI,2021,22
33275589,JBHI,2021,44
32853156,JBHI,2021,21
34129510,JBHI,2021,1
32991297,JBHI,2021,39
32305947,JBHI,2021,9
33493123,JBHI,2021,8
33465031,JBHI,2021,6
32750951,JBHI,2021,-1
33170788,JBHI,2021,30
33156796,JBHI,2021,43
33905338,JBHI,2021,8
33750717,JBHI,2021,53
33764881,JBHI,2021,3
32853155,JBHI,2021,-1
33979295,JBHI,2021,10
34185653,JBHI,2021,-1
32750935,JBHI,2021,34
32248128,JBHI,2021,23
33460386,JBHI,2021,9
32750945,JBHI,2021,-1
33621184,JBHI,2021,23
33710962,JBHI,2021,-1
33338025,JBHI,2021,4
33439849,JBHI,2021,-1
32956067,JBHI,2021,30
33108300,JBHI,2021,42
33320815,JBHI,2021,10
33848253,JBHI,2021,4
34129512,JBHI,2021,0
32310808,JBHI,2021,8
33147152,JBHI,2021,-1
33361010,JBHI,2021,3
33835928,JBHI,2021,0
32248131,JBHI,2021,10
32960772,JBHI,2021,9
32750903,JBHI,2021,4
32749986,JBHI,2021,9
32915753,JBHI,2021,8
33108301,JBHI,2021,3
32991292,JBHI,2021,-1
32750958,JBHI,2021,-1
33729960,JBHI,2021,4
32086223,JBHI,2021,23
33544681,JBHI,2021,10
33290235,JBHI,2021,9
33857005,JBHI,2021,3
34038372,JBHI,2021,-1
36423320,JBHI,2022,8
34057903,JBHI,2022,9
34714757,JBHI,2022,20
34473636,JBHI,2022,3
35921345,JBHI,2022,16
34971546,JBHI,2022,20
35820010,JBHI,2022,-1
34637385,JBHI,2022,-1
34469320,JBHI,2022,23
34847048,JBHI,2022,9
34520381,JBHI,2022,3
35196248,JBHI,2022,4
34495856,JBHI,2022,-1
35349459,JBHI,2022,3
34910645,JBHI,2022,-1
34905497,JBHI,2022,0
34379601,JBHI,2022,-1
34388098,JBHI,2022,-1
35077373,JBHI,2022,3
35344500,JBHI,2022,9
34986109,JBHI,2022,20
34633938,JBHI,2022,-1
35696471,JBHI,2022,10
36074873,JBHI,2022,3
34197330,JBHI,2022,-1
35316199,JBHI,2022,8
34613924,JBHI,2022,-1
34379600,JBHI,2022,31
35816523,JBHI,2022,9
34855603,JBHI,2022,4
34156956,JBHI,2022,-1
35417359,JBHI,2022,-1
35877799,JBHI,2022,-1
34910644,JBHI,2022,3
36367915,JBHI,2022,-1
34714758,JBHI,2022,-1
34232896,JBHI,2022,45
35344499,JBHI,2022,9
35294366,JBHI,2022,8
34543208,JBHI,2022,9
34242177,JBHI,2022,8
35377850,JBHI,2022,-1
35104236,JBHI,2022,-1
34111017,JBHI,2022,16
34232899,JBHI,2022,9
35180094,JBHI,2022,16
35104235,JBHI,2022,8
35120013,JBHI,2022,8
34928810,JBHI,2022,4
35349461,JBHI,2022,-1
34351864,JBHI,2022,-1
35020599,JBHI,2022,2
35230959,JBHI,2022,28
34375292,JBHI,2022,3
34388100,JBHI,2022,0
34061755,JBHI,2022,10
34170837,JBHI,2022,-1
35763468,JBHI,2022,9
34928809,JBHI,2022,9
35196252,JBHI,2022,23
35290190,JBHI,2022,16
34982705,JBHI,2022,8
35727772,JBHI,2022,9
35213319,JBHI,2022,9
36044504,JBHI,2022,-1
34762593,JBHI,2022,16
35749336,JBHI,2022,9
36006882,JBHI,2022,1
34255638,JBHI,2022,3
34874877,JBHI,2022,0
35439153,JBHI,2022,-1
35417357,JBHI,2022,4
34232895,JBHI,2022,-1
35412993,JBHI,2022,31
35511842,JBHI,2022,4
35737622,JBHI,2022,8
34280112,JBHI,2022,53
35439150,JBHI,2022,16
35452393,JBHI,2022,0
34061754,JBHI,2022,3
36155472,JBHI,2022,-1
34232900,JBHI,2022,8
35316198,JBHI,2022,3
36343004,JBHI,2022,8
35536818,JBHI,2022,7
34673498,JBHI,2022,16
35353709,JBHI,2022,-1
35157601,JBHI,2022,53
35139030,JBHI,2022,9
34191734,JBHI,2022,4
34428164,JBHI,2022,4
34410932,JBHI,2022,3
35320109,JBHI,2022,23
35196250,JBHI,2022,-1
35104231,JBHI,2022,4
34986108,JBHI,2022,21
35895637,JBHI,2022,-1
35349462,JBHI,2022,3
35939481,JBHI,2022,53
34986106,JBHI,2022,9
35157604,JBHI,2022,-1
35171783,JBHI,2022,-1
35316197,JBHI,2022,23
34260361,JBHI,2022,8
35446775,JBHI,2022,4
34962890,JBHI,2022,8
34951858,JBHI,2022,8
35714083,JBHI,2022,-1
34665748,JBHI,2022,1
35788454,JBHI,2022,16
34460408,JBHI,2022,4
35536820,JBHI,2022,4
35192468,JBHI,2022,3
36409803,JBHI,2022,-1
36121944,JBHI,2022,4
34520380,JBHI,2022,52
35802549,JBHI,2022,52
34705659,JBHI,2022,0
34314364,JBHI,2022,23
34516381,JBHI,2022,8
34543209,JBHI,2022,22
35320110,JBHI,2022,-1
35324451,JBHI,2022,9
34606466,JBHI,2022,-1
35077376,JBHI,2022,4
34375295,JBHI,2022,9
33657005,JBHI,2022,0
35895638,JBHI,2022,4
36136928,JBHI,2023,-1
37725722,JBHI,2023,23
37030855,JBHI,2023,3
36149995,JBHI,2023,-1
37018101,JBHI,2023,16
37267135,JBHI,2023,8
37651479,JBHI,2023,9
37616144,JBHI,2023,8
38019620,JBHI,2023,-1
35133971,JBHI,2023,22
36223359,JBHI,2023,10
37773913,JBHI,2023,-1
37027675,JBHI,2023,-1
37015702,JBHI,2023,4
36067110,JBHI,2023,-1
37015612,JBHI,2023,8
35749338,JBHI,2023,4
37126617,JBHI,2023,-1
37022227,JBHI,2023,22
37099473,JBHI,2023,23
37018611,JBHI,2023,4
37027679,JBHI,2023,22
37015613,JBHI,2023,4
37023154,JBHI,2023,0
37713231,JBHI,2023,8
36446008,JBHI,2023,30
37030687,JBHI,2023,9
37347634,JBHI,2023,10
37022395,JBHI,2023,16
37028302,JBHI,2023,-1
37155392,JBHI,2023,4
36264732,JBHI,2023,4
37788198,JBHI,2023,9
37578917,JBHI,2023,8
37145951,JBHI,2023,-1
37155390,JBHI,2023,9
37015416,JBHI,2023,-1
37751334,JBHI,2023,-1
37043318,JBHI,2023,-1
37022817,JBHI,2023,8
36331630,JBHI,2023,3
37368801,JBHI,2023,9
37027579,JBHI,2023,34
37015504,JBHI,2023,8
36067111,JBHI,2023,14
37247314,JBHI,2023,-1
36048979,JBHI,2023,20
37171919,JBHI,2023,-1
37310833,JBHI,2023,-1
37018727,JBHI,2023,-1
37672365,JBHI,2023,4
35816524,JBHI,2023,3
37556335,JBHI,2023,8
37027682,JBHI,2023,20
35560105,JBHI,2023,20
37498763,JBHI,2023,-1
36264731,JBHI,2023,9
35763469,JBHI,2023,20
37930924,JBHI,2023,3
37022022,JBHI,2023,3
37801388,JBHI,2023,9
37363852,JBHI,2023,-1
37028323,JBHI,2023,4
37126618,JBHI,2023,-1
37669209,JBHI,2023,-1
37498764,JBHI,2023,-1
37729563,JBHI,2023,8
37099475,JBHI,2023,22
37486830,JBHI,2023,29
37015522,JBHI,2023,4
37030744,JBHI,2023,8
36126032,JBHI,2023,9
36318551,JBHI,2023,20
37922163,JBHI,2023,-1
36315544,JBHI,2023,8
37071520,JBHI,2023,4
37494154,JBHI,2023,16
37220033,JBHI,2023,-1
37015562,JBHI,2023,9
37581964,JBHI,2023,-1
37155395,JBHI,2023,4
37682647,JBHI,2023,8
37703165,JBHI,2023,16
37015703,JBHI,2023,3
36191117,JBHI,2023,-1
37015611,JBHI,2023,4
35180095,JBHI,2023,30
37022417,JBHI,2023,1
37459260,JBHI,2023,8
38019617,JBHI,2023,21
37585324,JBHI,2023,9
37676796,JBHI,2023,9
35749335,JBHI,2023,4
37610905,JBHI,2023,7
37023155,JBHI,2023,1
37130258,JBHI,2023,1
37310836,JBHI,2023,-1
35446774,JBHI,2023,-1
37071522,JBHI,2023,8
37067962,JBHI,2023,1
37930926,JBHI,2023,8
36446009,JBHI,2023,-1
37871091,JBHI,2023,4
36260566,JBHI,2023,3
37527303,JBHI,2023,16
36350856,JBHI,2023,4
37384472,JBHI,2023,9
36318552,JBHI,2023,1
38090823,JBHI,2023,3
37022057,JBHI,2023,9
36346863,JBHI,2023,9
37037255,JBHI,2023,41
37018307,JBHI,2023,9
37751335,JBHI,2023,-1
37490372,JBHI,2023,10
37126621,JBHI,2023,4
37192033,JBHI,2023,3
37819834,JBHI,2023,1
37027676,JBHI,2023,16
37027578,JBHI,2023,39
37889829,JBHI,2023,-1
34971547,JBHI,2023,9
37022415,JBHI,2023,-1
37030688,JBHI,2023,22
36264730,JBHI,2023,1
37527302,JBHI,2023,-1
37656654,JBHI,2023,-1
37022273,JBHI,2023,3
37590111,JBHI,2023,-1
35271456,JBHI,2023,3
37022271,JBHI,2023,8
37669210,JBHI,2023,16
37167055,JBHI,2023,-1
37015664,JBHI,2023,53
35503846,JBHI,2023,4
37247315,JBHI,2023,12
37018586,JBHI,2023,8
37022001,JBHI,2023,8
35041615,JBHI,2023,0
37030731,JBHI,2023,8
37037251,JBHI,2023,8
39028592,JBHI,2024,4
38117619,JBHI,2024,9
38700974,JBHI,2024,8
39150813,JBHI,2024,10
39120983,JBHI,2024,8
38787664,JBHI,2024,-1
37983160,JBHI,2024,23
39028591,JBHI,2024,-1
38954561,JBHI,2024,-1
38051612,JBHI,2024,0
37878423,JBHI,2024,4
38568771,JBHI,2024,53
38833404,JBHI,2024,8
38363664,JBHI,2024,8
37878422,JBHI,2024,-1
38416611,JBHI,2024,16
37624725,JBHI,2024,22
39058614,JBHI,2024,8
38551824,JBHI,2024,16
38691439,JBHI,2024,8
38412075,JBHI,2024,4
38315595,JBHI,2024,45
40030825,JBHI,2024,-1
38224504,JBHI,2024,16
38349827,JBHI,2024,8
38861439,JBHI,2024,29
38079368,JBHI,2024,3
38349826,JBHI,2024,-1
37665701,JBHI,2024,3
38227406,JBHI,2024,4
38905092,JBHI,2024,-1
38100336,JBHI,2024,9
38662560,JBHI,2024,-1
38117618,JBHI,2024,45
38743530,JBHI,2024,-1
38875078,JBHI,2024,9
38557617,JBHI,2024,23
39226202,JBHI,2024,1
38381639,JBHI,2024,-1
37216248,JBHI,2024,9
38227404,JBHI,2024,4
39418143,JBHI,2024,-1
38900626,JBHI,2024,-1
37995170,JBHI,2024,-1
37339021,JBHI,2024,3
38739503,JBHI,2024,9
38446656,JBHI,2024,23
38923475,JBHI,2024,3
38857138,JBHI,2024,8
39236136,JBHI,2024,4
38194407,JBHI,2024,10
38437146,JBHI,2024,9
38691437,JBHI,2024,21
37948137,JBHI,2024,4
38261493,JBHI,2024,-1
38319782,JBHI,2024,31
37022236,JBHI,2024,8
39190519,JBHI,2024,7
37021916,JBHI,2024,4
38165797,JBHI,2024,1
38739505,JBHI,2024,16
38923474,JBHI,2024,4
38483804,JBHI,2024,3
38801681,JBHI,2024,-1
38198249,JBHI,2024,21
36367914,JBHI,2024,3
37018306,JBHI,2024,-1
39106147,JBHI,2024,8
38848232,JBHI,2024,4
38758615,JBHI,2024,9
38408006,JBHI,2024,16
38625762,JBHI,2024,28
38427554,JBHI,2024,9
37938951,JBHI,2024,-1
39178097,JBHI,2024,-1
38713564,JBHI,2024,21
38696292,JBHI,2024,4
38412076,JBHI,2024,8
38157464,JBHI,2024,8
38913515,JBHI,2024,3
37812535,JBHI,2024,20
38607707,JBHI,2024,16
39255077,JBHI,2024,10
39231047,JBHI,2024,9
39172618,JBHI,2024,3
38768004,JBHI,2024,9
38442053,JBHI,2024,8
38968013,JBHI,2024,3
37874697,JBHI,2024,1
38557615,JBHI,2024,9
38483803,JBHI,2024,8
37963004,JBHI,2024,3
37955996,JBHI,2024,9
38557613,JBHI,2024,-1
38227405,JBHI,2024,9
38498747,JBHI,2024,-1
37498760,JBHI,2024,9
39093670,JBHI,2024,21
38935468,JBHI,2024,8
38376974,JBHI,2024,30
38483807,JBHI,2024,1
38551822,JBHI,2024,16
39150810,JBHI,2024,23
38483802,JBHI,2024,-1
38055359,JBHI,2024,16
38913520,JBHI,2024,22
38885104,JBHI,2024,8
38861440,JBHI,2024,-1
38669172,JBHI,2024,10
39024092,JBHI,2024,-1
37948139,JBHI,2024,4
38502614,JBHI,2024,8
39120984,JBHI,2024,16
39146173,JBHI,2024,8
37015120,JBHI,2024,-1
37028353,JBHI,2024,-1
39361489,JBHI,2024,3
37294651,JBHI,2024,23
37930923,JBHI,2024,9
38776205,JBHI,2024,-1
38265899,JBHI,2024,9
38412077,JBHI,2024,29
38319783,JBHI,2024,16
37053059,JBHI,2024,-1
38457316,JBHI,2024,1
38771683,JBHI,2024,4
37999960,JBHI,2024,23
38905094,JBHI,2024,-1
39292589,JBHI,2025,9
40031062,JBHI,2025,28
40168216,JBHI,2025,-1
40293897,JBHI,2025,4
40030493,JBHI,2025,4
40067720,JBHI,2025,16
40720266,JBHI,2025,10
40031345,JBHI,2025,8
41336170,JBHI,2025,-1
40036514,JBHI,2025,16
41370155,JBHI,2025,6
37906497,JBHI,2025,-1
40526534,JBHI,2025,8
39046868,JBHI,2025,8
39485689,JBHI,2025,8
41428927,JBHI,2025,4
39283775,JBHI,2025,9
37040241,JBHI,2025,-1
40031173,JBHI,2025,8
40402698,JBHI,2025,9
41284432,JBHI,2025,30
37643106,JBHI,2025,-1
41385418,JBHI,2025,3
40184304,JBHI,2025,16
41359723,JBHI,2025,16
41247893,JBHI,2025,-1
39356607,JBHI,2025,53
40489282,JBHI,2025,9
40402699,JBHI,2025,-1
41100234,JBHI,2025,1
40031029,JBHI,2025,21
40030726,JBHI,2025,-1
39331556,JBHI,2025,2
38861441,JBHI,2025,7
41284451,JBHI,2025,-1
40048333,JBHI,2025,-1
41196786,JBHI,2025,4
41296960,JBHI,2025,9
40397631,JBHI,2025,8
41359712,JBHI,2025,22
40907053,JBHI,2025,16
40911443,JBHI,2025,8
41468343,JBHI,2025,16
40354204,JBHI,2025,-1
40560708,JBHI,2025,3
40366848,JBHI,2025,-1
41284428,JBHI,2025,8
41417999,JBHI,2025,21
41406282,JBHI,2025,-1
40366850,JBHI,2025,3
40173063,JBHI,2025,9
41359706,JBHI,2025,13
40663667,JBHI,2025,-1
41325114,JBHI,2025,8
40030550,JBHI,2025,8
40030964,JBHI,2025,4
41329581,JBHI,2025,-1
40085458,JBHI,2025,-1
40030567,JBHI,2025,31
38568769,JBHI,2025,10
39527418,JBHI,2025,8
40030901,JBHI,2025,9
38656851,JBHI,2025,9
41171649,JBHI,2025,3
40679882,JBHI,2025,4
40067719,JBHI,2025,16
39348249,JBHI,2025,10
39348248,JBHI,2025,16
39405149,JBHI,2025,-1
41259166,JBHI,2025,53
40030472,JBHI,2025,8
40030782,JBHI,2025,3
40030424,JBHI,2025,53
40030600,JBHI,2025,3
40036458,JBHI,2025,9
41296962,JBHI,2025,8
41296957,JBHI,2025,9
39388320,JBHI,2025,3
41359691,JBHI,2025,-1
40549530,JBHI,2025,16
40031339,JBHI,2025,8
40030273,JBHI,2025,8
41359708,JBHI,2025,8
40031347,JBHI,2025,-1
41284441,JBHI,2025,-1
39302774,JBHI,2025,34
40397630,JBHI,2025,8
40031709,JBHI,2025,10
40031802,JBHI,2025,0
41385416,JBHI,2025,-1
41379901,JBHI,2025,-1
40095839,JBHI,2025,9
40031371,JBHI,2025,3
40131743,JBHI,2025,8
41379898,JBHI,2025,-1
40031739,JBHI,2025,8
40030325,JBHI,2025,8
41313698,JBHI,2025,-1
41100230,JBHI,2025,1
41359714,JBHI,2025,8
40031605,JBHI,2025,16
40030272,JBHI,2025,9
40030727,JBHI,2025,-1
40031811,JBHI,2025,8
41259173,JBHI,2025,8
39012743,JBHI,2025,34
40030242,JBHI,2025,-1
39365723,JBHI,2025,8
33091832,IJMI,2020,12
33091831,IJMI,2020,-1
33091829,IJMI,2020,7
33069058,IJMI,2020,-1
33049479,IJMI,2020,-1
32992137,IJMI,2020,18
33152653,IJMI,2020,0
32980667,IJMI,2020,-1
32979649,IJMI,2020,-1
32950874,IJMI,2020,45
32942224,IJMI,2020,-1
32927269,IJMI,2020,12
32927268,IJMI,2020,-1
32919345,IJMI,2020,5
32905865,IJMI,2020,-1
32889387,IJMI,2020,-1
32947115,IJMI,2020,-1
32858339,IJMI,2020,-1
32853975,IJMI,2020,1
32828988,IJMI,2020,-1
32763790,IJMI,2020,-1
32739610,IJMI,2020,27
32736330,IJMI,2020,11
32707430,IJMI,2020,5
32693246,IJMI,2020,-1
32693245,IJMI,2020,7
32688290,IJMI,2020,5
32682318,IJMI,2020,54
32663739,IJMI,2020,1
32645645,IJMI,2020,21
32623329,IJMI,2020,-1
32593848,IJMI,2020,-1
32593847,IJMI,2020,5
32574925,IJMI,2020,-1
32574924,IJMI,2020,-1
32563027,IJMI,2020,-1
32544822,IJMI,2020,38
32531724,IJMI,2020,-1
32521448,IJMI,2020,38
32504910,IJMI,2020,-1
32480319,IJMI,2020,-1
32497853,IJMI,2020,5
32480360,IJMI,2020,-1
32473568,IJMI,2020,11
32473567,IJMI,2020,-1
32446158,IJMI,2020,14
32416430,IJMI,2020,-1
32416522,IJMI,2020,-1
32387818,IJMI,2020,1
32361146,IJMI,2020,-1
32325370,IJMI,2020,1
32370950,IJMI,2020,6
32298972,IJMI,2020,-1
32298971,IJMI,2020,-1
32193089,IJMI,2020,-1
32179256,IJMI,2020,-1
32179255,IJMI,2020,12
32179254,IJMI,2020,33
32146372,IJMI,2020,-1
32092667,IJMI,2020,-1
32088558,IJMI,2020,-1
32088556,IJMI,2020,7
32120318,IJMI,2020,-1
32120317,IJMI,2020,-1
32062562,IJMI,2020,-1
32058265,IJMI,2020,-1
32058264,IJMI,2020,-1
32045743,IJMI,2020,10
31955052,IJMI,2020,-1
31923822,IJMI,2020,31
31927468,IJMI,2020,-1
31923817,IJMI,2020,-1
31915117,IJMI,2020,-1
31901707,IJMI,2020,38
31884312,IJMI,2020,-1
31884311,IJMI,2020,46
31877404,IJMI,2020,-1
31865190,IJMI,2020,33
31865055,IJMI,2020,20
31864096,IJMI,2020,-1
31838291,IJMI,2020,-1
31837500,IJMI,2020,12
31835159,IJMI,2020,26
31835158,IJMI,2020,33
31790857,IJMI,2020,-1
31785526,IJMI,2020,-1
31783311,IJMI,2020,31
31775085,IJMI,2020,11
31765879,IJMI,2020,-1
31759245,IJMI,2020,-1
31739223,IJMI,2020,-1
31731221,IJMI,2020,-1
31715451,IJMI,2020,-1
31706230,IJMI,2020,-1
31704491,IJMI,2020,-1
31698230,IJMI,2020,11
34717179,IJMI,2021,36
34673309,IJMI,2021,41
34673308,IJMI,2021,11
34653809,IJMI,2021,44
34649113,IJMI,2021,-1
34649110,IJMI,2021,-1
34638011,IJMI,2021,1
34634526,IJMI,2021,-1
34628256,IJMI,2021,17
34627112,IJMI,2021,-1
34624662,IJMI,2021,12
34624661,IJMI,2021,13
34619572,IJMI,2021,-1
34619571,IJMI,2021,1
34607290,IJMI,2021,-1
34601240,IJMI,2021,0
34601239,IJMI,2021,1
34601238,IJMI,2021,0
34592540,IJMI,2021,0
34592539,IJMI,2021,25
34537687,IJMI,2021,11
34537686,IJMI,2021,0
34509027,IJMI,2021,1
34481301,IJMI,2021,-1
34479094,IJMI,2021,31
34464848,IJMI,2021,0
34438318,IJMI,2021,-1
34425552,IJMI,2021,33
34391017,IJMI,2021,-1
34358804,IJMI,2021,-1
34343957,IJMI,2021,-1
34343956,IJMI,2021,-1
34332466,IJMI,2021,2
34305002,IJMI,2021,1
34171663,IJMI,2021,-1
34171662,IJMI,2021,-1
34153901,IJMI,2021,-1
34139621,IJMI,2021,5
34139620,IJMI,2021,-1
34119835,IJMI,2021,33
34116363,IJMI,2021,-1
34107384,IJMI,2021,-1
34098316,IJMI,2021,0
34091146,IJMI,2021,11
34074600,IJMI,2021,18
34049051,IJMI,2021,20
34030088,IJMI,2021,1
34020171,IJMI,2021,1
34004399,IJMI,2021,27
33991886,IJMI,2021,1
33991885,IJMI,2021,0
33975266,IJMI,2021,-1
33965683,IJMI,2021,-1
33965682,IJMI,2021,0
33933903,IJMI,2021,12
33932763,IJMI,2021,34
33932762,IJMI,2021,17
33915421,IJMI,2021,0
33892446,IJMI,2021,-1
33887589,IJMI,2021,0
33872824,IJMI,2021,0
33862508,IJMI,2021,37
33862507,IJMI,2021,17
33857774,IJMI,2021,-1
33848941,IJMI,2021,33
33823463,IJMI,2021,-1
33799055,IJMI,2021,14
33756337,IJMI,2021,36
33730681,IJMI,2021,31
33713915,IJMI,2021,-1
33684712,IJMI,2021,5
33640839,IJMI,2021,46
33640838,IJMI,2021,22
33621793,IJMI,2021,-1
33618191,IJMI,2021,-1
33637405,IJMI,2021,-1
33609928,IJMI,2021,10
33601252,IJMI,2021,-1
33571744,IJMI,2021,26
33571743,IJMI,2021,46
33503558,IJMI,2021,-1
33485217,IJMI,2021,33
33485216,IJMI,2021,-1
33421688,IJMI,2021,-1
33421687,IJMI,2021,33
33418439,IJMI,2021,-1
33401169,IJMI,2021,7
33401168,IJMI,2021,1
33388481,IJMI,2021,0
33373949,IJMI,2021,-1
33360790,IJMI,2021,0
33360844,IJMI,2021,10
33360117,IJMI,2021,23
33360116,IJMI,2021,37
33310434,IJMI,2021,24
33285357,IJMI,2021,-1
33281069,IJMI,2021,-1
33260089,IJMI,2021,-1
33248334,IJMI,2021,12
33242762,IJMI,2021,0
33232918,IJMI,2021,-1
33221648,IJMI,2021,50
33220573,IJMI,2021,-1
33202372,IJMI,2021,27
33188949,IJMI,2021,31
33186790,IJMI,2021,-1
33181447,IJMI,2021,0
33181446,IJMI,2021,2
33181445,IJMI,2021,11
33161319,IJMI,2021,12
33160272,IJMI,2021,32
33129124,IJMI,2021,12
33126058,IJMI,2021,46
33099183,IJMI,2021,-1
36335797,IJMI,2022,24
36332519,IJMI,2022,37
36306653,IJMI,2022,2
36279655,IJMI,2022,31
36272315,IJMI,2022,-1
36209699,IJMI,2022,12
36194994,IJMI,2022,33
36179600,IJMI,2022,7
36179599,IJMI,2022,-1
36174415,IJMI,2022,12
36162166,IJMI,2022,0
36084537,IJMI,2022,-1
36067628,IJMI,2022,-1
36027798,IJMI,2022,11
36007433,IJMI,2022,0
36001919,IJMI,2022,26
35981480,IJMI,2022,-1
35981479,IJMI,2022,-1
35964384,IJMI,2022,5
35964383,IJMI,2022,12
35940044,IJMI,2022,-1
35930926,IJMI,2022,33
35870303,IJMI,2022,-1
35868231,IJMI,2022,-1
35863206,IJMI,2022,47
35841729,IJMI,2022,5
35809542,IJMI,2022,-1
35797921,IJMI,2022,-1
35780651,IJMI,2022,6
35767912,IJMI,2022,0
35763936,IJMI,2022,-1
35738163,IJMI,2022,50
35738162,IJMI,2022,0
35700664,IJMI,2022,52
35691260,IJMI,2022,0
35671585,IJMI,2022,0
35653828,IJMI,2022,7
35644052,IJMI,2022,-1
35598505,IJMI,2022,11
35533413,IJMI,2022,-1
35525127,IJMI,2022,-1
35525126,IJMI,2022,12
35512625,IJMI,2022,1
35512623,IJMI,2022,27
35512622,IJMI,2022,1
35487075,IJMI,2022,1
35483130,IJMI,2022,50
35439671,IJMI,2022,12
35421837,IJMI,2022,-1
35395474,IJMI,2022,12
35390591,IJMI,2022,0
35390589,IJMI,2022,35
35381436,IJMI,2022,12
35325663,IJMI,2022,41
35325662,IJMI,2022,1
35325661,IJMI,2022,-1
34968960,IJMI,2022,27
34952282,IJMI,2022,-1
34933173,IJMI,2022,-1
34923449,IJMI,2022,0
34923448,IJMI,2022,0
34890934,IJMI,2022,30
34890933,IJMI,2022,5
35259670,IJMI,2022,-1
35228007,IJMI,2022,48
35228006,IJMI,2022,0
35189482,IJMI,2022,17
35183048,IJMI,2022,-1
35168091,IJMI,2022,-1
35168090,IJMI,2022,1
35144101,IJMI,2022,-1
35131698,IJMI,2022,-1
35114522,IJMI,2022,0
35091287,IJMI,2022,26
35078027,IJMI,2022,1
35074703,IJMI,2022,12
35067452,IJMI,2022,0
35066244,IJMI,2022,2
35007925,IJMI,2022,0
34979436,IJMI,2022,-1
34971918,IJMI,2022,1
34971917,IJMI,2022,5
34800847,IJMI,2022,31
34785488,IJMI,2022,-1
34781167,IJMI,2022,7
34763192,IJMI,2022,3
34741891,IJMI,2022,0
34741890,IJMI,2022,52
37672982,IJMI,2023,27
37301132,IJMI,2023,2
37392712,IJMI,2023,-1
37595374,IJMI,2023,40
37729838,IJMI,2023,52
37866276,IJMI,2023,-1
37922661,IJMI,2023,26
36934609,IJMI,2023,6
37224644,IJMI,2023,-1
37453177,IJMI,2023,46
37679214,IJMI,2023,18
36356432,IJMI,2023,5
36681042,IJMI,2023,-1
36587533,IJMI,2023,12
36689840,IJMI,2023,5
36521421,IJMI,2023,5
37748329,IJMI,2023,-1
37688833,IJMI,2023,17
36787688,IJMI,2023,-1
37806179,IJMI,2023,-1
37806178,IJMI,2023,-1
36410127,IJMI,2023,-1
36462397,IJMI,2023,-1
36529027,IJMI,2023,-1
37907014,IJMI,2023,19
36893656,IJMI,2023,1
37257235,IJMI,2023,-1
37776670,IJMI,2023,2
37490831,IJMI,2023,-1
37837710,IJMI,2023,-1
37220703,IJMI,2023,33
37573637,IJMI,2023,5
37516036,IJMI,2023,-1
37703799,IJMI,2023,11
36921481,IJMI,2023,0
36592572,IJMI,2023,-1
37672981,IJMI,2023,-1
36780789,IJMI,2023,-1
37666013,IJMI,2023,0
36577203,IJMI,2023,-1
36542903,IJMI,2023,27
37364356,IJMI,2023,-1
36870923,IJMI,2023,-1
37506442,IJMI,2023,9
37499442,IJMI,2023,3
37517299,IJMI,2023,1
36965405,IJMI,2023,24
36958225,IJMI,2023,46
37119693,IJMI,2023,6
36868101,IJMI,2023,-1
36809716,IJMI,2023,50
37611363,IJMI,2023,-1
37060639,IJMI,2023,-1
36512987,IJMI,2023,7
37549499,IJMI,2023,2
37871445,IJMI,2023,-1
37918217,IJMI,2023,1
37467589,IJMI,2023,-1
36907027,IJMI,2023,-1
36435014,IJMI,2023,-1
37172506,IJMI,2023,12
36918322,IJMI,2023,-1
37099875,IJMI,2023,-1
37473656,IJMI,2023,-1
36608630,IJMI,2023,50
37774428,IJMI,2023,0
36473408,IJMI,2023,-1
36502741,IJMI,2023,37
37156169,IJMI,2023,42
36343512,IJMI,2023,6
36529028,IJMI,2023,-1
36542901,IJMI,2023,-1
36459835,IJMI,2023,41
37776669,IJMI,2023,0
36525800,IJMI,2023,2
36542902,IJMI,2023,0
36638583,IJMI,2023,-1
37037124,IJMI,2023,12
37137216,IJMI,2023,27
37393765,IJMI,2023,0
37084673,IJMI,2023,-1
36634475,IJMI,2023,-1
36459836,IJMI,2023,-1
36948062,IJMI,2023,19
37148867,IJMI,2023,-1
36565547,IJMI,2023,-1
37002987,IJMI,2023,-1
36495700,IJMI,2023,0
37018897,IJMI,2023,33
37776668,IJMI,2023,-1
37647674,IJMI,2023,5
37813078,IJMI,2023,43
37890202,IJMI,2023,-1
37748330,IJMI,2023,14
37572386,IJMI,2023,27
36806902,IJMI,2023,12
37857167,IJMI,2023,12
36442444,IJMI,2023,-1
37104895,IJMI,2023,1
37463558,IJMI,2023,19
37573636,IJMI,2023,5
36965404,IJMI,2023,1
37939541,IJMI,2023,-1
37285695,IJMI,2023,-1
37269609,IJMI,2023,-1
36657257,IJMI,2023,0
37595373,IJMI,2023,-1
37907015,IJMI,2023,-1
36842361,IJMI,2023,0
36948061,IJMI,2023,-1
37247470,IJMI,2023,-1
37657205,IJMI,2023,1
37473657,IJMI,2023,3
36870249,IJMI,2023,-1
37801807,IJMI,2023,3
37406570,IJMI,2023,11
36893657,IJMI,2023,-1
36402113,IJMI,2023,20
37267810,IJMI,2023,35
37729837,IJMI,2023,12
36599260,IJMI,2023,-1
37734272,IJMI,2023,5
37146371,IJMI,2023,-1
36731394,IJMI,2023,1
37267811,IJMI,2023,-1
37657204,IJMI,2023,10
36780790,IJMI,2023,12
37562317,IJMI,2023,1
37925856,IJMI,2023,-1
36508752,IJMI,2023,-1
36521420,IJMI,2023,41
37276615,IJMI,2023,51
37167840,IJMI,2023,10
37562316,IJMI,2023,-1
37783190,IJMI,2023,5
37619396,IJMI,2023,1
36516596,IJMI,2023,2
36724730,IJMI,2023,-1
39096591,IJMI,2024,-1
38815316,IJMI,2024,2
37952406,IJMI,2024,-1
38341999,IJMI,2024,1
38518675,IJMI,2024,-1
38367390,IJMI,2024,25
38395016,IJMI,2024,1
39293162,IJMI,2024,31
38781886,IJMI,2024,1
37977054,IJMI,2024,-1
38743997,IJMI,2024,1
38851133,IJMI,2024,1
39260049,IJMI,2024,-1
38901268,IJMI,2024,0
39084086,IJMI,2024,44
38824858,IJMI,2024,-1
38851134,IJMI,2024,52
38350180,IJMI,2024,27
38743994,IJMI,2024,0
39317033,IJMI,2024,26
39393124,IJMI,2024,37
38564959,IJMI,2024,6
39427385,IJMI,2024,11
38479190,IJMI,2024,24
38359683,IJMI,2024,3
39222600,IJMI,2024,-1
38925023,IJMI,2024,-1
37956643,IJMI,2024,0
39127014,IJMI,2024,17
38335745,IJMI,2024,0
39368301,IJMI,2024,5
38442665,IJMI,2024,-1
38290244,IJMI,2024,54
39079318,IJMI,2024,53
38377726,IJMI,2024,-1
38733640,IJMI,2024,2
38553323,IJMI,2024,18
39232373,IJMI,2024,-1
38088002,IJMI,2024,-1
38701642,IJMI,2024,31
38290243,IJMI,2024,-1
38219417,IJMI,2024,-1
39059083,IJMI,2024,45
38452610,IJMI,2024,54
38471408,IJMI,2024,-1
39321493,IJMI,2024,1
39154600,IJMI,2024,-1
38552265,IJMI,2024,-1
38309238,IJMI,2024,47
39305561,IJMI,2024,1
38719672,IJMI,2024,51
38183787,IJMI,2024,26
38460463,IJMI,2024,-1
38615509,IJMI,2024,-1
38901269,IJMI,2024,5
38492409,IJMI,2024,-1
38759477,IJMI,2024,-1
38306850,IJMI,2024,-1
39096592,IJMI,2024,-1
38579660,IJMI,2024,-1
39098165,IJMI,2024,1
38943806,IJMI,2024,2
39068894,IJMI,2024,-1
39357217,IJMI,2024,-1
38395017,IJMI,2024,-1
39096596,IJMI,2024,-1
38852288,IJMI,2024,-1
38643701,IJMI,2024,-1
39265242,IJMI,2024,-1
39306907,IJMI,2024,-1
38996654,IJMI,2024,0
39084087,IJMI,2024,1
38728812,IJMI,2024,9
38564962,IJMI,2024,-1
38428201,IJMI,2024,2
39003790,IJMI,2024,-1
38176094,IJMI,2024,-1
39032454,IJMI,2024,45
39053345,IJMI,2024,5
38467099,IJMI,2024,-1
39423651,IJMI,2024,20
38552266,IJMI,2024,-1
38128198,IJMI,2024,-1
38309237,IJMI,2024,12
38065003,IJMI,2024,7
38870885,IJMI,2024,32
38564958,IJMI,2024,-1
38061186,IJMI,2024,0
38330522,IJMI,2024,1
38325121,IJMI,2024,-1
38507979,IJMI,2024,1
38461652,IJMI,2024,-1
39089210,IJMI,2024,0
39003789,IJMI,2024,31
38718670,IJMI,2024,-1
38447318,IJMI,2024,7
38335744,IJMI,2024,-1
38761459,IJMI,2024,30
39167884,IJMI,2024,1
38851132,IJMI,2024,5
38815315,IJMI,2024,14
38743998,IJMI,2024,0
38598905,IJMI,2024,-1
39033723,IJMI,2024,-1
39003788,IJMI,2024,-1
38266425,IJMI,2024,26
38901270,IJMI,2024,30
39047675,IJMI,2024,-1
38471407,IJMI,2024,-1
38743995,IJMI,2024,-1
38428200,IJMI,2024,-1
39191089,IJMI,2024,35
38761458,IJMI,2024,1
38492408,IJMI,2024,-1
38065002,IJMI,2024,-1
37977055,IJMI,2024,-1
37972482,IJMI,2024,-1
39405664,IJMI,2024,11
39993336,IJMI,2025,-1
39891985,IJMI,2025,30
40073651,IJMI,2025,1
40795609,IJMI,2025,1
40578015,IJMI,2025,0
40222335,IJMI,2025,-1
39546949,IJMI,2025,1
40121767,IJMI,2025,31
39914069,IJMI,2025,1
39566348,IJMI,2025,1
40378513,IJMI,2025,-1
39515046,IJMI,2025,39
39647291,IJMI,2025,-1
39642591,IJMI,2025,-1
40680320,IJMI,2025,5
39476744,IJMI,2025,1
40554368,IJMI,2025,6
40101461,IJMI,2025,5
39891983,IJMI,2025,-1
40153891,IJMI,2025,22
40540953,IJMI,2025,11
40367581,IJMI,2025,12
39922064,IJMI,2025,12
40412140,IJMI,2025,-1
40147417,IJMI,2025,1
39546831,IJMI,2025,31
40328059,IJMI,2025,1
39561668,IJMI,2025,1
40107042,IJMI,2025,21
39742855,IJMI,2025,-1
39813967,IJMI,2025,0
40319661,IJMI,2025,1
39522406,IJMI,2025,-1
39729920,IJMI,2025,-1
40424867,IJMI,2025,-1
40618644,IJMI,2025,2
39581014,IJMI,2025,-1
40482393,IJMI,2025,2
40811898,IJMI,2025,-1
40561685,IJMI,2025,2
39914070,IJMI,2025,1
40768815,IJMI,2025,4
40334344,IJMI,2025,2
39647289,IJMI,2025,1
40121766,IJMI,2025,47
40614485,IJMI,2025,-1
39986122,IJMI,2025,2
40347603,IJMI,2025,48
40675832,IJMI,2025,15
39591846,IJMI,2025,9
40865411,IJMI,2025,2
39787660,IJMI,2025,2
39644792,IJMI,2025,2
40712447,IJMI,2025,-1
40628217,IJMI,2025,1
39891984,IJMI,2025,-1
40228391,IJMI,2025,24
40288016,IJMI,2025,-1
40803036,IJMI,2025,0
39793434,IJMI,2025,-1
40198930,IJMI,2025,6
40153890,IJMI,2025,-1
40472562,IJMI,2025,30
40311258,IJMI,2025,-1
39708669,IJMI,2025,2
40652788,IJMI,2025,14
39674006,IJMI,2025,-1
39862567,IJMI,2025,-1
39481177,IJMI,2025,-1
39571389,IJMI,2025,1
40561686,IJMI,2025,13
40318497,IJMI,2025,1
39504913,IJMI,2025,47
40494218,IJMI,2025,-1
40561687,IJMI,2025,1
39461253,IJMI,2025,51
40209390,IJMI,2025,-1
40753860,IJMI,2025,51
39541619,IJMI,2025,29
40674858,IJMI,2025,5
40664020,IJMI,2025,2
40780080,IJMI,2025,6
40037268,IJMI,2025,42
40288015,IJMI,2025,2
40784142,IJMI,2025,1
39643522,IJMI,2025,35
40845522,IJMI,2025,-1
39732129,IJMI,2025,-1
39504915,IJMI,2025,1
40409171,IJMI,2025,-1
40138741,IJMI,2025,-1
39674005,IJMI,2025,33
40209391,IJMI,2025,-1
39504916,IJMI,2025,22
39848078,IJMI,2025,52
40318498,IJMI,2025,-1
40157246,IJMI,2025,45
39705915,IJMI,2025,-1
39556969,IJMI,2025,-1
40234128,IJMI,2025,18
40749354,IJMI,2025,33
39908727,IJMI,2025,1
40318499,IJMI,2025,-1
39549389,IJMI,2025,-1
40743805,IJMI,2025,-1
40651107,IJMI,2025,1
40578016,IJMI,2025,1
39965433,IJMI,2025,54
39657403,IJMI,2025,1
39986123,IJMI,2025,-1
40056845,IJMI,2025,-1
40602219,IJMI,2025,31
39454327,IJMI,2025,5
40850289,IJMI,2025,-1
40446520,IJMI,2025,-1
40840163,IJMI,2025,-1
39556968,IJMI,2025,14
40845524,IJMI,2025,6
40729777,IJMI,2025,2
39642589,IJMI,2025,41
40479775,IJMI,2025,22
40706197,IJMI,2025,20
40107041,IJMI,2025,6
39481175,IJMI,2025,-1
39586146,IJMI,2025,-1
39667051,IJMI,2025,2
40250167,IJMI,2025,42
40729778,IJMI,2025,34
39546950,IJMI,2025,31
39864109,IJMI,2025,0
40334345,IJMI,2025,-1
39689449,IJMI,2025,-1
40795610,IJMI,2025,3
40068250,IJMI,2025,-1
40273597,IJMI,2025,27
39893767,IJMI,2025,1
40409168,IJMI,2025,41
39631267,IJMI,2025,4
40680319,IJMI,2025,6
39746226,IJMI,2025,0
39753062,IJMI,2025,6
39946995,IJMI,2025,-1
40222334,IJMI,2025,13
39891986,IJMI,2025,33
40090178,IJMI,2025,-1
40479776,IJMI,2025,-1
39740357,IJMI,2025,-1
39753061,IJMI,2025,-1
39644793,IJMI,2025,1
40618645,IJMI,2025,41
39492085,IJMI,2025,-1
39705916,IJMI,2025,-1
39626596,IJMI,2025,-1
40472563,IJMI,2025,-1
40449248,IJMI,2025,50
39721112,IJMI,2025,0
40403478,IJMI,2025,-1
39755003,IJMI,2025,1
39870016,IJMI,2025,45
40819415,IJMI,2025,-1
39893765,IJMI,2025,42
40043515,IJMI,2025,45
39884035,IJMI,2025,30
38301520,IJMI,2024,-1
38640593,IJMI,2024,-1
38402804,IJMI,2024,5
38350181,IJMI,2024,1
39413613,IJMI,2024,-1
39236585,IJMI,2024,-1
38972231,IJMI,2024,-1
39068892,IJMI,2024,1
38878406,IJMI,2024,-1
39059084,IJMI,2024,2
38387198,IJMI,2024,1
37992559,IJMI,2024,5
38503251,IJMI,2024,5
36630797,IJMI,2023,-1
36580821,IJMI,2023,9
36343511,IJMI,2023,33
36848781,IJMI,2023,22
36525801,IJMI,2023,-1
37690225,IJMI,2023,30
36395615,IJMI,2023,35
36542900,IJMI,2023,-1
36898205,IJMI,2023,-1
33378781,ACI,2020,11
33378780,ACI,2020,-1
33327035,ACI,2020,17
33296919,ACI,2020,50
33241547,ACI,2020,0
33207385,ACI,2020,-1
33207384,ACI,2020,26
33176390,ACI,2020,36
33147645,ACI,2020,-1
33147644,ACI,2020,0
33113569,ACI,2020,37
33113568,ACI,2020,-1
33058103,ACI,2020,-1
33058102,ACI,2020,-1
33027835,ACI,2020,50
32998169,ACI,2020,-1
32969000,ACI,2020,-1
32968999,ACI,2020,-1
32937676,ACI,2020,-1
32906152,ACI,2020,-1
32877943,ACI,2020,1
32851617,ACI,2020,-1
32851616,ACI,2020,49
32785904,ACI,2020,-1
32757202,ACI,2020,38
32643779,ACI,2020,18
32610350,ACI,2020,0
32557441,ACI,2020,26
32521556,ACI,2020,51
32492717,ACI,2020,11
32462640,ACI,2020,1
32434224,ACI,2020,33
32403139,ACI,2020,-1
32375194,ACI,2020,50
32349143,ACI,2020,11
32294772,ACI,2020,5
32268390,ACI,2020,0
32236916,ACI,2020,50
32187633,ACI,2020,-1
32162289,ACI,2020,-1
32102108,ACI,2020,11
32102107,ACI,2020,-1
32074650,ACI,2020,17
32052388,ACI,2020,11
31940671,ACI,2020,11
31940670,ACI,2020,-1
31914472,ACI,2020,-1
31893559,ACI,2020,11
34911125,ACI,2021,26
34852391,ACI,2021,0
34852390,ACI,2021,11
34820789,ACI,2021,0
34788890,ACI,2021,28
34788889,ACI,2021,0
34758494,ACI,2021,-1
34706395,ACI,2021,17
34706394,ACI,2021,50
34670293,ACI,2021,-1
34670292,ACI,2021,-1
34644806,ACI,2021,26
34614518,ACI,2021,0
34587637,ACI,2021,-1
34553360,ACI,2021,-1
34553359,ACI,2021,-1
34528234,ACI,2021,0
34528233,ACI,2021,17
34496420,ACI,2021,1
34496419,ACI,2021,0
34470056,ACI,2021,11
34433219,ACI,2021,-1
34433218,ACI,2021,17
34407558,ACI,2021,-1
34380167,ACI,2021,17
34348409,ACI,2021,17
34348408,ACI,2021,-1
34320684,ACI,2021,18
34320683,ACI,2021,-1
34289505,ACI,2021,38
34289504,ACI,2021,47
34261173,ACI,2021,17
34261171,ACI,2021,-1
34233368,ACI,2021,-1
34192773,ACI,2021,-1
34192772,ACI,2021,-1
34161988,ACI,2021,11
34161987,ACI,2021,17
34161986,ACI,2021,-1
34107542,ACI,2021,0
34107541,ACI,2021,11
34077972,ACI,2021,0
34077971,ACI,2021,17
34041735,ACI,2021,-1
34010977,ACI,2021,-1
34010976,ACI,2021,0
33951742,ACI,2021,-1
33910262,ACI,2021,-1
33882586,ACI,2021,17
33882585,ACI,2021,-1
33853142,ACI,2021,35
33853141,ACI,2021,-1
33827143,ACI,2021,27
33827142,ACI,2021,-1
33792010,ACI,2021,0
33792009,ACI,2021,33
33763845,ACI,2021,-1
33694144,ACI,2021,-1
33657634,ACI,2021,-1
33657633,ACI,2021,17
33626585,ACI,2021,26
33626583,ACI,2021,-1
33598905,ACI,2021,-1
33567463,ACI,2021,-1
33535252,ACI,2021,17
33535251,ACI,2021,50
33506478,ACI,2021,35
33406541,ACI,2021,13
33406540,ACI,2021,34
38499314,ACI,2022,-1
36577502,ACI,2022,-1
36577501,ACI,2022,-1
36516969,ACI,2022,32
36351558,ACI,2022,17
36351546,ACI,2022,11
36323335,ACI,2022,33
36288748,ACI,2022,11
36261114,ACI,2022,5
36252806,ACI,2022,-1
36209739,ACI,2022,36
36208622,ACI,2022,-1
36198310,ACI,2022,12
36167337,ACI,2022,26
36162434,ACI,2022,11
36122593,ACI,2022,11
36122592,ACI,2022,11
36104159,ACI,2022,-1
36044925,ACI,2022,-1
36037835,ACI,2022,-1
35977714,ACI,2022,-1
36223869,ACI,2022,-1
36170882,ACI,2022,11
36170881,ACI,2022,-1
36104154,ACI,2022,17
36070800,ACI,2022,-1
36044926,ACI,2022,-1
35981548,ACI,2022,17
35896508,ACI,2022,-1
35858639,ACI,2022,-1
35790200,ACI,2022,-1
35952679,ACI,2022,-1
35926794,ACI,2022,18
35896506,ACI,2022,0
35830863,ACI,2022,50
35793699,ACI,2022,-1
35768011,ACI,2022,11
35732191,ACI,2022,46
35705183,ACI,2022,-1
35705182,ACI,2022,35
35675839,ACI,2022,0
35668677,ACI,2022,17
35649501,ACI,2022,33
35617971,ACI,2022,1
35613914,ACI,2022,-1
35613913,ACI,2022,11
35981555,ACI,2022,11
35584790,ACI,2022,37
35584789,ACI,2022,-1
35545126,ACI,2022,-1
35508197,ACI,2022,-1
35388446,ACI,2022,33
35322399,ACI,2022,37
35263801,ACI,2022,0
35235994,ACI,2022,13
35219280,ACI,2022,37
35196718,ACI,2022,-1
35196717,ACI,2022,26
35172373,ACI,2022,0
35172372,ACI,2022,0
35139563,ACI,2022,-1
35139562,ACI,2022,5
35108741,ACI,2022,1
35108740,ACI,2022,-1
35108739,ACI,2022,-1
35081655,ACI,2022,-1
35045584,ACI,2022,-1
35045582,ACI,2022,-1
35021254,ACI,2022,11
34986492,ACI,2022,17
38122817,ACI,2023,-1
38092360,ACI,2023,-1
38057262,ACI,2023,37
38057261,ACI,2023,-1
37940130,ACI,2023,49
37940129,ACI,2023,-1
37879358,ACI,2023,37
37704021,ACI,2023,38
37666277,ACI,2023,-1
37586416,ACI,2023,-1
37553071,ACI,2023,33
38295857,ACI,2023,-1
37793618,ACI,2023,54
37729944,ACI,2023,26
37704029,ACI,2023,-1
37673096,ACI,2023,11
37648222,ACI,2023,-1
37586414,ACI,2023,33
37459888,ACI,2023,-1
37399838,ACI,2023,-1
37276886,ACI,2023,36
37201542,ACI,2023,-1
37164328,ACI,2023,-1
37494971,ACI,2023,0
37494970,ACI,2023,11
37437601,ACI,2023,11
37150179,ACI,2023,-1
37130566,ACI,2023,-1
37105228,ACI,2023,11
37075806,ACI,2023,-1
37075805,ACI,2023,50
37059455,ACI,2023,33
37015344,ACI,2023,11
37015343,ACI,2023,-1
36990454,ACI,2023,54
36972687,ACI,2023,-1
37137339,ACI,2023,-1
37137338,ACI,2023,35
37075802,ACI,2023,0
37044288,ACI,2023,33
36822226,ACI,2023,-1
36787882,ACI,2023,2
36669761,ACI,2023,0
36657471,ACI,2023,26
36652961,ACI,2023,26
36634698,ACI,2023,11
36603838,ACI,2023,-1
36599446,ACI,2023,11
36754066,ACI,2023,11
36630999,ACI,2023,-1
36581054,ACI,2023,26
36509108,ACI,2023,-1
36473498,ACI,2023,17
36452981,ACI,2023,-1
36452980,ACI,2023,1
36351547,ACI,2023,0
39566558,ACI,2024,-1
39566557,ACI,2024,-1
39537189,ACI,2024,-1
39505008,ACI,2024,-1
39505007,ACI,2024,-1
39442538,ACI,2024,17
39442537,ACI,2024,11
39255846,ACI,2024,37
39214145,ACI,2024,36
39209308,ACI,2024,2
39191425,ACI,2024,50
39174009,ACI,2024,35
39137904,ACI,2024,-1
39137903,ACI,2024,17
39053616,ACI,2024,36
39496321,ACI,2024,15
39384322,ACI,2024,37
39293648,ACI,2024,-1
39260412,ACI,2024,-1
39168155,ACI,2024,-1
39111297,ACI,2024,37
39038794,ACI,2024,26
39038793,ACI,2024,-1
38917865,ACI,2024,-1
38876466,ACI,2024,11
38848764,ACI,2024,37
38382633,ACI,2024,12
38749477,ACI,2024,51
39084615,ACI,2024,11
38960377,ACI,2024,-1
38960376,ACI,2024,-1
38925539,ACI,2024,42
38897231,ACI,2024,35
38897230,ACI,2024,1
38839064,ACI,2024,37
38810656,ACI,2024,-1
38701857,ACI,2024,-1
38657678,ACI,2024,18
38636542,ACI,2024,42
38565189,ACI,2024,32
38560990,ACI,2024,-1
38508580,ACI,2024,-1
38754464,ACI,2024,11
38692282,ACI,2024,11
38657955,ACI,2024,17
38631380,ACI,2024,-1
38508581,ACI,2024,32
38458233,ACI,2024,-1
38447965,ACI,2024,7
38388174,ACI,2024,11
38378044,ACI,2024,-1
38359876,ACI,2024,38
38286429,ACI,2024,0
38354838,ACI,2024,-1
38325409,ACI,2024,-1
38253337,ACI,2024,0
38216145,ACI,2024,-1
38198827,ACI,2024,-1
38171359,ACI,2024,32
38065557,ACI,2024,-1
37995743,ACI,2024,11
37923381,ACI,2024,17
37813382,ACI,2024,-1
41412453,ACI,2025,-1
41401939,ACI,2025,2
41381045,ACI,2025,33
41360111,ACI,2025,2
41349583,ACI,2025,17
41338589,ACI,2025,26
41314641,ACI,2025,-1
41285408,ACI,2025,17
41265889,ACI,2025,-1
41265888,ACI,2025,-1
41265887,ACI,2025,-1
41265886,ACI,2025,54
41238200,ACI,2025,11
41202856,ACI,2025,42
41202855,ACI,2025,-1
41202854,ACI,2025,33
41173033,ACI,2025,37
41167595,ACI,2025,2
41151782,ACI,2025,11
41151781,ACI,2025,-1
41135584,ACI,2025,0
41135583,ACI,2025,-1
41106393,ACI,2025,33
40480275,ACI,2025,2
40456514,ACI,2025,-1
40456512,ACI,2025,17
40419255,ACI,2025,11
40419254,ACI,2025,11
40419253,ACI,2025,17
41688086,ACI,2025,51
41072548,ACI,2025,-1
41062080,ACI,2025,-1
41033351,ACI,2025,-1
41033350,ACI,2025,17
41005754,ACI,2025,-1
41005753,ACI,2025,54
40973079,ACI,2025,32
40940030,ACI,2025,5
40935359,ACI,2025,11
40912680,ACI,2025,11
40902643,ACI,2025,51
40846307,ACI,2025,-1
40835228,ACI,2025,11
40763805,ACI,2025,-1
40744093,ACI,2025,11
40523637,ACI,2025,11
40506025,ACI,2025,11
40494563,ACI,2025,54
40398852,ACI,2025,49
40398851,ACI,2025,2
40355126,ACI,2025,1
40324463,ACI,2025,7
40306686,ACI,2025,51
40294634,ACI,2025,17
40294632,ACI,2025,-1
40267976,ACI,2025,11
40258384,ACI,2025,54
40216403,ACI,2025,11
40216402,ACI,2025,17
40203890,ACI,2025,-1
40199518,ACI,2025,2
40701779,ACI,2025,-1
40701778,ACI,2025,12
40669861,ACI,2025,17
40602801,ACI,2025,6
40533095,ACI,2025,13
40179954,ACI,2025,11
40132987,ACI,2025,2
40097147,ACI,2025,11
40097146,ACI,2025,51
40020741,ACI,2025,37
40015336,ACI,2025,-1
39933722,ACI,2025,-1
40306674,ACI,2025,47
40267987,ACI,2025,-1
40239952,ACI,2025,-1
40204118,ACI,2025,26
40073858,ACI,2025,32
39855267,ACI,2025,13
39814048,ACI,2025,12
39778597,ACI,2025,51
39681131,ACI,2025,0
39572252,ACI,2025,-1
39510534,ACI,2025,-1
39970944,ACI,2025,32
39938875,ACI,2025,-1
39909398,ACI,2025,-1
39842467,ACI,2025,37
39778706,ACI,2025,7
39742871,ACI,2025,11
39472036,ACI,2025,0
39442543,ACI,2025,37
39406373,ACI,2025,-1
39384324,ACI,2025,17
39362293,ACI,2025,36
39362292,ACI,2025,26
39362291,ACI,2025,37
39348864,ACI,2025,-1
39313211,ACI,2025,3
33284782,JMIR,2020,0
32804086,JMIR,2020,2
32915153,JMIR,2020,-1
33006943,JMIR,2020,0
32181742,JMIR,2020,-1
33174848,JMIR,2020,-1
32130136,JMIR,2020,48
33295292,JMIR,2020,12
33208302,JMIR,2020,43
32369028,JMIR,2020,27
32130122,JMIR,2020,-1
33306030,JMIR,2020,-1
32213473,JMIR,2020,-1
32490851,JMIR,2020,27
33296867,JMIR,2020,0
33030435,JMIR,2020,25
33021487,JMIR,2020,-1
32936079,JMIR,2020,3
32723713,JMIR,2020,-1
32673221,JMIR,2020,14
32459627,JMIR,2020,-1
32540846,JMIR,2020,-1
32049063,JMIR,2020,-1
32469317,JMIR,2020,25
32293571,JMIR,2020,27
32459626,JMIR,2020,19
32238331,JMIR,2020,-1
31922491,JMIR,2020,24
32658860,JMIR,2020,0
32969835,JMIR,2020,21
33147163,JMIR,2020,0
32687473,JMIR,2020,-1
31895045,JMIR,2020,5
33026353,JMIR,2020,5
32530813,JMIR,2020,0
32897869,JMIR,2020,0
32816686,JMIR,2020,15
33151895,JMIR,2020,0
32027311,JMIR,2020,-1
31899451,JMIR,2020,41
33006561,JMIR,2020,14
32960773,JMIR,2020,5
32763889,JMIR,2020,5
33137713,JMIR,2020,-1
33252346,JMIR,2020,48
32716895,JMIR,2020,0
32540845,JMIR,2020,0
33231552,JMIR,2020,48
32805703,JMIR,2020,0
32196459,JMIR,2020,-1
32936088,JMIR,2020,23
32208358,JMIR,2020,-1
32469318,JMIR,2020,-1
32763892,JMIR,2020,0
32286232,JMIR,2020,19
32822315,JMIR,2020,15
32141834,JMIR,2020,19
32496205,JMIR,2020,0
32544071,JMIR,2020,0
32352924,JMIR,2020,-1
33031049,JMIR,2020,0
33027037,JMIR,2020,0
33034566,JMIR,2020,-1
31929102,JMIR,2020,-1
32946412,JMIR,2020,0
33119535,JMIR,2020,0
32672680,JMIR,2020,-1
32452808,JMIR,2020,2
32852275,JMIR,2020,-1
33337341,JMIR,2020,28
33001829,JMIR,2020,0
32293569,JMIR,2020,-1
33351777,JMIR,2020,0
32821064,JMIR,2020,20
32379048,JMIR,2020,-1
32990635,JMIR,2020,-1
31934868,JMIR,2020,26
32673234,JMIR,2020,17
33026357,JMIR,2020,-1
32130131,JMIR,2020,5
32392172,JMIR,2020,0
33320101,JMIR,2020,-1
33124987,JMIR,2020,48
32833660,JMIR,2020,0
33174854,JMIR,2020,48
32412424,JMIR,2020,-1
33147165,JMIR,2020,0
32301733,JMIR,2020,25
33107826,JMIR,2020,27
33104011,JMIR,2020,20
32441655,JMIR,2020,-1
31983680,JMIR,2020,26
32976111,JMIR,2020,0
32314971,JMIR,2020,12
32039810,JMIR,2020,2
32501804,JMIR,2020,0
32687477,JMIR,2020,0
32955451,JMIR,2020,14
33112248,JMIR,2020,12
33264102,JMIR,2020,0
32130143,JMIR,2020,14
32234697,JMIR,2020,19
32810841,JMIR,2020,0
32902388,JMIR,2020,14
33141679,JMIR,2020,0
33295294,JMIR,2020,35
32876582,JMIR,2020,36
32795986,JMIR,2020,-1
32401210,JMIR,2020,0
32936081,JMIR,2020,25
32579126,JMIR,2020,27
32924948,JMIR,2020,0
32525483,JMIR,2020,5
32706706,JMIR,2020,-1
32452811,JMIR,2020,26
32589152,JMIR,2020,19
33035176,JMIR,2020,35
32856597,JMIR,2020,34
32673212,JMIR,2020,14
33084583,JMIR,2020,19
32986000,JMIR,2020,27
32463369,JMIR,2020,-1
32716898,JMIR,2020,0
33206052,JMIR,2020,26
32501272,JMIR,2020,-1
32238342,JMIR,2020,-1
32281939,JMIR,2020,-1
32790639,JMIR,2020,0
32427113,JMIR,2020,12
32936082,JMIR,2020,-1
33001828,JMIR,2020,0
32348265,JMIR,2020,20
32747329,JMIR,2020,5
32478662,JMIR,2020,24
32788152,JMIR,2020,12
32412423,JMIR,2020,19
32930099,JMIR,2020,0
32784172,JMIR,2020,14
32930665,JMIR,2020,-1
32271154,JMIR,2020,1
32763872,JMIR,2020,19
32141835,JMIR,2020,-1
33620328,JMIR,2021,-1
34821563,JMIR,2021,14
33666563,JMIR,2021,6
33475519,JMIR,2021,27
34766918,JMIR,2021,-1
34328438,JMIR,2021,19
33882021,JMIR,2021,0
34309576,JMIR,2021,-1
33522977,JMIR,2021,14
34878985,JMIR,2021,-1
33410762,JMIR,2021,12
33507153,JMIR,2021,12
34125068,JMIR,2021,-1
34260375,JMIR,2021,0
34591025,JMIR,2021,-1
34806992,JMIR,2021,0
33750739,JMIR,2021,0
33404516,JMIR,2021,0
33683208,JMIR,2021,-1
33900929,JMIR,2021,0
34313593,JMIR,2021,12
33900932,JMIR,2021,0
36256828,JMIR,2021,48
33625362,JMIR,2021,25
34152279,JMIR,2021,20
34637393,JMIR,2021,0
34533469,JMIR,2021,14
34255645,JMIR,2021,25
34255644,JMIR,2021,28
34435957,JMIR,2021,28
34259636,JMIR,2021,24
34842543,JMIR,2021,14
34709181,JMIR,2021,26
33844635,JMIR,2021,0
36260376,JMIR,2021,-1
34086592,JMIR,2021,15
34591029,JMIR,2021,6
34259645,JMIR,2021,23
34524095,JMIR,2021,25
33565983,JMIR,2021,-1
34751654,JMIR,2021,48
34546181,JMIR,2021,-1
34889740,JMIR,2021,5
33512318,JMIR,2021,-1
33591282,JMIR,2021,0
34550072,JMIR,2021,24
33764883,JMIR,2021,0
34403354,JMIR,2021,-1
34061761,JMIR,2021,0
33989163,JMIR,2021,0
33565986,JMIR,2021,24
33302250,JMIR,2021,0
34524087,JMIR,2021,4
33857008,JMIR,2021,0
34236993,JMIR,2021,0
34528889,JMIR,2021,48
34661544,JMIR,2021,5
33983124,JMIR,2021,-1
34878988,JMIR,2021,-1
34156966,JMIR,2021,0
34142966,JMIR,2021,19
34914615,JMIR,2021,-1
34762063,JMIR,2021,26
34255679,JMIR,2021,48
34047699,JMIR,2021,1
33938806,JMIR,2021,33
33534724,JMIR,2021,0
34898455,JMIR,2021,-1
34491207,JMIR,2021,19
33512329,JMIR,2021,-1
33857012,JMIR,2021,15
34048356,JMIR,2021,0
33448935,JMIR,2021,-1
33617459,JMIR,2021,0
34463638,JMIR,2021,19
33439127,JMIR,2021,-1
33989166,JMIR,2021,0
34096875,JMIR,2021,25
34152274,JMIR,2021,1
33539309,JMIR,2021,0
34132644,JMIR,2021,-1
34156960,JMIR,2021,15
34519661,JMIR,2021,0
33835034,JMIR,2021,-1
34061760,JMIR,2021,0
33427683,JMIR,2021,26
33481753,JMIR,2021,0
34152272,JMIR,2021,12
33595445,JMIR,2021,21
34967760,JMIR,2021,-1
34255657,JMIR,2021,27
33448933,JMIR,2021,24
33847594,JMIR,2021,14
33759801,JMIR,2021,14
36260382,JMIR,2021,-1
33650980,JMIR,2021,-1
34704960,JMIR,2021,-1
34132641,JMIR,2021,28
34227995,JMIR,2021,0
34346885,JMIR,2021,0
34309581,JMIR,2021,0
33759792,JMIR,2021,48
33439134,JMIR,2021,-1
34757318,JMIR,2021,-1
33857011,JMIR,2021,4
33468449,JMIR,2021,0
34550073,JMIR,2021,3
33877053,JMIR,2021,-1
34499042,JMIR,2021,-1
33780345,JMIR,2021,0
34662291,JMIR,2021,0
34259641,JMIR,2021,0
34623313,JMIR,2021,-1
33729984,JMIR,2021,-1
34014831,JMIR,2021,0
33847592,JMIR,2021,-1
34528890,JMIR,2021,12
33759793,JMIR,2021,19
33835031,JMIR,2021,-1
34009128,JMIR,2021,45
34309573,JMIR,2021,27
35040793,JMIR,2022,25
35015660,JMIR,2022,15
35436237,JMIR,2022,5
35254286,JMIR,2022,12
36044262,JMIR,2022,-1
35994313,JMIR,2022,19
35635745,JMIR,2022,28
35099399,JMIR,2022,-1
35969435,JMIR,2022,-1
35994333,JMIR,2022,25
35857347,JMIR,2022,25
35129456,JMIR,2022,0
36367965,JMIR,2022,0
36279157,JMIR,2022,26
36260379,JMIR,2022,-1
36256827,JMIR,2022,19
36099018,JMIR,2022,12
36427350,JMIR,2022,15
35687389,JMIR,2022,14
35687382,JMIR,2022,-1
36445746,JMIR,2022,-1
36121697,JMIR,2022,24
35671409,JMIR,2022,0
35023849,JMIR,2022,36
35319470,JMIR,2022,-1
35076408,JMIR,2022,0
35323126,JMIR,2022,19
35532966,JMIR,2022,28
35816377,JMIR,2022,-1
35943767,JMIR,2022,1
35653606,JMIR,2022,0
35675658,JMIR,2022,24
35404263,JMIR,2022,14
35072642,JMIR,2022,-1
35080505,JMIR,2022,12
35171098,JMIR,2022,0
35921685,JMIR,2022,1
35639465,JMIR,2022,48
35142640,JMIR,2022,28
35089141,JMIR,2022,7
36191167,JMIR,2022,0
36301590,JMIR,2022,14
35258473,JMIR,2022,17
35138265,JMIR,2022,14
35723914,JMIR,2022,5
35311677,JMIR,2022,19
35353056,JMIR,2022,25
35171099,JMIR,2022,27
35076405,JMIR,2022,-1
36394923,JMIR,2022,-1
35200148,JMIR,2022,-1
35660657,JMIR,2022,15
36194862,JMIR,2022,0
36454620,JMIR,2022,25
36006686,JMIR,2022,-1
35877164,JMIR,2022,14
36103227,JMIR,2022,-1
35588055,JMIR,2022,-1
35877172,JMIR,2022,48
35084359,JMIR,2022,-1
35831180,JMIR,2022,-1
36343184,JMIR,2022,25
36538351,JMIR,2022,12
35404257,JMIR,2022,-1
35191847,JMIR,2022,-1
36383632,JMIR,2022,-1
36508245,JMIR,2022,19
36040782,JMIR,2022,14
34854814,JMIR,2022,-1
35258475,JMIR,2022,27
35006087,JMIR,2022,14
35373776,JMIR,2022,24
35166688,JMIR,2022,-1
36322123,JMIR,2022,48
35080501,JMIR,2022,28
36074558,JMIR,2022,0
35776492,JMIR,2022,-1
36112732,JMIR,2022,0
36342763,JMIR,2022,3
36515982,JMIR,2022,27
35763324,JMIR,2022,48
35714353,JMIR,2022,15
36409538,JMIR,2022,3
36350704,JMIR,2022,14
35294369,JMIR,2022,45
36315229,JMIR,2022,-1
35830233,JMIR,2022,-1
35103605,JMIR,2022,-1
35468091,JMIR,2022,-1
35014971,JMIR,2022,25
35476751,JMIR,2022,0
36346655,JMIR,2022,25
35107437,JMIR,2022,27
35512269,JMIR,2022,0
36194454,JMIR,2022,25
36001364,JMIR,2022,0
35266869,JMIR,2022,-1
35006086,JMIR,2022,-1
35049508,JMIR,2022,-1
35881444,JMIR,2022,-1
36383427,JMIR,2022,5
36040790,JMIR,2022,-1
35348462,JMIR,2022,5
35089149,JMIR,2022,-1
35881432,JMIR,2022,24
35084349,JMIR,2022,6
35044309,JMIR,2022,-1
36103220,JMIR,2022,-1
35797104,JMIR,2022,19
35976690,JMIR,2022,5
35297768,JMIR,2022,19
36548036,JMIR,2022,48
36301673,JMIR,2022,0
36001872,JMIR,2022,0
35616994,JMIR,2022,19
36454727,JMIR,2022,0
35943773,JMIR,2022,-1
36074800,JMIR,2022,15
35156933,JMIR,2022,0
35038303,JMIR,2022,0
35384855,JMIR,2022,24
35834301,JMIR,2022,5
35666563,JMIR,2022,26
35014962,JMIR,2022,19
35029538,JMIR,2022,6
35468083,JMIR,2022,0
35998021,JMIR,2022,-1
35297767,JMIR,2022,5
36149745,JMIR,2022,-1
35900820,JMIR,2022,5
35412457,JMIR,2022,-1
36095295,JMIR,2022,-1
34932494,JMIR,2022,0
35436211,JMIR,2022,19
35972776,JMIR,2022,-1
36240461,JMIR,2022,0
36149744,JMIR,2022,-1
37256672,JMIR,2023,-1
37467010,JMIR,2023,25
37682585,JMIR,2023,12
38133922,JMIR,2023,-1
37342085,JMIR,2023,-1
37698902,JMIR,2023,5
37115608,JMIR,2023,19
36607712,JMIR,2023,-1
37043276,JMIR,2023,14
37991819,JMIR,2023,6
36853747,JMIR,2023,-1
38145481,JMIR,2023,-1
37279047,JMIR,2023,-1
37610972,JMIR,2023,0
37436815,JMIR,2023,20
37428522,JMIR,2023,0
37490317,JMIR,2023,2
37616048,JMIR,2023,-1
36656629,JMIR,2023,-1
38090786,JMIR,2023,14
37738083,JMIR,2023,48
36603153,JMIR,2023,0
37540544,JMIR,2023,-1
37399062,JMIR,2023,0
38048149,JMIR,2023,-1
37129941,JMIR,2023,-1
37910163,JMIR,2023,-1
37917144,JMIR,2023,0
37672333,JMIR,2023,45
38015606,JMIR,2023,-1
37966876,JMIR,2023,36
37310779,JMIR,2023,25
37027199,JMIR,2023,5
37523226,JMIR,2023,5
37227763,JMIR,2023,-1
37252774,JMIR,2023,-1
36995757,JMIR,2023,20
37351927,JMIR,2023,1
37486754,JMIR,2023,47
37695663,JMIR,2023,12
37256684,JMIR,2023,-1
37494107,JMIR,2023,-1
37289490,JMIR,2023,-1
37213169,JMIR,2023,-1
38064253,JMIR,2023,-1
37223985,JMIR,2023,49
37850906,JMIR,2023,0
37824190,JMIR,2023,-1
37204828,JMIR,2023,48
38019578,JMIR,2023,12
37878362,JMIR,2023,19
38048148,JMIR,2023,-1
38157232,JMIR,2023,21
36729569,JMIR,2023,12
37436793,JMIR,2023,0
37782541,JMIR,2023,-1
37104031,JMIR,2023,-1
37467013,JMIR,2023,19
37129934,JMIR,2023,-1
37773625,JMIR,2023,-1
36995756,JMIR,2023,3
36649254,JMIR,2023,0
37498644,JMIR,2023,-1
37971798,JMIR,2023,40
37792443,JMIR,2023,-1
37184899,JMIR,2023,25
37725801,JMIR,2023,-1
36809798,JMIR,2023,0
37930788,JMIR,2023,0
38048156,JMIR,2023,12
36745497,JMIR,2023,14
37902810,JMIR,2023,5
37252791,JMIR,2023,25
37052983,JMIR,2023,-1
36780228,JMIR,2023,-1
37490320,JMIR,2023,0
37535409,JMIR,2023,12
37721800,JMIR,2023,0
37338972,JMIR,2023,24
37490322,JMIR,2023,5
38019579,JMIR,2023,19
38096024,JMIR,2023,-1
37227772,JMIR,2023,13
37747766,JMIR,2023,19
37788078,JMIR,2023,24
37279039,JMIR,2023,24
37027195,JMIR,2023,5
37725422,JMIR,2023,-1
36630301,JMIR,2023,0
37043268,JMIR,2023,27
37874638,JMIR,2023,-1
37486758,JMIR,2023,0
37862082,JMIR,2023,-1
36951897,JMIR,2023,27
36912876,JMIR,2023,5
36787223,JMIR,2023,0
37639297,JMIR,2023,-1
37647117,JMIR,2023,0
37145844,JMIR,2023,25
37490633,JMIR,2023,-1
36862499,JMIR,2023,-1
36689264,JMIR,2023,19
37040629,JMIR,2023,15
37314852,JMIR,2023,0
38100185,JMIR,2023,33
36598798,JMIR,2023,24
37651167,JMIR,2023,6
36656625,JMIR,2023,21
37971792,JMIR,2023,1
37535408,JMIR,2023,19
38157233,JMIR,2023,21
37459159,JMIR,2023,-1
36622741,JMIR,2023,27
37856181,JMIR,2023,6
37594793,JMIR,2023,-1
36862476,JMIR,2023,-1
36976626,JMIR,2023,5
36652291,JMIR,2023,-1
37831495,JMIR,2023,6
37318826,JMIR,2023,-1
37703082,JMIR,2023,24
36884281,JMIR,2023,44
37410526,JMIR,2023,-1
37099371,JMIR,2023,0
37906219,JMIR,2023,0
37656498,JMIR,2023,-1
36602854,JMIR,2023,14
39288409,JMIR,2024,38
39637380,JMIR,2024,-1
38546730,JMIR,2024,-1
38376901,JMIR,2024,-1
39190917,JMIR,2024,-1
38294856,JMIR,2024,0
39586071,JMIR,2024,26
39150748,JMIR,2024,-1
38324769,JMIR,2024,15
39009038,JMIR,2024,6
39269753,JMIR,2024,22
38551633,JMIR,2024,-1
39167442,JMIR,2024,1
39178413,JMIR,2024,47
39591608,JMIR,2024,0
39331460,JMIR,2024,25
39546793,JMIR,2024,6
38354043,JMIR,2024,-1
39141899,JMIR,2024,14
38502160,JMIR,2024,19
38684084,JMIR,2024,-1
38533835,JMIR,2024,-1
38593427,JMIR,2024,0
38776542,JMIR,2024,5
39437381,JMIR,2024,-1
39042442,JMIR,2024,29
38905628,JMIR,2024,-1
39159449,JMIR,2024,24
39226103,JMIR,2024,12
39163598,JMIR,2024,2
39393066,JMIR,2024,-1
38696248,JMIR,2024,-1
39348180,JMIR,2024,-1
39197165,JMIR,2024,9
39418077,JMIR,2024,0
38498021,JMIR,2024,5
39546798,JMIR,2024,-1
38820583,JMIR,2024,25
39073857,JMIR,2024,28
39504550,JMIR,2024,-1
39422989,JMIR,2024,27
39178403,JMIR,2024,2
38236623,JMIR,2024,-1
39331951,JMIR,2024,-1
39325515,JMIR,2024,7
38900529,JMIR,2024,54
38306156,JMIR,2024,-1
38764297,JMIR,2024,2
39151163,JMIR,2024,2
39693619,JMIR,2024,-1
39608002,JMIR,2024,0
39141914,JMIR,2024,45
39631061,JMIR,2024,14
38536236,JMIR,2024,0
39235845,JMIR,2024,25
38252469,JMIR,2024,31
39602197,JMIR,2024,19
38916936,JMIR,2024,32
38976872,JMIR,2024,5
38833299,JMIR,2024,0
38530341,JMIR,2024,-1
39405109,JMIR,2024,-1
38335016,JMIR,2024,-1
39422992,JMIR,2024,24
39163096,JMIR,2024,1
39693620,JMIR,2024,-1
38986127,JMIR,2024,0
39434474,JMIR,2024,45
38842930,JMIR,2024,19
38289657,JMIR,2024,-1
39642364,JMIR,2024,21
39631067,JMIR,2024,5
38700923,JMIR,2024,44
38457201,JMIR,2024,14
39566062,JMIR,2024,-1
39705075,JMIR,2024,0
39437389,JMIR,2024,-1
39589775,JMIR,2024,-1
39496149,JMIR,2024,2
39288377,JMIR,2024,-1
39556831,JMIR,2024,5
39561355,JMIR,2024,-1
39656510,JMIR,2024,19
39008348,JMIR,2024,0
38843521,JMIR,2024,0
39150761,JMIR,2024,12
39602215,JMIR,2024,-1
39509151,JMIR,2024,25
38181492,JMIR,2024,0
38959025,JMIR,2024,-1
39481096,JMIR,2024,-1
39196637,JMIR,2024,27
39481094,JMIR,2024,12
38888947,JMIR,2024,28
39753212,JMIR,2024,-1
38536228,JMIR,2024,-1
38324367,JMIR,2024,14
38954461,JMIR,2024,0
39255486,JMIR,2024,-1
38457208,JMIR,2024,2
39432900,JMIR,2024,-1
39326044,JMIR,2024,19
38241075,JMIR,2024,45
39626227,JMIR,2024,12
39499913,JMIR,2024,2
38568723,JMIR,2024,0
39059003,JMIR,2024,-1
38684079,JMIR,2024,17
39753214,JMIR,2024,25
38412479,JMIR,2024,15
38393776,JMIR,2024,0
39680913,JMIR,2024,0
38739911,JMIR,2024,6
39150767,JMIR,2024,0
39356287,JMIR,2024,-1
39008845,JMIR,2024,12
38980711,JMIR,2024,48
38749399,JMIR,2024,-1
38801766,JMIR,2024,-1
40068142,JMIR,2025,24
40408762,JMIR,2025,21
40153777,JMIR,2025,14
40586741,JMIR,2025,25
39883928,JMIR,2025,-1
41086004,JMIR,2025,5
39847768,JMIR,2025,-1
40966686,JMIR,2025,5
40232773,JMIR,2025,32
40577713,JMIR,2025,-1
40795315,JMIR,2025,32
41118243,JMIR,2025,6
41057045,JMIR,2025,0
40865090,JMIR,2025,19
39977857,JMIR,2025,18
40522721,JMIR,2025,0
41418287,JMIR,2025,-1
40239197,JMIR,2025,-1
41100747,JMIR,2025,-1
39992700,JMIR,2025,-1
40811714,JMIR,2025,24
40537089,JMIR,2025,19
40053793,JMIR,2025,5
41135053,JMIR,2025,-1
39982763,JMIR,2025,-1
40854304,JMIR,2025,-1
40354646,JMIR,2025,48
41370825,JMIR,2025,41
40179386,JMIR,2025,0
40680235,JMIR,2025,1
40882182,JMIR,2025,-1
40053725,JMIR,2025,5
40367512,JMIR,2025,2
40737641,JMIR,2025,24
40053813,JMIR,2025,0
40493390,JMIR,2025,-1
41328480,JMIR,2025,-1
41348933,JMIR,2025,6
41115270,JMIR,2025,-1
40854236,JMIR,2025,2
40561473,JMIR,2025,14
40460318,JMIR,2025,12
40138680,JMIR,2025,24
39869894,JMIR,2025,14
40053718,JMIR,2025,-1
40324167,JMIR,2025,-1
40099801,JMIR,2025,-1
40493513,JMIR,2025,2
40778840,JMIR,2025,-1
41359934,JMIR,2025,-1
39951717,JMIR,2025,0
40561496,JMIR,2025,-1
40882618,JMIR,2025,0
40403297,JMIR,2025,6
40403294,JMIR,2025,-1
40587851,JMIR,2025,25
39965778,JMIR,2025,24
40209213,JMIR,2025,12
40053766,JMIR,2025,-1
40601921,JMIR,2025,-1
41284986,JMIR,2025,30
41105866,JMIR,2025,-1
40903000,JMIR,2025,5
40053817,JMIR,2025,-1
40053755,JMIR,2025,2
41397246,JMIR,2025,27
40663793,JMIR,2025,24
40839789,JMIR,2025,0
40173444,JMIR,2025,14
40937544,JMIR,2025,-1
41259813,JMIR,2025,-1
40138684,JMIR,2025,27
40900618,JMIR,2025,14
40855679,JMIR,2025,14
40680189,JMIR,2025,39
39808479,JMIR,2025,-1
41043132,JMIR,2025,25
40779759,JMIR,2025,19
41086432,JMIR,2025,-1
39753217,JMIR,2025,10
40967620,JMIR,2025,21
41129817,JMIR,2025,0
40053779,JMIR,2025,6
41417575,JMIR,2025,-1
40137051,JMIR,2025,0
40694409,JMIR,2025,-1
41091545,JMIR,2025,28
39869899,JMIR,2025,51
40258598,JMIR,2025,5
41270261,JMIR,2025,14
40397926,JMIR,2025,21
40132181,JMIR,2025,-1
41134968,JMIR,2025,-1
40299494,JMIR,2025,-1
40100249,JMIR,2025,1
41328522,JMIR,2025,0
39889300,JMIR,2025,-1
40053754,JMIR,2025,14
40737673,JMIR,2025,-1
40373305,JMIR,2025,-1
41359952,JMIR,2025,-1
40338636,JMIR,2025,5
40504604,JMIR,2025,-1
39965203,JMIR,2025,5
39913913,JMIR,2025,1
41248495,JMIR,2025,-1
41218199,JMIR,2025,19
40106800,JMIR,2025,-1
41268967,JMIR,2025,-1
40789146,JMIR,2025,-1
40072485,JMIR,2025,-1
40202781,JMIR,2025,19
40690758,JMIR,2025,6
40126552,JMIR,2025,0
40294410,JMIR,2025,41
40424619,JMIR,2025,5
39773548,JMIR,2025,-1
41118643,JMIR,2025,19
40053769,JMIR,2025,-1
39903508,JMIR,2025,6
40396216,JMIR,2025,19
40864894,JMIR,2025,-1
40644691,JMIR,2025,47
40392587,JMIR,2025,19
40512996,JMIR,2025,25
40446288,JMIR,2025,26
40009438,JMIR,2025,26
40815841,JMIR,2025,24
40553514,JMIR,2025,0
40354111,JMIR,2025,21
33311567,npjDigitalMed,2020,5
33293570,npjDigitalMed,2020,10
33299133,npjDigitalMed,2020,15
33299106,npjDigitalMed,2020,-1
33299072,npjDigitalMed,2020,25
33299056,npjDigitalMed,2020,32
33299116,npjDigitalMed,2020,-1
33299071,npjDigitalMed,2020,0
33145440,npjDigitalMed,2020,30
33134556,npjDigitalMed,2020,1
33102789,npjDigitalMed,2020,19
33083571,npjDigitalMed,2020,-1
33083570,npjDigitalMed,2020,-1
33083569,npjDigitalMed,2020,40
33083568,npjDigitalMed,2020,14
33083565,npjDigitalMed,2020,0
33083563,npjDigitalMed,2020,0
33043150,npjDigitalMed,2020,6
33043147,npjDigitalMed,2020,10
33024831,npjDigitalMed,2020,3
33015374,npjDigitalMed,2020,0
33015372,npjDigitalMed,2020,20
32984550,npjDigitalMed,2020,6
32964139,npjDigitalMed,2020,4
32964138,npjDigitalMed,2020,30
32923691,npjDigitalMed,2020,0
32904507,npjDigitalMed,2020,-1
32904246,npjDigitalMed,2020,10
32864472,npjDigitalMed,2020,0
32802969,npjDigitalMed,2020,12
32802968,npjDigitalMed,2020,5
32793811,npjDigitalMed,2020,4
32699826,npjDigitalMed,2020,1
32685700,npjDigitalMed,2020,5
32613085,npjDigitalMed,2020,-1
32596513,npjDigitalMed,2020,13
32577534,npjDigitalMed,2020,-1
32577533,npjDigitalMed,2020,6
32566763,npjDigitalMed,2020,14
32550652,npjDigitalMed,2020,-1
32550644,npjDigitalMed,2020,28
32509975,npjDigitalMed,2020,-1
32509973,npjDigitalMed,2020,-1
32509972,npjDigitalMed,2020,-1
32509971,npjDigitalMed,2020,12
32435701,npjDigitalMed,2020,23
32435699,npjDigitalMed,2020,39
32411828,npjDigitalMed,2020,13
32411827,npjDigitalMed,2020,-1
32377575,npjDigitalMed,2020,0
32352037,npjDigitalMed,2020,8
32352036,npjDigitalMed,2020,1
32337372,npjDigitalMed,2020,7
32337371,npjDigitalMed,2020,-1
32285014,npjDigitalMed,2020,29
32285013,npjDigitalMed,2020,6
32258429,npjDigitalMed,2020,6
32258428,npjDigitalMed,2020,-1
32219185,npjDigitalMed,2020,-1
32219184,npjDigitalMed,2020,21
32219183,npjDigitalMed,2020,4
32219182,npjDigitalMed,2020,42
32195371,npjDigitalMed,2020,21
32195370,npjDigitalMed,2020,-1
32195368,npjDigitalMed,2020,28
32195369,npjDigitalMed,2020,18
32195367,npjDigitalMed,2020,10
32195366,npjDigitalMed,2020,23
32128449,npjDigitalMed,2020,-1
32047863,npjDigitalMed,2020,4
32047860,npjDigitalMed,2020,-1
32025575,npjDigitalMed,2020,18
32025574,npjDigitalMed,2020,-1
32025572,npjDigitalMed,2020,-1
31993508,npjDigitalMed,2020,29
31993507,npjDigitalMed,2020,-1
31993506,npjDigitalMed,2020,42
31993505,npjDigitalMed,2020,-1
31970291,npjDigitalMed,2020,3
34934140,npjDigitalMed,2021,34
34887491,npjDigitalMed,2021,19
34880410,npjDigitalMed,2021,1
34862449,npjDigitalMed,2021,12
34857868,npjDigitalMed,2021,3
34815538,npjDigitalMed,2021,-1
34811479,npjDigitalMed,2021,23
34795398,npjDigitalMed,2021,-1
34782696,npjDigitalMed,2021,1
34764446,npjDigitalMed,2021,3
34711955,npjDigitalMed,2021,-1
34711924,npjDigitalMed,2021,-1
34707226,npjDigitalMed,2021,-1
34671068,npjDigitalMed,2021,-1
34650191,npjDigitalMed,2021,3
34635760,npjDigitalMed,2021,1
34625656,npjDigitalMed,2021,0
34620993,npjDigitalMed,2021,23
34593972,npjDigitalMed,2021,4
34561528,npjDigitalMed,2021,-1
34548621,npjDigitalMed,2021,6
34521985,npjDigitalMed,2021,15
34493770,npjDigitalMed,2021,20
34489519,npjDigitalMed,2021,-1
34480109,npjDigitalMed,2021,3
34404895,npjDigitalMed,2021,5
34381160,npjDigitalMed,2021,-1
34381148,npjDigitalMed,2021,-1
34376797,npjDigitalMed,2021,18
34315980,npjDigitalMed,2021,0
34302027,npjDigitalMed,2021,13
34285316,npjDigitalMed,2021,0
34267296,npjDigitalMed,2021,-1
34211104,npjDigitalMed,2021,10
34193959,npjDigitalMed,2021,25
34127777,npjDigitalMed,2021,23
34112939,npjDigitalMed,2021,0
34083743,npjDigitalMed,2021,-1
34083724,npjDigitalMed,2021,4
34083689,npjDigitalMed,2021,2
34079049,npjDigitalMed,2021,34
34021235,npjDigitalMed,2021,0
33990692,npjDigitalMed,2021,4
33990663,npjDigitalMed,2021,13
33958680,npjDigitalMed,2021,-1
33911176,npjDigitalMed,2021,21
33888856,npjDigitalMed,2021,0
33879844,npjDigitalMed,2021,41
33864009,npjDigitalMed,2021,-1
33846548,npjDigitalMed,2021,0
33846532,npjDigitalMed,2021,0
33824428,npjDigitalMed,2021,15
33782526,npjDigitalMed,2021,0
33772095,npjDigitalMed,2021,14
33772087,npjDigitalMed,2021,0
33772070,npjDigitalMed,2021,51
33762672,npjDigitalMed,2021,15
33742085,npjDigitalMed,2021,6
33731887,npjDigitalMed,2021,18
33712693,npjDigitalMed,2021,0
33707616,npjDigitalMed,2021,10
33692479,npjDigitalMed,2021,-1
33658681,npjDigitalMed,2021,-1
33637859,npjDigitalMed,2021,52
33637842,npjDigitalMed,2021,4
33637833,npjDigitalMed,2021,0
33627777,npjDigitalMed,2021,3
33608629,npjDigitalMed,2021,6
33603193,npjDigitalMed,2021,0
33603132,npjDigitalMed,2021,21
33589706,npjDigitalMed,2021,-1
33589700,npjDigitalMed,2021,30
33580109,npjDigitalMed,2021,45
33574582,npjDigitalMed,2021,0
33574473,npjDigitalMed,2021,0
33564061,npjDigitalMed,2021,0
33558625,npjDigitalMed,2021,24
33446891,npjDigitalMed,2021,0
33420341,npjDigitalMed,2021,1
33420338,npjDigitalMed,2021,-1
33398041,npjDigitalMed,2021,4
33398013,npjDigitalMed,2021,0
36572766,npjDigitalMed,2022,2
36566288,npjDigitalMed,2022,5
36564550,npjDigitalMed,2022,-1
36564452,npjDigitalMed,2022,-1
36550271,npjDigitalMed,2022,29
36550203,npjDigitalMed,2022,-1
36543920,npjDigitalMed,2022,-1
36539473,npjDigitalMed,2022,23
36513808,npjDigitalMed,2022,0
36513770,npjDigitalMed,2022,50
36344814,npjDigitalMed,2022,-1
36329099,npjDigitalMed,2022,4
36307544,npjDigitalMed,2022,-1
36271138,npjDigitalMed,2022,-1
36261469,npjDigitalMed,2022,6
36261476,npjDigitalMed,2022,-1
36253530,npjDigitalMed,2022,0
36180724,npjDigitalMed,2022,40
36138125,npjDigitalMed,2022,-1
36127420,npjDigitalMed,2022,-1
36127417,npjDigitalMed,2022,-1
36123384,npjDigitalMed,2022,-1
36109583,npjDigitalMed,2022,14
36104535,npjDigitalMed,2022,6
36104486,npjDigitalMed,2022,1
36085350,npjDigitalMed,2022,3
36085306,npjDigitalMed,2022,14
36076010,npjDigitalMed,2022,13
36071209,npjDigitalMed,2022,15
36068290,npjDigitalMed,2022,15
36065060,npjDigitalMed,2022,3
36056245,npjDigitalMed,2022,24
36056190,npjDigitalMed,2022,-1
36050460,npjDigitalMed,2022,23
36038708,npjDigitalMed,2022,-1
35999467,npjDigitalMed,2022,30
35999451,npjDigitalMed,2022,-1
35974135,npjDigitalMed,2022,15
35948579,npjDigitalMed,2022,-1
35941355,npjDigitalMed,2022,34
35933478,npjDigitalMed,2022,31
35922663,npjDigitalMed,2022,-1
35896817,npjDigitalMed,2022,-1
35896726,npjDigitalMed,2022,-1
35869169,npjDigitalMed,2022,4
35864312,npjDigitalMed,2022,-1
35854145,npjDigitalMed,2022,-1
35853936,npjDigitalMed,2022,-1
35851612,npjDigitalMed,2022,1
35798934,npjDigitalMed,2022,28
35794240,npjDigitalMed,2022,4
35760819,npjDigitalMed,2022,34
35701668,npjDigitalMed,2022,20
35701537,npjDigitalMed,2022,0
35697864,npjDigitalMed,2022,3
35681002,npjDigitalMed,2022,6
35676451,npjDigitalMed,2022,1
35676445,npjDigitalMed,2022,-1
35672368,npjDigitalMed,2022,20
35654885,npjDigitalMed,2022,5
35606508,npjDigitalMed,2022,3
35595986,npjDigitalMed,2022,6
35545663,npjDigitalMed,2022,5
35538215,npjDigitalMed,2022,0
35513550,npjDigitalMed,2022,28
35477979,npjDigitalMed,2022,22
35469045,npjDigitalMed,2022,-1
35444260,npjDigitalMed,2022,-1
35440684,npjDigitalMed,2022,0
35414651,npjDigitalMed,2022,53
35413988,npjDigitalMed,2022,-1
35396454,npjDigitalMed,2022,-1
35396385,npjDigitalMed,2022,3
35379946,npjDigitalMed,2022,32
35361861,npjDigitalMed,2022,1
35354937,npjDigitalMed,2022,0
35354895,npjDigitalMed,2022,-1
35347222,npjDigitalMed,2022,15
35322172,npjDigitalMed,2022,-1
35304579,npjDigitalMed,2022,3
35260762,npjDigitalMed,2022,0
35256730,npjDigitalMed,2022,4
35236921,npjDigitalMed,2022,22
35149754,npjDigitalMed,2022,0
35087178,npjDigitalMed,2022,-1
35087172,npjDigitalMed,2022,-1
35064182,npjDigitalMed,2022,-1
35039624,npjDigitalMed,2022,1
35017634,npjDigitalMed,2022,21
38135699,npjDigitalMed,2023,0
38123810,npjDigitalMed,2023,21
38114611,npjDigitalMed,2023,1
38114588,npjDigitalMed,2023,-1
38110486,npjDigitalMed,2023,28
38104213,npjDigitalMed,2023,-1
38097719,npjDigitalMed,2023,15
38062115,npjDigitalMed,2023,24
38062079,npjDigitalMed,2023,3
38036723,npjDigitalMed,2023,13
38012349,npjDigitalMed,2023,1
38007604,npjDigitalMed,2023,6
38007554,npjDigitalMed,2023,-1
38001287,npjDigitalMed,2023,34
38001154,npjDigitalMed,2023,13
37993540,npjDigitalMed,2023,-1
37990134,npjDigitalMed,2023,2
37968446,npjDigitalMed,2023,19
37935953,npjDigitalMed,2023,-1
37935901,npjDigitalMed,2023,1
37919418,npjDigitalMed,2023,-1
37903857,npjDigitalMed,2023,-1
37898711,npjDigitalMed,2023,29
37880301,npjDigitalMed,2023,45
37864012,npjDigitalMed,2023,2
37857813,npjDigitalMed,2023,-1
37848531,npjDigitalMed,2023,3
37845275,npjDigitalMed,2023,10
37833395,npjDigitalMed,2023,29
37813960,npjDigitalMed,2023,43
37775624,npjDigitalMed,2023,29
37775533,npjDigitalMed,2023,-1
37775522,npjDigitalMed,2023,12
37723240,npjDigitalMed,2023,5
37709945,npjDigitalMed,2023,40
37709933,npjDigitalMed,2023,19
37700032,npjDigitalMed,2023,-1
37700029,npjDigitalMed,2023,40
37696899,npjDigitalMed,2023,-1
37673925,npjDigitalMed,2023,6
37658233,npjDigitalMed,2023,-1
37658119,npjDigitalMed,2023,6
37626155,npjDigitalMed,2023,40
37620423,npjDigitalMed,2023,2
37620411,npjDigitalMed,2023,24
37612472,npjDigitalMed,2023,53
37608206,npjDigitalMed,2023,3
37604980,npjDigitalMed,2023,1
37604895,npjDigitalMed,2023,13
37598232,npjDigitalMed,2023,-1
37596324,npjDigitalMed,2023,22
37582856,npjDigitalMed,2023,22
37580595,npjDigitalMed,2023,46
37543707,npjDigitalMed,2023,6
37524859,npjDigitalMed,2023,1
37516790,npjDigitalMed,2023,-1
37479735,npjDigitalMed,2023,13
37443276,npjDigitalMed,2023,-1
37438476,npjDigitalMed,2023,22
37433963,npjDigitalMed,2023,-1
37344684,npjDigitalMed,2023,8
37344556,npjDigitalMed,2023,12
37330576,npjDigitalMed,2023,-1
37311802,npjDigitalMed,2023,40
37311940,npjDigitalMed,2023,10
37301946,npjDigitalMed,2023,6
37280429,npjDigitalMed,2023,15
37280346,npjDigitalMed,2023,4
37277550,npjDigitalMed,2023,-1
37277525,npjDigitalMed,2023,14
37268734,npjDigitalMed,2023,1
37268730,npjDigitalMed,2023,4
37258851,npjDigitalMed,2023,-1
37258643,npjDigitalMed,2023,21
37258642,npjDigitalMed,2023,-1
37248317,npjDigitalMed,2023,28
37248288,npjDigitalMed,2023,-1
37244963,npjDigitalMed,2023,43
37231110,npjDigitalMed,2023,0
37217691,npjDigitalMed,2023,-1
37210466,npjDigitalMed,2023,22
37210430,npjDigitalMed,2023,-1
37202443,npjDigitalMed,2023,5
37127660,npjDigitalMed,2023,1
37120493,npjDigitalMed,2023,21
37117458,npjDigitalMed,2023,14
37106034,npjDigitalMed,2023,3
37100924,npjDigitalMed,2023,-1
37100893,npjDigitalMed,2023,21
37100860,npjDigitalMed,2023,6
37186002,npjDigitalMed,2023,15
37069432,npjDigitalMed,2023,-1
37069209,npjDigitalMed,2023,4
37031252,npjDigitalMed,2023,30
37029272,npjDigitalMed,2023,30
37016152,npjDigitalMed,2023,1
36991115,npjDigitalMed,2023,4
36991116,npjDigitalMed,2023,5
36991077,npjDigitalMed,2023,40
36973403,npjDigitalMed,2023,10
36966184,npjDigitalMed,2023,14
36964179,npjDigitalMed,2023,-1
36959234,npjDigitalMed,2023,39
36932150,npjDigitalMed,2023,4
36918625,npjDigitalMed,2023,4
36899082,npjDigitalMed,2023,43
36899073,npjDigitalMed,2023,5
36894653,npjDigitalMed,2023,29
36879025,npjDigitalMed,2023,3
36878957,npjDigitalMed,2023,4
36869222,npjDigitalMed,2023,4
36823348,npjDigitalMed,2023,3
36810915,npjDigitalMed,2023,42
36765123,npjDigitalMed,2023,5
36747065,npjDigitalMed,2023,-1
36737642,npjDigitalMed,2023,54
36737496,npjDigitalMed,2023,-1
36737475,npjDigitalMed,2023,28
36732671,npjDigitalMed,2023,10
36732666,npjDigitalMed,2023,1
36725977,npjDigitalMed,2023,5
36721023,npjDigitalMed,2023,5
36702920,npjDigitalMed,2023,14
36702915,npjDigitalMed,2023,-1
36702878,npjDigitalMed,2023,10
36653524,npjDigitalMed,2023,28
36631665,npjDigitalMed,2023,19
36596833,npjDigitalMed,2023,-1
39715810,npjDigitalMed,2024,12
38200151,npjDigitalMed,2024,49
39271847,npjDigitalMed,2024,-1
39341983,npjDigitalMed,2024,-1
39358559,npjDigitalMed,2024,6
39613828,npjDigitalMed,2024,-1
38570554,npjDigitalMed,2024,2
39702672,npjDigitalMed,2024,28
39349949,npjDigitalMed,2024,-1
39706895,npjDigitalMed,2024,-1
38649447,npjDigitalMed,2024,-1
39414999,npjDigitalMed,2024,-1
38937643,npjDigitalMed,2024,1
39363013,npjDigitalMed,2024,30
39468259,npjDigitalMed,2024,-1
38253738,npjDigitalMed,2024,-1
39095449,npjDigitalMed,2024,-1
39134787,npjDigitalMed,2024,-1
38509224,npjDigitalMed,2024,43
39284871,npjDigitalMed,2024,-1
38862627,npjDigitalMed,2024,-1
39557985,npjDigitalMed,2024,6
39030292,npjDigitalMed,2024,2
39616266,npjDigitalMed,2024,13
39242829,npjDigitalMed,2024,4
38493216,npjDigitalMed,2024,0
38609435,npjDigitalMed,2024,15
39695276,npjDigitalMed,2024,21
39242810,npjDigitalMed,2024,9
38263436,npjDigitalMed,2024,6
39572838,npjDigitalMed,2024,-1
38879663,npjDigitalMed,2024,15
39068241,npjDigitalMed,2024,-1
39112566,npjDigitalMed,2024,10
39277683,npjDigitalMed,2024,42
39443664,npjDigitalMed,2024,2
38182738,npjDigitalMed,2024,29
39271955,npjDigitalMed,2024,2
38654102,npjDigitalMed,2024,2
38332257,npjDigitalMed,2024,22
39354125,npjDigitalMed,2024,5
38969786,npjDigitalMed,2024,3
39390236,npjDigitalMed,2024,14
38609447,npjDigitalMed,2024,5
38622284,npjDigitalMed,2024,-1
38762669,npjDigitalMed,2024,10
38977771,npjDigitalMed,2024,2
39511374,npjDigitalMed,2024,-1
38413767,npjDigitalMed,2024,5
38909083,npjDigitalMed,2024,6
38971902,npjDigitalMed,2024,10
38448743,npjDigitalMed,2024,6
38594477,npjDigitalMed,2024,6
39521935,npjDigitalMed,2024,44
39604584,npjDigitalMed,2024,-1
39567722,npjDigitalMed,2024,2
39489814,npjDigitalMed,2024,13
38355913,npjDigitalMed,2024,0
38834756,npjDigitalMed,2024,21
39562681,npjDigitalMed,2024,-1
38361152,npjDigitalMed,2024,45
38182737,npjDigitalMed,2024,8
38263386,npjDigitalMed,2024,1
38491126,npjDigitalMed,2024,6
38789723,npjDigitalMed,2024,15
38783037,npjDigitalMed,2024,-1
39533053,npjDigitalMed,2024,-1
38704440,npjDigitalMed,2024,10
38744921,npjDigitalMed,2024,-1
39609533,npjDigitalMed,2024,-1
38879640,npjDigitalMed,2024,22
38902477,npjDigitalMed,2024,-1
39501083,npjDigitalMed,2024,10
39181938,npjDigitalMed,2024,10
38824175,npjDigitalMed,2024,4
39616268,npjDigitalMed,2024,3
39427092,npjDigitalMed,2024,43
38594344,npjDigitalMed,2024,6
38429464,npjDigitalMed,2024,-1
39462093,npjDigitalMed,2024,15
39725711,npjDigitalMed,2024,-1
38969775,npjDigitalMed,2024,19
38720011,npjDigitalMed,2024,6
39557997,npjDigitalMed,2024,21
38951560,npjDigitalMed,2024,-1
39695319,npjDigitalMed,2024,21
39343807,npjDigitalMed,2024,24
39702575,npjDigitalMed,2024,52
38341516,npjDigitalMed,2024,22
38729977,npjDigitalMed,2024,3
39169161,npjDigitalMed,2024,5
38184701,npjDigitalMed,2024,18
38789620,npjDigitalMed,2024,5
38499608,npjDigitalMed,2024,11
38890480,npjDigitalMed,2024,3
38409350,npjDigitalMed,2024,2
38368458,npjDigitalMed,2024,3
39152209,npjDigitalMed,2024,10
38600151,npjDigitalMed,2024,-1
38332372,npjDigitalMed,2024,3
38424267,npjDigitalMed,2024,6
39289463,npjDigitalMed,2024,14
39639100,npjDigitalMed,2024,21
38654071,npjDigitalMed,2024,-1
38267608,npjDigitalMed,2024,2
38714751,npjDigitalMed,2024,0
38253711,npjDigitalMed,2024,2
39715803,npjDigitalMed,2024,6
39558021,npjDigitalMed,2024,2
38424186,npjDigitalMed,2024,14
39039218,npjDigitalMed,2024,10
39557995,npjDigitalMed,2024,0
38486092,npjDigitalMed,2024,39
39406888,npjDigitalMed,2024,29
38714742,npjDigitalMed,2024,-1
39443585,npjDigitalMed,2024,-1
39402271,npjDigitalMed,2024,15
38279034,npjDigitalMed,2024,-1
39695173,npjDigitalMed,2024,14
40835713,npjDigitalMed,2025,14
41350804,npjDigitalMed,2025,-1
41136754,npjDigitalMed,2025,2
40676147,npjDigitalMed,2025,6
41136708,npjDigitalMed,2025,2
41390878,npjDigitalMed,2025,6
40442251,npjDigitalMed,2025,-1
41361059,npjDigitalMed,2025,29
41413170,npjDigitalMed,2025,2
40253547,npjDigitalMed,2025,29
41454038,npjDigitalMed,2025,10
41366000,npjDigitalMed,2025,29
39966509,npjDigitalMed,2025,-1
41272096,npjDigitalMed,2025,0
40588668,npjDigitalMed,2025,-1
41249413,npjDigitalMed,2025,-1
40750826,npjDigitalMed,2025,-1
41476119,npjDigitalMed,2025,2
41102258,npjDigitalMed,2025,-1
40629133,npjDigitalMed,2025,2
41034558,npjDigitalMed,2025,14
40676130,npjDigitalMed,2025,12
40425725,npjDigitalMed,2025,34
40216912,npjDigitalMed,2025,10
41291038,npjDigitalMed,2025,-1
39757250,npjDigitalMed,2025,23
41006898,npjDigitalMed,2025,1
41238784,npjDigitalMed,2025,-1
40450151,npjDigitalMed,2025,13
41402582,npjDigitalMed,2025,2
40374901,npjDigitalMed,2025,-1
40603634,npjDigitalMed,2025,23
40523954,npjDigitalMed,2025,10
39870867,npjDigitalMed,2025,14
40517144,npjDigitalMed,2025,13
41398062,npjDigitalMed,2025,-1
40696110,npjDigitalMed,2025,14
40399578,npjDigitalMed,2025,12
41139154,npjDigitalMed,2025,6
40360673,npjDigitalMed,2025,2
40320492,npjDigitalMed,2025,2
40676244,npjDigitalMed,2025,1
40413299,npjDigitalMed,2025,-1
40883417,npjDigitalMed,2025,-1
41102392,npjDigitalMed,2025,2
40195396,npjDigitalMed,2025,13
40055532,npjDigitalMed,2025,2
41184493,npjDigitalMed,2025,-1
39827262,npjDigitalMed,2025,-1
41326644,npjDigitalMed,2025,-1
40269253,npjDigitalMed,2025,2
40617985,npjDigitalMed,2025,3
39966675,npjDigitalMed,2025,-1
41461915,npjDigitalMed,2025,9
40617964,npjDigitalMed,2025,-1
40319185,npjDigitalMed,2025,10
41361015,npjDigitalMed,2025,-1
41392270,npjDigitalMed,2025,4
40467886,npjDigitalMed,2025,40
39820131,npjDigitalMed,2025,41
40517152,npjDigitalMed,2025,-1
39953142,npjDigitalMed,2025,21
41315868,npjDigitalMed,2025,1
40764679,npjDigitalMed,2025,3
39885284,npjDigitalMed,2025,15
40652041,npjDigitalMed,2025,-1
40450111,npjDigitalMed,2025,-1
40082662,npjDigitalMed,2025,2
40335647,npjDigitalMed,2025,-1
40204803,npjDigitalMed,2025,5
40999038,npjDigitalMed,2025,2
40210993,npjDigitalMed,2025,0
41353516,npjDigitalMed,2025,2
41315760,npjDigitalMed,2025,6
41102316,npjDigitalMed,2025,34
41345458,npjDigitalMed,2025,4
40437023,npjDigitalMed,2025,-1
41038974,npjDigitalMed,2025,-1
40826224,npjDigitalMed,2025,2
41249473,npjDigitalMed,2025,38
40133622,npjDigitalMed,2025,4
40542189,npjDigitalMed,2025,10
41408450,npjDigitalMed,2025,1
41366098,npjDigitalMed,2025,24
40069447,npjDigitalMed,2025,28
39833503,npjDigitalMed,2025,10
41102390,npjDigitalMed,2025,-1
40646156,npjDigitalMed,2025,2
40437236,npjDigitalMed,2025,29
40665147,npjDigitalMed,2025,-1
39809874,npjDigitalMed,2025,-1
41350414,npjDigitalMed,2025,5
39789102,npjDigitalMed,2025,34
40374984,npjDigitalMed,2025,25
40664728,npjDigitalMed,2025,53
41420101,npjDigitalMed,2025,10
40804297,npjDigitalMed,2025,0
40419699,npjDigitalMed,2025,-1
39815013,npjDigitalMed,2025,-1
39789235,npjDigitalMed,2025,13
39809918,npjDigitalMed,2025,21
41272279,npjDigitalMed,2025,15
41444425,npjDigitalMed,2025,-1
41261169,npjDigitalMed,2025,4
40849351,npjDigitalMed,2025,-1
40691277,npjDigitalMed,2025,2
39755754,npjDigitalMed,2025,3
41350807,npjDigitalMed,2025,2
40750656,npjDigitalMed,2025,14
41422356,npjDigitalMed,2025,16
41249542,npjDigitalMed,2025,-1
40818998,npjDigitalMed,2025,43
40993183,npjDigitalMed,2025,1
41233470,npjDigitalMed,2025,0
41444764,npjDigitalMed,2025,21
41254183,npjDigitalMed,2025,10
40707601,npjDigitalMed,2025,20
40854957,npjDigitalMed,2025,5
41398057,npjDigitalMed,2025,39
40817280,npjDigitalMed,2025,6
40517143,npjDigitalMed,2025,14
40707584,npjDigitalMed,2025,1
41436590,npjDigitalMed,2025,-1
40050672,npjDigitalMed,2025,43
41266514,npjDigitalMed,2025,-1
40379766,npjDigitalMed,2025,20
40254642,npjDigitalMed,2025,-1
40355575,npjDigitalMed,2025,8
40659721,npjDigitalMed,2025,10
40653573,npjDigitalMed,2025,10
41272076,npjDigitalMed,2025,-1
40461706,npjDigitalMed,2025,6
41057631,npjDigitalMed,2025,-1
40781164,npjDigitalMed,2025,6
41476122,npjDigitalMed,2025,-1
41038966,npjDigitalMed,2025,2
40335679,npjDigitalMed,2025,-1
40610683,npjDigitalMed,2025,-1
40640522,npjDigitalMed,2025,9
40670653,npjDigitalMed,2025,15
40652036,npjDigitalMed,2025,-1
40615632,npjDigitalMed,2025,5
40681745,npjDigitalMed,2025,23
39915652,npjDigitalMed,2025,10
41258135,npjDigitalMed,2025,1
41057566,npjDigitalMed,2025,2
40348936,npjDigitalMed,2025,2
40473916,npjDigitalMed,2025,-1
39885231,npjDigitalMed,2025,4
40665151,npjDigitalMed,2025,-1
40389599,npjDigitalMed,2025,39
39948243,npjDigitalMed,2025,-1
40696002,npjDigitalMed,2025,1
40628992,npjDigitalMed,2025,14
40240489,npjDigitalMed,2025,-1
39870798,npjDigitalMed,2025,43
40057621,npjDigitalMed,2025,12
40204848,npjDigitalMed,2025,0
41162596,npjDigitalMed,2025,-1
41331330,npjDigitalMed,2025,5
40841482,npjDigitalMed,2025,28
40646167,npjDigitalMed,2025,11
41249434,npjDigitalMed,2025,29
41429926,npjDigitalMed,2025,22
41398439,npjDigitalMed,2025,-1
40819002,npjDigitalMed,2025,-1
41249389,npjDigitalMed,2025,12
40038520,npjDigitalMed,2025,6
40247026,npjDigitalMed,2025,0
39962177,npjDigitalMed,2025,1
39994422,npjDigitalMed,2025,-1
40634659,npjDigitalMed,2025,-1
40082599,npjDigitalMed,2025,-1
39915601,npjDigitalMed,2025,1
40312524,npjDigitalMed,2025,1
40764752,npjDigitalMed,2025,-1
40804187,npjDigitalMed,2025,1
40730645,npjDigitalMed,2025,-1
40032989,npjDigitalMed,2025,-1
40155703,npjDigitalMed,2025,2
40830581,npjDigitalMed,2025,0
40731070,npjDigitalMed,2025,6
40696098,npjDigitalMed,2025,2
39890986,npjDigitalMed,2025,23
40745376,npjDigitalMed,2025,3
39885315,npjDigitalMed,2025,-1
40634545,npjDigitalMed,2025,30
41339742,npjDigitalMed,2025,22
41238742,npjDigitalMed,2025,9
40467762,npjDigitalMed,2025,12
41372462,npjDigitalMed,2025,2
39825030,npjDigitalMed,2025,10
39806194,npjDigitalMed,2025,28
40369095,npjDigitalMed,2025,-1
41372566,npjDigitalMed,2025,-1
39863790,npjDigitalMed,2025,-1
39924572,npjDigitalMed,2025,21
40681761,npjDigitalMed,2025,20
40537516,npjDigitalMed,2025,28
40473767,npjDigitalMed,2025,2
40691317,npjDigitalMed,2025,1
39955463,npjDigitalMed,2025,-1
41249382,npjDigitalMed,2025,-1
40108434,npjDigitalMed,2025,6
39994433,npjDigitalMed,2025,10
40360694,npjDigitalMed,2025,-1
40998977,npjDigitalMed,2025,-1
40494920,npjDigitalMed,2025,-1
40745222,npjDigitalMed,2025,-1
39934366,npjDigitalMed,2025,-1
39843957,npjDigitalMed,2025,43
40312534,npjDigitalMed,2025,3
41286354,npjDigitalMed,2025,16
40825834,npjDigitalMed,2025,15
41449203,npjDigitalMed,2025,23
40189628,npjDigitalMed,2025,35
40604240,npjDigitalMed,2025,14
41028413,npjDigitalMed,2025,2
40517140,npjDigitalMed,2025,1
40750663,npjDigitalMed,2025,5
39789117,npjDigitalMed,2025,10
40715566,npjDigitalMed,2025,4
40610592,npjDigitalMed,2025,10
41402452,npjDigitalMed,2025,-1
40329052,npjDigitalMed,2025,34
41315854,npjDigitalMed,2025,2
39910290,npjDigitalMed,2025,6
41254234,npjDigitalMed,2025,-1
40025285,npjDigitalMed,2025,-1
40866452,npjDigitalMed,2025,-1
39799267,npjDigitalMed,2025,29
41249487,npjDigitalMed,2025,1
40188283,npjDigitalMed,2025,10
41258389,npjDigitalMed,2025,3
40011639,npjDigitalMed,2025,6
40494886,npjDigitalMed,2025,6
41429919,npjDigitalMed,2025,15
41272220,npjDigitalMed,2025,-1
40442323,npjDigitalMed,2025,-1
40615666,npjDigitalMed,2025,10
41437146,npjDigitalMed,2025,2
40481318,npjDigitalMed,2025,1
41350404,npjDigitalMed,2025,2
41372518,npjDigitalMed,2025,9
40835721,npjDigitalMed,2025,-1
41381856,npjDigitalMed,2025,21
40316762,npjDigitalMed,2025,-1
41286495,npjDigitalMed,2025,-1
40849403,npjDigitalMed,2025,-1
40537524,npjDigitalMed,2025,15
33328030,LancetDigitalHealth,2020,-1
33328028,LancetDigitalHealth,2020,-1
33328027,LancetDigitalHealth,2020,18
33163951,LancetDigitalHealth,2020,0
33078139,LancetDigitalHealth,2020,18
32984792,LancetDigitalHealth,2020,0
33328084,LancetDigitalHealth,2020,-1
33163952,LancetDigitalHealth,2020,39
33103097,LancetDigitalHealth,2020,14
32905027,LancetDigitalHealth,2020,0
33328049,LancetDigitalHealth,2020,6
33328046,LancetDigitalHealth,2020,6
32984796,LancetDigitalHealth,2020,0
32984794,LancetDigitalHealth,2020,0
32984793,LancetDigitalHealth,2020,0
32838253,LancetDigitalHealth,2020,-1
32838251,LancetDigitalHealth,2020,0
33328115,LancetDigitalHealth,2020,-1
33328111,LancetDigitalHealth,2020,-1
33328110,LancetDigitalHealth,2020,6
32954244,LancetDigitalHealth,2020,-1
32838250,LancetDigitalHealth,2020,-1
32838249,LancetDigitalHealth,2020,0
33328045,LancetDigitalHealth,2020,-1
33328042,LancetDigitalHealth,2020,22
33328041,LancetDigitalHealth,2020,14
32835198,LancetDigitalHealth,2020,0
32835196,LancetDigitalHealth,2020,0
33328096,LancetDigitalHealth,2020,6
33328095,LancetDigitalHealth,2020,-1
33328094,LancetDigitalHealth,2020,4
33328092,LancetDigitalHealth,2020,29
33328090,LancetDigitalHealth,2020,4
33328089,LancetDigitalHealth,2020,4
32835193,LancetDigitalHealth,2020,0
32835192,LancetDigitalHealth,2020,0
33328123,LancetDigitalHealth,2020,10
33328122,LancetDigitalHealth,2020,15
33328120,LancetDigitalHealth,2020,-1
33328118,LancetDigitalHealth,2020,-1
32501440,LancetDigitalHealth,2020,0
32501439,LancetDigitalHealth,2020,0
32501437,LancetDigitalHealth,2020,0
32382724,LancetDigitalHealth,2020,18
32346671,LancetDigitalHealth,2020,0
32322814,LancetDigitalHealth,2020,0
33345805,LancetDigitalHealth,2020,15
33328055,LancetDigitalHealth,2020,1
33328054,LancetDigitalHealth,2020,40
33328053,LancetDigitalHealth,2020,-1
32518898,LancetDigitalHealth,2020,18
32373787,LancetDigitalHealth,2020,18
32373786,LancetDigitalHealth,2020,0
32373785,LancetDigitalHealth,2020,0
32373784,LancetDigitalHealth,2020,18
33334505,LancetDigitalHealth,2020,14
33334504,LancetDigitalHealth,2020,18
33328077,LancetDigitalHealth,2020,18
33328076,LancetDigitalHealth,2020,18
33328075,LancetDigitalHealth,2020,18
33328072,LancetDigitalHealth,2020,36
32864598,LancetDigitalHealth,2020,-1
32309796,LancetDigitalHealth,2020,0
32296776,LancetDigitalHealth,2020,18
33334578,LancetDigitalHealth,2020,22
33334573,LancetDigitalHealth,2020,22
33334572,LancetDigitalHealth,2020,9
33328080,LancetDigitalHealth,2020,18
33328079,LancetDigitalHealth,2020,18
33334566,LancetDigitalHealth,2020,-1
33334564,LancetDigitalHealth,2020,-1
33334563,LancetDigitalHealth,2020,-1
33334561,LancetDigitalHealth,2020,18
33334560,LancetDigitalHealth,2020,-1
33334559,LancetDigitalHealth,2020,19
33334558,LancetDigitalHealth,2020,14
33334556,LancetDigitalHealth,2020,13
32864597,LancetDigitalHealth,2020,34
33328039,LancetDigitalHealth,2020,-1
33328038,LancetDigitalHealth,2020,-1
33328037,LancetDigitalHealth,2020,14
33328036,LancetDigitalHealth,2020,-1
33328034,LancetDigitalHealth,2020,15
32133440,LancetDigitalHealth,2020,-1
34823706,LancetDigitalHealth,2021,0
34823705,LancetDigitalHealth,2021,20
34823704,LancetDigitalHealth,2021,0
34756569,LancetDigitalHealth,2021,-1
34654686,LancetDigitalHealth,2021,0
34625398,LancetDigitalHealth,2021,10
34598906,LancetDigitalHealth,2021,18
34711377,LancetDigitalHealth,2021,-1
34711376,LancetDigitalHealth,2021,15
34711374,LancetDigitalHealth,2021,30
34711372,LancetDigitalHealth,2021,18
34580054,LancetDigitalHealth,2021,34
34561202,LancetDigitalHealth,2021,6
34538736,LancetDigitalHealth,2021,23
34556290,LancetDigitalHealth,2021,0
34556289,LancetDigitalHealth,2021,18
34509423,LancetDigitalHealth,2021,10
34509422,LancetDigitalHealth,2021,10
34481769,LancetDigitalHealth,2021,-1
34481768,LancetDigitalHealth,2021,-1
34481766,LancetDigitalHealth,2021,-1
34479825,LancetDigitalHealth,2021,0
34452874,LancetDigitalHealth,2021,12
34417147,LancetDigitalHealth,2021,39
34446266,LancetDigitalHealth,2021,6
34446265,LancetDigitalHealth,2021,30
34446262,LancetDigitalHealth,2021,-1
34334334,LancetDigitalHealth,2021,3
34334333,LancetDigitalHealth,2021,0
34305035,LancetDigitalHealth,2021,0
34325852,LancetDigitalHealth,2021,6
34325851,LancetDigitalHealth,2021,-1
34325849,LancetDigitalHealth,2021,18
34238721,LancetDigitalHealth,2021,0
34215564,LancetDigitalHealth,2021,1
34167765,LancetDigitalHealth,2021,-1
34167764,LancetDigitalHealth,2021,-1
34167762,LancetDigitalHealth,2021,-1
34120885,LancetDigitalHealth,2021,9
34119450,LancetDigitalHealth,2021,15
34020933,LancetDigitalHealth,2021,18
34045002,LancetDigitalHealth,2021,0
34045000,LancetDigitalHealth,2021,-1
34044999,LancetDigitalHealth,2021,18
34044998,LancetDigitalHealth,2021,0
34044997,LancetDigitalHealth,2021,41
33933404,LancetDigitalHealth,2021,-1
33890579,LancetDigitalHealth,2021,10
33890578,LancetDigitalHealth,2021,10
33836980,LancetDigitalHealth,2021,-1
33812915,LancetDigitalHealth,2021,15
33642239,LancetDigitalHealth,2021,0
33840633,LancetDigitalHealth,2021,18
33766289,LancetDigitalHealth,2021,-1
33766287,LancetDigitalHealth,2021,41
33766286,LancetDigitalHealth,2021,-1
33766285,LancetDigitalHealth,2021,-1
33766284,LancetDigitalHealth,2021,18
33640306,LancetDigitalHealth,2021,-1
33612431,LancetDigitalHealth,2021,0
33610488,LancetDigitalHealth,2021,5
33573999,LancetDigitalHealth,2021,0
33549514,LancetDigitalHealth,2021,31
33549512,LancetDigitalHealth,2021,31
33518503,LancetDigitalHealth,2021,0
33516653,LancetDigitalHealth,2021,18
33509389,LancetDigitalHealth,2021,10
33509387,LancetDigitalHealth,2021,0
33509386,LancetDigitalHealth,2021,0
33509384,LancetDigitalHealth,2021,0
33509383,LancetDigitalHealth,2021,0
33358138,LancetDigitalHealth,2021,6
33735071,LancetDigitalHealth,2021,15
33735070,LancetDigitalHealth,2021,0
33735069,LancetDigitalHealth,2021,10
33735065,LancetDigitalHealth,2021,29
33735064,LancetDigitalHealth,2021,22
33735063,LancetDigitalHealth,2021,10
33735062,LancetDigitalHealth,2021,0
36427951,LancetDigitalHealth,2022,22
36427949,LancetDigitalHealth,2022,-1
36427947,LancetDigitalHealth,2022,-1
36371371,LancetDigitalHealth,2022,15
36333179,LancetDigitalHealth,2022,30
36270956,LancetDigitalHealth,2022,-1
36270955,LancetDigitalHealth,2022,-1
36154811,LancetDigitalHealth,2022,-1
36229345,LancetDigitalHealth,2022,28
36229344,LancetDigitalHealth,2022,18
36192349,LancetDigitalHealth,2022,10
36192348,LancetDigitalHealth,2022,-1
36154810,LancetDigitalHealth,2022,0
36150783,LancetDigitalHealth,2022,0
36057526,LancetDigitalHealth,2022,0
36050271,LancetDigitalHealth,2022,-1
36028289,LancetDigitalHealth,2022,9
36028288,LancetDigitalHealth,2022,-1
36028287,LancetDigitalHealth,2022,-1
35963743,LancetDigitalHealth,2022,18
35961858,LancetDigitalHealth,2022,0
35909059,LancetDigitalHealth,2022,0
35906132,LancetDigitalHealth,2022,-1
35868813,LancetDigitalHealth,2022,19
35803894,LancetDigitalHealth,2022,14
35780037,LancetDigitalHealth,2022,-1
35725824,LancetDigitalHealth,2022,-1
35750398,LancetDigitalHealth,2022,22
35750397,LancetDigitalHealth,2022,0
35690576,LancetDigitalHealth,2022,0
35595677,LancetDigitalHealth,2022,-1
35589549,LancetDigitalHealth,2022,0
35623798,LancetDigitalHealth,2022,41
35623797,LancetDigitalHealth,2022,41
35623796,LancetDigitalHealth,2022,41
35568691,LancetDigitalHealth,2022,-1
35568690,LancetDigitalHealth,2022,-1
35562273,LancetDigitalHealth,2022,1
35466080,LancetDigitalHealth,2022,15
35461692,LancetDigitalHealth,2022,0
35461691,LancetDigitalHealth,2022,-1
35461690,LancetDigitalHealth,2022,22
35461688,LancetDigitalHealth,2022,-1
35461686,LancetDigitalHealth,2022,-1
35396184,LancetDigitalHealth,2022,30
35396183,LancetDigitalHealth,2022,6
35396182,LancetDigitalHealth,2022,6
35367192,LancetDigitalHealth,2022,-1
35341713,LancetDigitalHealth,2022,39
35337644,LancetDigitalHealth,2022,0
35337642,LancetDigitalHealth,2022,0
35337638,LancetDigitalHealth,2022,6
35279398,LancetDigitalHealth,2022,0
35216754,LancetDigitalHealth,2022,5
35216750,LancetDigitalHealth,2022,34
35216748,LancetDigitalHealth,2022,-1
35216746,LancetDigitalHealth,2022,-1
35090678,LancetDigitalHealth,2022,15
35090675,LancetDigitalHealth,2022,-1
35034864,LancetDigitalHealth,2022,0
35034863,LancetDigitalHealth,2022,0
34998740,LancetDigitalHealth,2022,29
34952676,LancetDigitalHealth,2022,45
34952674,LancetDigitalHealth,2022,1
34952673,LancetDigitalHealth,2022,-1
34794930,LancetDigitalHealth,2022,-1
38000876,LancetDigitalHealth,2023,14
38000872,LancetDigitalHealth,2023,-1
38000868,LancetDigitalHealth,2023,-1
38000867,LancetDigitalHealth,2023,-1
37890905,LancetDigitalHealth,2023,38
37890903,LancetDigitalHealth,2023,-1
37890902,LancetDigitalHealth,2023,23
37890900,LancetDigitalHealth,2023,0
37770335,LancetDigitalHealth,2023,30
37640599,LancetDigitalHealth,2023,-1
39492289,LancetDigitalHealth,2023,-1
37775189,LancetDigitalHealth,2023,0
37775188,LancetDigitalHealth,2023,22
37775185,LancetDigitalHealth,2023,22
37775184,LancetDigitalHealth,2023,14
37775183,LancetDigitalHealth,2023,14
37690911,LancetDigitalHealth,2023,22
37652841,LancetDigitalHealth,2023,45
37599148,LancetDigitalHealth,2023,-1
37599147,LancetDigitalHealth,2023,1
37567793,LancetDigitalHealth,2023,-1
37625896,LancetDigitalHealth,2023,6
37625895,LancetDigitalHealth,2023,31
37625894,LancetDigitalHealth,2023,-1
37625893,LancetDigitalHealth,2023,22
37543513,LancetDigitalHealth,2023,34
37537122,LancetDigitalHealth,2023,0
37537121,LancetDigitalHealth,2023,0
37507197,LancetDigitalHealth,2023,5
37507195,LancetDigitalHealth,2023,15
37507194,LancetDigitalHealth,2023,18
37422342,LancetDigitalHealth,2023,30
37393162,LancetDigitalHealth,2023,39
37295972,LancetDigitalHealth,2023,1
37295971,LancetDigitalHealth,2023,1
37391266,LancetDigitalHealth,2023,-1
37391264,LancetDigitalHealth,2023,15
37268451,LancetDigitalHealth,2023,-1
37268450,LancetDigitalHealth,2023,9
37210229,LancetDigitalHealth,2023,-1
37236698,LancetDigitalHealth,2023,-1
37236696,LancetDigitalHealth,2023,1
37236695,LancetDigitalHealth,2023,-1
37236694,LancetDigitalHealth,2023,-1
37120418,LancetDigitalHealth,2023,2
37061351,LancetDigitalHealth,2023,-1
37061350,LancetDigitalHealth,2023,-1
37100544,LancetDigitalHealth,2023,-1
37100543,LancetDigitalHealth,2023,-1
36966119,LancetDigitalHealth,2023,10
36963910,LancetDigitalHealth,2023,0
36963909,LancetDigitalHealth,2023,0
36963907,LancetDigitalHealth,2023,0
36797124,LancetDigitalHealth,2023,-1
36828609,LancetDigitalHealth,2023,-1
36828608,LancetDigitalHealth,2023,-1
36828605,LancetDigitalHealth,2023,-1
36754724,LancetDigitalHealth,2023,-1
36754723,LancetDigitalHealth,2023,2
36707190,LancetDigitalHealth,2023,-1
36707188,LancetDigitalHealth,2023,0
36528541,LancetDigitalHealth,2023,3
36543476,LancetDigitalHealth,2023,15
36543475,LancetDigitalHealth,2023,29
36543474,LancetDigitalHealth,2023,6
36460578,LancetDigitalHealth,2023,13
36424337,LancetDigitalHealth,2023,-1
39613372,LancetDigitalHealth,2024,30
39547912,LancetDigitalHealth,2024,5
39419729,LancetDigitalHealth,2024,14
39455194,LancetDigitalHealth,2024,-1
39455193,LancetDigitalHealth,2024,22
39455192,LancetDigitalHealth,2024,-1
39455191,LancetDigitalHealth,2024,0
39455190,LancetDigitalHealth,2024,-1
39455189,LancetDigitalHealth,2024,-1
39455188,LancetDigitalHealth,2024,18
39332937,LancetDigitalHealth,2024,-1
39332855,LancetDigitalHealth,2024,-1
39332851,LancetDigitalHealth,2024,15
39232986,LancetDigitalHealth,2024,15
39214762,LancetDigitalHealth,2024,40
39214761,LancetDigitalHealth,2024,18
39179311,LancetDigitalHealth,2024,2
39179310,LancetDigitalHealth,2024,-1
39138095,LancetDigitalHealth,2024,54
39112110,LancetDigitalHealth,2024,19
39059888,LancetDigitalHealth,2024,2
39059887,LancetDigitalHealth,2024,0
39059886,LancetDigitalHealth,2024,15
39059885,LancetDigitalHealth,2024,0
39059883,LancetDigitalHealth,2024,18
39059882,LancetDigitalHealth,2024,-1
38981834,LancetDigitalHealth,2024,30
38906617,LancetDigitalHealth,2024,-1
38906616,LancetDigitalHealth,2024,1
38906614,LancetDigitalHealth,2024,34
38906613,LancetDigitalHealth,2024,1
38906610,LancetDigitalHealth,2024,15
38906607,LancetDigitalHealth,2024,2
38906605,LancetDigitalHealth,2024,-1
38906604,LancetDigitalHealth,2024,18
38789142,LancetDigitalHealth,2024,-1
38789141,LancetDigitalHealth,2024,29
38789140,LancetDigitalHealth,2024,-1
38789139,LancetDigitalHealth,2024,45
38789138,LancetDigitalHealth,2024,5
38789137,LancetDigitalHealth,2024,-1
38789136,LancetDigitalHealth,2024,45
38670902,LancetDigitalHealth,2024,15
38670744,LancetDigitalHealth,2024,0
38670743,LancetDigitalHealth,2024,23
38670738,LancetDigitalHealth,2024,6
38670737,LancetDigitalHealth,2024,40
38670736,LancetDigitalHealth,2024,-1
38670735,LancetDigitalHealth,2024,15
38519155,LancetDigitalHealth,2024,1
38519154,LancetDigitalHealth,2024,30
38519153,LancetDigitalHealth,2024,29
38519148,LancetDigitalHealth,2024,-1
38443309,LancetDigitalHealth,2024,34
38402128,LancetDigitalHealth,2024,5
38395540,LancetDigitalHealth,2024,-1
38395537,LancetDigitalHealth,2024,23
38395535,LancetDigitalHealth,2024,-1
38395532,LancetDigitalHealth,2024,-1
38212232,LancetDigitalHealth,2024,-1
38278618,LancetDigitalHealth,2024,18
38278617,LancetDigitalHealth,2024,20
38278615,LancetDigitalHealth,2024,42
38278614,LancetDigitalHealth,2024,40
38278613,LancetDigitalHealth,2024,-1
38123256,LancetDigitalHealth,2024,30
38123249,LancetDigitalHealth,2024,-1
38071118,LancetDigitalHealth,2024,30
38065778,LancetDigitalHealth,2024,-1
37977999,LancetDigitalHealth,2024,-1
37968170,LancetDigitalHealth,2024,-1
41444071,LancetDigitalHealth,2025,-1
41421913,LancetDigitalHealth,2025,14
41419365,LancetDigitalHealth,2025,1
41391983,LancetDigitalHealth,2025,-1
41330821,LancetDigitalHealth,2025,-1
41381302,LancetDigitalHealth,2025,-1
41381301,LancetDigitalHealth,2025,-1
41381300,LancetDigitalHealth,2025,6
41381299,LancetDigitalHealth,2025,6
41372053,LancetDigitalHealth,2025,-1
41290454,LancetDigitalHealth,2025,14
41290453,LancetDigitalHealth,2025,10
41107202,LancetDigitalHealth,2025,3
41073188,LancetDigitalHealth,2025,6
41241581,LancetDigitalHealth,2025,23
41238506,LancetDigitalHealth,2025,-1
41206260,LancetDigitalHealth,2025,-1
41107201,LancetDigitalHealth,2025,1
41027822,LancetDigitalHealth,2025,-1
40866284,LancetDigitalHealth,2025,30
40783350,LancetDigitalHealth,2025,-1
40866283,LancetDigitalHealth,2025,0
40829965,LancetDigitalHealth,2025,39
40769793,LancetDigitalHealth,2025,29
40695651,LancetDigitalHealth,2025,1
40769792,LancetDigitalHealth,2025,22
40752990,LancetDigitalHealth,2025,6
40404544,LancetDigitalHealth,2025,-1
40523832,LancetDigitalHealth,2025,-1
40483215,LancetDigitalHealth,2025,-1
40368744,LancetDigitalHealth,2025,5
40345937,LancetDigitalHealth,2025,-1
40382274,LancetDigitalHealth,2025,-1
40382273,LancetDigitalHealth,2025,18
40374486,LancetDigitalHealth,2025,-1
40360351,LancetDigitalHealth,2025,-1
40204580,LancetDigitalHealth,2025,15
40204579,LancetDigitalHealth,2025,0
40185647,LancetDigitalHealth,2025,10
40148011,LancetDigitalHealth,2025,40
40148010,LancetDigitalHealth,2025,29
40148009,LancetDigitalHealth,2025,29
40148006,LancetDigitalHealth,2025,-1
39709282,LancetDigitalHealth,2025,0
40015765,LancetDigitalHealth,2025,1
40015764,LancetDigitalHealth,2025,-1
40015763,LancetDigitalHealth,2025,-1
40015762,LancetDigitalHealth,2025,21
39904653,LancetDigitalHealth,2025,22
39794174,LancetDigitalHealth,2025,6
39672737,LancetDigitalHealth,2025,-1
39890245,LancetDigitalHealth,2025,0
39890244,LancetDigitalHealth,2025,11
39890243,LancetDigitalHealth,2025,1
39890242,LancetDigitalHealth,2025,29
39890240,LancetDigitalHealth,2025,-1
39890239,LancetDigitalHealth,2025,1
39890238,LancetDigitalHealth,2025,-1
39890237,LancetDigitalHealth,2025,13
39603900,LancetDigitalHealth,2025,43
39722254,LancetDigitalHealth,2025,2
39722253,LancetDigitalHealth,2025,29
39722251,LancetDigitalHealth,2025,2
39722250,LancetDigitalHealth,2025,-1
39722249,LancetDigitalHealth,2025,-1
39701919,LancetDigitalHealth,2025,-1
39665944,LancetDigitalHealth,2025,22
39572283,LancetDigitalHealth,2025,0
39550311,LancetDigitalHealth,2025,14
